Gym has been unmaintained since 2022 and does not support NumPy 2.0 amongst other critical functionality.
Please upgrade to Gymnasium, the maintained drop-in replacement of Gym, or contact the authors of your software and request that they upgrade.
See the migration guide at https://gymnasium.farama.org/introduction/migration_guide/ for additional information.
/home/jose/anaconda3/envs/VLFM_gpu/lib/python3.9/site-packages/fairscale/experimental/nn/offload.py:19: FutureWarning: `torch.cuda.amp.custom_fwd(args...)` is deprecated. Please use `torch.amp.custom_fwd(args..., device_type='cuda')` instead.
  return torch.cuda.amp.custom_fwd(orig_func)  # type: ignore
/home/jose/anaconda3/envs/VLFM_gpu/lib/python3.9/site-packages/fairscale/experimental/nn/offload.py:30: FutureWarning: `torch.cuda.amp.custom_bwd(args...)` is deprecated. Please use `torch.amp.custom_bwd(args..., device_type='cuda')` instead.
  return torch.cuda.amp.custom_bwd(orig_func)  # type: ignore
2026-04-13 12:20:22,226 env config: habitat_baselines:
  evaluate: true
  trainer_name: vlfm
  updater_name: PPO
  distrib_updater_name: DDPPO
  torch_gpu_id: 0
  tensorboard_dir: tb
  writer_type: tb
  video_dir: video_dir
  video_fps: 10
  test_episode_count: 30
  eval_ckpt_path_dir: data/dummy_policy.pth
  num_environments: 1
  num_processes: -1
  rollout_storage_name: RolloutStorage
  checkpoint_folder: data/new_checkpoints
  num_updates: 270000
  num_checkpoints: 100
  checkpoint_interval: -1
  total_num_steps: -1.0
  log_interval: 10
  log_file: train.log
  force_blind_policy: false
  verbose: true
  eval_keys_to_include_in_name: []
  force_torch_single_threaded: true
  wb:
    project_name: ''
    entity: ''
    group: ''
    run_name: ''
  load_resume_state_config: false
  eval:
    split: val_mini
    use_ckpt_config: true
    should_load_ckpt: true
    evals_per_ep: 1
    video_option: []
    extra_sim_sensors: {}
  profiling:
    capture_start_step: -1
    num_steps_to_capture: -1
  rl:
    agent:
      type: SingleAgentAccessMgr
    preemption:
      append_slurm_job_id: false
      save_resume_state_interval: 100
      save_state_batch_only: false
    policy:
      name: HabitatITMPolicyV2
      action_distribution_type: categorical
      action_dist:
        use_log_std: true
        use_softplus: false
        std_init: ???
        log_std_init: 0.0
        use_std_param: false
        clamp_std: true
        min_std: 1.0e-06
        max_std: 1
        min_log_std: -5
        max_log_std: 2
        action_activation: tanh
        scheduled_std: false
      obs_transforms: {}
      hierarchical_policy: ???
      text_prompt: Seems like there is a target_object ahead.
      pointnav_policy_path: data/pointnav_weights.pth
      depth_image_shape:
      - 224
      - 224
      pointnav_stop_radius: 0.9
      use_max_confidence: false
      object_map_erosion_size: 5
      exploration_thresh: 0.0
      obstacle_map_area_threshold: 1.5
      min_obstacle_height: 0.61
      max_obstacle_height: 0.88
      hole_area_thresh: 100000
      use_vqa: false
      vqa_prompt: 'Is this '
      coco_threshold: 0.8
      non_coco_threshold: 0.4
      agent_radius: 0.18
      frontier_selector: cheapest
    ppo:
      clip_param: 0.2
      ppo_epoch: 4
      num_mini_batch: 2
      value_loss_coef: 0.5
      entropy_coef: 0.01
      lr: 0.00025
      eps: 1.0e-05
      max_grad_norm: 0.2
      num_steps: 64
      use_gae: true
      use_linear_lr_decay: false
      use_linear_clip_decay: false
      gamma: 0.99
      tau: 0.95
      reward_window_size: 50
      use_normalized_advantage: false
      hidden_size: 512
      entropy_target_factor: 0.0
      use_adaptive_entropy_pen: false
      use_clipped_value_loss: true
      use_double_buffered_sampler: false
    ddppo:
      sync_frac: 0.6
      distrib_backend: NCCL
      rnn_type: LSTM
      num_recurrent_layers: 2
      backbone: resnet50
      pretrained_weights: data/ddppo-models/gibson-2plus-resnet50.pth
      pretrained: false
      pretrained_encoder: false
      train_encoder: true
      reset_critic: false
      force_distributed: false
    ver:
      variable_experience: true
      num_inference_workers: 2
      overlap_rollouts_and_learn: false
    auxiliary_losses: {}
habitat:
  seed: 100
  env_task: GymHabitatEnv
  env_task_gym_dependencies: []
  env_task_gym_id: ''
  environment:
    max_episode_steps: 500
    max_episode_seconds: 10000000
    iterator_options:
      cycle: true
      shuffle: true
      group_by_scene: true
      num_episode_sample: -1
      max_scene_repeat_episodes: -1
      max_scene_repeat_steps: 50000
      step_repetition_range: 0.2
  simulator:
    type: Sim-v0
    action_space_config: v1
    action_space_config_arguments: {}
    forward_step_size: 0.25
    create_renderer: false
    requires_textures: true
    auto_sleep: false
    step_physics: true
    concur_render: false
    needs_markers: true
    update_articulated_agent: true
    scene: data/scene_datasets/habitat-test-scenes/van-gogh-room.glb
    scene_dataset: default
    additional_object_paths: []
    seed: ${habitat.seed}
    turn_angle: 30
    tilt_angle: 30
    default_agent_id: 0
    debug_render: false
    debug_render_articulated_agent: false
    kinematic_mode: false
    debug_render_goal: true
    robot_joint_start_noise: 0.0
    ctrl_freq: 120.0
    ac_freq_ratio: 4
    load_objs: true
    hold_thresh: 0.15
    grasp_impulse: 10000.0
    agents:
      main_agent:
        height: 0.88
        radius: 0.18
        grasp_managers: 1
        sim_sensors:
          rgb_sensor:
            type: HabitatSimRGBSensor
            height: 480
            width: 640
            position:
            - 0.0
            - 0.88
            - 0.0
            orientation:
            - 0.0
            - 0.0
            - 0.0
            hfov: 79
            sensor_subtype: PINHOLE
            noise_model: None
            noise_model_kwargs: {}
          depth_sensor:
            type: HabitatSimDepthSensor
            height: 480
            width: 640
            position:
            - 0.0
            - 0.88
            - 0.0
            orientation:
            - 0.0
            - 0.0
            - 0.0
            hfov: 79
            sensor_subtype: PINHOLE
            noise_model: None
            noise_model_kwargs: {}
            min_depth: 0.5
            max_depth: 5.0
            normalize_depth: true
        is_set_start_state: false
        start_position:
        - 0.0
        - 0.0
        - 0.0
        start_rotation:
        - 0.0
        - 0.0
        - 0.0
        - 1.0
        joint_start_noise: 0.1
        articulated_agent_urdf: data/robots/hab_fetch/robots/hab_fetch.urdf
        articulated_agent_type: FetchRobot
        ik_arm_urdf: data/robots/hab_fetch/robots/fetch_onlyarm.urdf
        motion_data_path: ''
    agents_order:
    - main_agent
    habitat_sim_v0:
      gpu_device_id: 0
      gpu_gpu: false
      allow_sliding: false
      frustum_culling: true
      enable_physics: false
      physics_config_file: ./data/default.physics_config.json
      leave_context_with_background_renderer: false
      enable_gfx_replay_save: false
    ep_info: null
    object_ids_start: 100
  task:
    reward_measure: distance_to_goal_reward
    success_measure: spl
    success_reward: 2.5
    slack_reward: -0.001
    end_on_success: true
    type: ObjectNav-v1
    lab_sensors:
      objectgoal_sensor:
        type: ObjectGoalSensor
        goal_spec: TASK_CATEGORY_ID
        goal_spec_max_val: 50
      compass_sensor:
        type: CompassSensor
      gps_sensor:
        type: GPSSensor
        dimensionality: 2
      base_explorer:
        type: BaseExplorer
        ang_vel: 10.0
        area_thresh: 3.0
        forward_step_size: 0.25
        fov: 79
        lin_vel: 0.25
        map_resolution: 256
        minimize_time: true
        success_distance: 0.18
        turn_angle: 30.0
        visibility_dist: 4.5
      heading_sensor:
        type: HeadingSensor
      frontier_sensor:
        type: FrontierSensor
    measurements:
      distance_to_goal:
        type: DistanceToGoal
        distance_to: VIEW_POINTS
      success:
        type: Success
        success_distance: 0.1
      spl:
        type: SPL
      soft_spl:
        type: SoftSPL
      distance_to_goal_reward:
        type: DistanceToGoalReward
      frontier_exploration_map:
        type: FrontierExplorationMap
        max_episode_steps: 1000
        map_padding: 3
        map_resolution: 1024
        draw_source: true
        draw_border: true
        draw_shortest_path: true
        draw_view_points: true
        draw_goal_positions: true
        draw_goal_aabbs: true
        fog_of_war:
          draw: true
          visibility_dist: 5.0
          fov: 90
        draw_waypoints: true
      traveled_stairs:
        type: TraveledStairs
    goal_sensor_uuid: objectgoal
    count_obj_collisions: true
    settle_steps: 5
    constraint_violation_ends_episode: true
    constraint_violation_drops_object: false
    force_regenerate: false
    should_save_to_cache: false
    object_in_hand_sample_prob: 0.167
    min_start_distance: 3.0
    render_target: true
    physics_stability_steps: 1
    num_spawn_attempts: 200
    spawn_max_dist_to_obj: 2.0
    base_angle_noise: 0.523599
    ee_sample_factor: 0.2
    ee_exclude_region: 0.0
    base_noise: 0.05
    spawn_region_scale: 0.2
    joint_max_impulse: -1.0
    desired_resting_position:
    - 0.5
    - 0.0
    - 1.0
    use_marker_t: true
    cache_robot_init: false
    success_state: 0.0
    should_enforce_target_within_reach: false
    task_spec_base_path: habitat/task/rearrange/pddl/
    task_spec: ''
    pddl_domain_def: replica_cad
    obj_succ_thresh: 0.3
    enable_safe_drop: false
    art_succ_thresh: 0.15
    robot_at_thresh: 2.0
    filter_nav_to_tasks: []
    actions:
      stop:
        type: StopAction
        agent_index: 0
      move_forward:
        type: MoveForwardAction
        agent_index: 0
      turn_left:
        type: TurnLeftAction
        agent_index: 0
      turn_right:
        type: TurnRightAction
        agent_index: 0
      look_up:
        type: LookUpAction
        agent_index: 0
      look_down:
        type: LookDownAction
        agent_index: 0
  dataset:
    type: ObjectNav-v1
    split: val_mini
    scenes_dir: data/scene_datasets
    content_scenes:
    - '*'
    data_path: data/datasets/objectnav/hm3d/v1/{split}/{split}.json.gz
  gym:
    obs_keys: null
    action_keys: null
    achieved_goal_keys: []
    desired_goal_keys: []

2026-04-13 12:20:22,226 Initializing dataset ObjectNav-v1
0
Gym has been unmaintained since 2022 and does not support NumPy 2.0 amongst other critical functionality.
Please upgrade to Gymnasium, the maintained drop-in replacement of Gym, or contact the authors of your software and request that they upgrade.
See the migration guide at https://gymnasium.farama.org/introduction/migration_guide/ for additional information.
/home/jose/anaconda3/envs/VLFM_gpu/lib/python3.9/site-packages/fairscale/experimental/nn/offload.py:19: FutureWarning: `torch.cuda.amp.custom_fwd(args...)` is deprecated. Please use `torch.amp.custom_fwd(args..., device_type='cuda')` instead.
  return torch.cuda.amp.custom_fwd(orig_func)  # type: ignore
/home/jose/anaconda3/envs/VLFM_gpu/lib/python3.9/site-packages/fairscale/experimental/nn/offload.py:30: FutureWarning: `torch.cuda.amp.custom_bwd(args...)` is deprecated. Please use `torch.amp.custom_bwd(args..., device_type='cuda')` instead.
  return torch.cuda.amp.custom_bwd(orig_func)  # type: ignore
2026-04-13 12:20:25,449 Initializing dataset ObjectNav-v1
2026-04-13 12:20:25,468 initializing sim Sim-v0
[12:20:25:480796]:[Metadata] AttributesManagerBase.h(380)::createFromJsonOrDefaultInternal : <Dataset>: Proposing JSON name : default.scene_dataset_config.json from original name : default| This file does not exist.
[12:20:25:480869]:[Metadata] AssetAttributesManager.cpp(123)::createObject : Asset attributes (capsule3DSolid:capsule3DSolid_hemiRings_4_cylRings_1_segments_12_halfLen_0.75_useTexCoords_false_useTangents_false) created and registered.
[12:20:25:480895]:[Metadata] AssetAttributesManager.cpp(123)::createObject : Asset attributes (capsule3DWireframe:capsule3DWireframe_hemiRings_8_cylRings_1_segments_16_halfLen_1) created and registered.
[12:20:25:480915]:[Metadata] AssetAttributesManager.cpp(123)::createObject : Asset attributes (coneSolid:coneSolid_segments_12_halfLen_1.25_rings_1_useTexCoords_false_useTangents_false_capEnd_true) created and registered.
[12:20:25:480932]:[Metadata] AssetAttributesManager.cpp(123)::createObject : Asset attributes (coneWireframe:coneWireframe_segments_32_halfLen_1.25) created and registered.
[12:20:25:480947]:[Metadata] AssetAttributesManager.cpp(123)::createObject : Asset attributes (cubeSolid:cubeSolid) created and registered.
[12:20:25:480962]:[Metadata] AssetAttributesManager.cpp(123)::createObject : Asset attributes (cubeWireframe:cubeWireframe) created and registered.
[12:20:25:480979]:[Metadata] AssetAttributesManager.cpp(123)::createObject : Asset attributes (cylinderSolid:cylinderSolid_rings_1_segments_12_halfLen_1_useTexCoords_false_useTangents_false_capEnds_true) created and registered.
[12:20:25:480996]:[Metadata] AssetAttributesManager.cpp(123)::createObject : Asset attributes (cylinderWireframe:cylinderWireframe_rings_1_segments_32_halfLen_1) created and registered.
[12:20:25:481011]:[Metadata] AssetAttributesManager.cpp(123)::createObject : Asset attributes (icosphereSolid:icosphereSolid_subdivs_1) created and registered.
[12:20:25:481026]:[Metadata] AssetAttributesManager.cpp(123)::createObject : Asset attributes (icosphereWireframe:icosphereWireframe_subdivs_1) created and registered.
[12:20:25:481041]:[Metadata] AssetAttributesManager.cpp(123)::createObject : Asset attributes (uvSphereSolid:uvSphereSolid_rings_8_segments_16_useTexCoords_false_useTangents_false) created and registered.
[12:20:25:481056]:[Metadata] AssetAttributesManager.cpp(123)::createObject : Asset attributes (uvSphereWireframe:uvSphereWireframe_rings_16_segments_32) created and registered.
[12:20:25:481066]:[Metadata] AssetAttributesManager.cpp(112)::AssetAttributesManager : Built default primitive asset templates : 12
[12:20:25:481274]:[Metadata] SceneDatasetAttributesManager.cpp(37)::createObject : File (default) not found, so new default dataset attributes created  and registered.
[12:20:25:481282]:[Metadata] MetadataMediator.cpp(120)::createSceneDataset : Dataset default successfully created.
[12:20:25:481292]:[Metadata] AttributesManagerBase.h(380)::createFromJsonOrDefaultInternal : <Physics Manager>: Proposing JSON name : ./data/default.physics_config.json from original name : ./data/default.physics_config.json| This file does not exist.
[12:20:25:481305]:[Metadata] PhysicsAttributesManager.cpp(26)::createObject : File (./data/default.physics_config.json) not found, so new default physics manager attributes created and registered.
[12:20:25:481312]:[Metadata] MetadataMediator.cpp(210)::setActiveSceneDatasetName : Attempting to create new dataset ./data/scene_datasets/hm3d/hm3d_annotated_basis.scene_dataset_config.json
[12:20:25:481321]:[Metadata] AttributesManagerBase.h(380)::createFromJsonOrDefaultInternal : <Dataset>: Proposing JSON name : ./data/scene_datasets/hm3d/hm3d_annotated_basis.scene_dataset_config.json from original name : ./data/scene_datasets/hm3d/hm3d_annotated_basis.scene_dataset_config.json| This file exists.
[12:20:25:481406]:[Metadata] AssetAttributesManager.cpp(123)::createObject : Asset attributes (capsule3DSolid:capsule3DSolid_hemiRings_4_cylRings_1_segments_12_halfLen_0.75_useTexCoords_false_useTangents_false) created and registered.
[12:20:25:481424]:[Metadata] AssetAttributesManager.cpp(123)::createObject : Asset attributes (capsule3DWireframe:capsule3DWireframe_hemiRings_8_cylRings_1_segments_16_halfLen_1) created and registered.
[12:20:25:481440]:[Metadata] AssetAttributesManager.cpp(123)::createObject : Asset attributes (coneSolid:coneSolid_segments_12_halfLen_1.25_rings_1_useTexCoords_false_useTangents_false_capEnd_true) created and registered.
[12:20:25:481456]:[Metadata] AssetAttributesManager.cpp(123)::createObject : Asset attributes (coneWireframe:coneWireframe_segments_32_halfLen_1.25) created and registered.
[12:20:25:481470]:[Metadata] AssetAttributesManager.cpp(123)::createObject : Asset attributes (cubeSolid:cubeSolid) created and registered.
[12:20:25:481482]:[Metadata] AssetAttributesManager.cpp(123)::createObject : Asset attributes (cubeWireframe:cubeWireframe) created and registered.
[12:20:25:481497]:[Metadata] AssetAttributesManager.cpp(123)::createObject : Asset attributes (cylinderSolid:cylinderSolid_rings_1_segments_12_halfLen_1_useTexCoords_false_useTangents_false_capEnds_true) created and registered.
[12:20:25:481512]:[Metadata] AssetAttributesManager.cpp(123)::createObject : Asset attributes (cylinderWireframe:cylinderWireframe_rings_1_segments_32_halfLen_1) created and registered.
[12:20:25:481525]:[Metadata] AssetAttributesManager.cpp(123)::createObject : Asset attributes (icosphereSolid:icosphereSolid_subdivs_1) created and registered.
[12:20:25:481538]:[Metadata] AssetAttributesManager.cpp(123)::createObject : Asset attributes (icosphereWireframe:icosphereWireframe_subdivs_1) created and registered.
[12:20:25:481552]:[Metadata] AssetAttributesManager.cpp(123)::createObject : Asset attributes (uvSphereSolid:uvSphereSolid_rings_8_segments_16_useTexCoords_false_useTangents_false) created and registered.
[12:20:25:481566]:[Metadata] AssetAttributesManager.cpp(123)::createObject : Asset attributes (uvSphereWireframe:uvSphereWireframe_rings_16_segments_32) created and registered.
[12:20:25:481575]:[Metadata] AssetAttributesManager.cpp(112)::AssetAttributesManager : Built default primitive asset templates : 12
[12:20:25:481726]:[Metadata] SceneDatasetAttributesManager.cpp(310)::readDatasetJSONCell : "stages.default_attributes" set in Attributes Manager from JSON.
[12:20:25:481747]:[Metadata] AttributesManagerBase.h(357)::buildAttrSrcPathsFromJSONAndLoad : No Glob path result for ./data/scene_datasets/hm3d/example/00861-GLAQ4DNUx5U/*.basis.glb
[12:20:25:481758]:[Metadata] AttributesManagerBase.h(357)::buildAttrSrcPathsFromJSONAndLoad : No Glob path result for ./data/scene_datasets/hm3d/minival/00800-TEEsavR23oF/*.basis.glb
[12:20:25:481767]:[Metadata] AttributesManagerBase.h(357)::buildAttrSrcPathsFromJSONAndLoad : No Glob path result for ./data/scene_datasets/hm3d/minival/00802-wcojb4TFT35/*.basis.glb
[12:20:25:481776]:[Metadata] AttributesManagerBase.h(357)::buildAttrSrcPathsFromJSONAndLoad : No Glob path result for ./data/scene_datasets/hm3d/minival/00803-k1cupFYWXJ6/*.basis.glb
[12:20:25:481784]:[Metadata] AttributesManagerBase.h(357)::buildAttrSrcPathsFromJSONAndLoad : No Glob path result for ./data/scene_datasets/hm3d/minival/00808-y9hTuugGdiq/*.basis.glb
[12:20:25:481794]:[Metadata] AttributesManagerBase.h(357)::buildAttrSrcPathsFromJSONAndLoad : No Glob path result for ./data/scene_datasets/hm3d/test/00900-XRJ2muKkwAV/*.basis.glb
[12:20:25:481802]:[Metadata] AttributesManagerBase.h(357)::buildAttrSrcPathsFromJSONAndLoad : No Glob path result for ./data/scene_datasets/hm3d/test/00901-aJoC8Qw6xQ5/*.basis.glb
[12:20:25:481811]:[Metadata] AttributesManagerBase.h(357)::buildAttrSrcPathsFromJSONAndLoad : No Glob path result for ./data/scene_datasets/hm3d/test/00904-S9CUp5RsFY9/*.basis.glb
[12:20:25:481820]:[Metadata] AttributesManagerBase.h(357)::buildAttrSrcPathsFromJSONAndLoad : No Glob path result for ./data/scene_datasets/hm3d/test/00905-9v5HzFAB1cm/*.basis.glb
[12:20:25:481828]:[Metadata] AttributesManagerBase.h(357)::buildAttrSrcPathsFromJSONAndLoad : No Glob path result for ./data/scene_datasets/hm3d/test/00907-WGxjrSp71zX/*.basis.glb
[12:20:25:481837]:[Metadata] AttributesManagerBase.h(357)::buildAttrSrcPathsFromJSONAndLoad : No Glob path result for ./data/scene_datasets/hm3d/test/00909-MrKys1cv4jD/*.basis.glb
[12:20:25:481845]:[Metadata] AttributesManagerBase.h(357)::buildAttrSrcPathsFromJSONAndLoad : No Glob path result for ./data/scene_datasets/hm3d/test/00910-jE7Qzu3FyJD/*.basis.glb
[12:20:25:481854]:[Metadata] AttributesManagerBase.h(357)::buildAttrSrcPathsFromJSONAndLoad : No Glob path result for ./data/scene_datasets/hm3d/test/00911-a8h4mZT8buN/*.basis.glb
[12:20:25:481862]:[Metadata] AttributesManagerBase.h(357)::buildAttrSrcPathsFromJSONAndLoad : No Glob path result for ./data/scene_datasets/hm3d/test/00913-URu5ybF8PrH/*.basis.glb
[12:20:25:481871]:[Metadata] AttributesManagerBase.h(357)::buildAttrSrcPathsFromJSONAndLoad : No Glob path result for ./data/scene_datasets/hm3d/test/00914-TxyEAAVD4iD/*.basis.glb
[12:20:25:481879]:[Metadata] AttributesManagerBase.h(357)::buildAttrSrcPathsFromJSONAndLoad : No Glob path result for ./data/scene_datasets/hm3d/test/00915-ieavb8rbmA9/*.basis.glb
[12:20:25:481888]:[Metadata] AttributesManagerBase.h(357)::buildAttrSrcPathsFromJSONAndLoad : No Glob path result for ./data/scene_datasets/hm3d/test/00918-NQX2SZD1TMJ/*.basis.glb
[12:20:25:481896]:[Metadata] AttributesManagerBase.h(357)::buildAttrSrcPathsFromJSONAndLoad : No Glob path result for ./data/scene_datasets/hm3d/test/00921-nhtTwUrWv7v/*.basis.glb
[12:20:25:481905]:[Metadata] AttributesManagerBase.h(357)::buildAttrSrcPathsFromJSONAndLoad : No Glob path result for ./data/scene_datasets/hm3d/test/00925-4QUpJVDQ1DN/*.basis.glb
[12:20:25:481914]:[Metadata] AttributesManagerBase.h(357)::buildAttrSrcPathsFromJSONAndLoad : No Glob path result for ./data/scene_datasets/hm3d/test/00926-egVUByjgpHU/*.basis.glb
[12:20:25:481922]:[Metadata] AttributesManagerBase.h(357)::buildAttrSrcPathsFromJSONAndLoad : No Glob path result for ./data/scene_datasets/hm3d/test/00927-kucQY8TbKkz/*.basis.glb
[12:20:25:481931]:[Metadata] AttributesManagerBase.h(357)::buildAttrSrcPathsFromJSONAndLoad : No Glob path result for ./data/scene_datasets/hm3d/test/00929-azb2LDaMrGZ/*.basis.glb
[12:20:25:481940]:[Metadata] AttributesManagerBase.h(357)::buildAttrSrcPathsFromJSONAndLoad : No Glob path result for ./data/scene_datasets/hm3d/test/00939-VedHjk858Vu/*.basis.glb
[12:20:25:481948]:[Metadata] AttributesManagerBase.h(357)::buildAttrSrcPathsFromJSONAndLoad : No Glob path result for ./data/scene_datasets/hm3d/test/00940-oHcTqmvveM7/*.basis.glb
[12:20:25:481957]:[Metadata] AttributesManagerBase.h(357)::buildAttrSrcPathsFromJSONAndLoad : No Glob path result for ./data/scene_datasets/hm3d/test/00947-fyZC1Whhj9i/*.basis.glb
[12:20:25:481966]:[Metadata] AttributesManagerBase.h(357)::buildAttrSrcPathsFromJSONAndLoad : No Glob path result for ./data/scene_datasets/hm3d/test/00951-RGvKsZAErEk/*.basis.glb
[12:20:25:481974]:[Metadata] AttributesManagerBase.h(357)::buildAttrSrcPathsFromJSONAndLoad : No Glob path result for ./data/scene_datasets/hm3d/test/00952-ogAZhviACbN/*.basis.glb
[12:20:25:481983]:[Metadata] AttributesManagerBase.h(357)::buildAttrSrcPathsFromJSONAndLoad : No Glob path result for ./data/scene_datasets/hm3d/test/00955-5TxBa2qkcAh/*.basis.glb
[12:20:25:481992]:[Metadata] AttributesManagerBase.h(357)::buildAttrSrcPathsFromJSONAndLoad : No Glob path result for ./data/scene_datasets/hm3d/test/00956-oNiVkiFKkAr/*.basis.glb
[12:20:25:482000]:[Metadata] AttributesManagerBase.h(357)::buildAttrSrcPathsFromJSONAndLoad : No Glob path result for ./data/scene_datasets/hm3d/test/00957-DowRMDn4MVe/*.basis.glb
[12:20:25:482009]:[Metadata] AttributesManagerBase.h(357)::buildAttrSrcPathsFromJSONAndLoad : No Glob path result for ./data/scene_datasets/hm3d/test/00961-dU7KLdn2Kcd/*.basis.glb
[12:20:25:482018]:[Metadata] AttributesManagerBase.h(357)::buildAttrSrcPathsFromJSONAndLoad : No Glob path result for ./data/scene_datasets/hm3d/test/00963-awRQoguC7TN/*.basis.glb
[12:20:25:482026]:[Metadata] AttributesManagerBase.h(357)::buildAttrSrcPathsFromJSONAndLoad : No Glob path result for ./data/scene_datasets/hm3d/test/00967-XwXCfkthawu/*.basis.glb
[12:20:25:482035]:[Metadata] AttributesManagerBase.h(357)::buildAttrSrcPathsFromJSONAndLoad : No Glob path result for ./data/scene_datasets/hm3d/test/00970-kUmc6DP2tff/*.basis.glb
[12:20:25:482043]:[Metadata] AttributesManagerBase.h(357)::buildAttrSrcPathsFromJSONAndLoad : No Glob path result for ./data/scene_datasets/hm3d/test/00977-1cQ7WUQgXJ4/*.basis.glb
[12:20:25:482052]:[Metadata] AttributesManagerBase.h(357)::buildAttrSrcPathsFromJSONAndLoad : No Glob path result for ./data/scene_datasets/hm3d/test/00978-sZJ5zo6FrEe/*.basis.glb
[12:20:25:482061]:[Metadata] AttributesManagerBase.h(357)::buildAttrSrcPathsFromJSONAndLoad : No Glob path result for ./data/scene_datasets/hm3d/test/00981-Rp8JNfstaew/*.basis.glb
[12:20:25:482069]:[Metadata] AttributesManagerBase.h(357)::buildAttrSrcPathsFromJSONAndLoad : No Glob path result for ./data/scene_datasets/hm3d/test/00985-3ZJjFFjJKqZ/*.basis.glb
[12:20:25:482082]:[Metadata] AttributesManagerBase.h(357)::buildAttrSrcPathsFromJSONAndLoad : No Glob path result for ./data/scene_datasets/hm3d/test/00989-t9gvgFMoH4R/*.basis.glb
[12:20:25:482090]:[Metadata] AttributesManagerBase.h(357)::buildAttrSrcPathsFromJSONAndLoad : No Glob path result for ./data/scene_datasets/hm3d/test/00992-G3AqUkGnykx/*.basis.glb
[12:20:25:482099]:[Metadata] AttributesManagerBase.h(357)::buildAttrSrcPathsFromJSONAndLoad : No Glob path result for ./data/scene_datasets/hm3d/train/00006-HkseAnWCgqk/*.basis.glb
[12:20:25:482108]:[Metadata] AttributesManagerBase.h(357)::buildAttrSrcPathsFromJSONAndLoad : No Glob path result for ./data/scene_datasets/hm3d/train/00009-vLpv2VX547B/*.basis.glb
[12:20:25:482116]:[Metadata] AttributesManagerBase.h(357)::buildAttrSrcPathsFromJSONAndLoad : No Glob path result for ./data/scene_datasets/hm3d/train/00016-qk9eeNeR4vw/*.basis.glb
[12:20:25:482125]:[Metadata] AttributesManagerBase.h(357)::buildAttrSrcPathsFromJSONAndLoad : No Glob path result for ./data/scene_datasets/hm3d/train/00017-oEPjPNSPmzL/*.basis.glb
[12:20:25:482134]:[Metadata] AttributesManagerBase.h(357)::buildAttrSrcPathsFromJSONAndLoad : No Glob path result for ./data/scene_datasets/hm3d/train/00020-XYyR54sxe6b/*.basis.glb
[12:20:25:482142]:[Metadata] AttributesManagerBase.h(357)::buildAttrSrcPathsFromJSONAndLoad : No Glob path result for ./data/scene_datasets/hm3d/train/00022-gmuS7Wgsbrx/*.basis.glb
[12:20:25:482150]:[Metadata] AttributesManagerBase.h(357)::buildAttrSrcPathsFromJSONAndLoad : No Glob path result for ./data/scene_datasets/hm3d/train/00023-zepmXAdrpjR/*.basis.glb
[12:20:25:482159]:[Metadata] AttributesManagerBase.h(357)::buildAttrSrcPathsFromJSONAndLoad : No Glob path result for ./data/scene_datasets/hm3d/train/00025-ixTj1aTMup2/*.basis.glb
[12:20:25:482168]:[Metadata] AttributesManagerBase.h(357)::buildAttrSrcPathsFromJSONAndLoad : No Glob path result for ./data/scene_datasets/hm3d/train/00031-Wo6kuutE9i7/*.basis.glb
[12:20:25:482176]:[Metadata] AttributesManagerBase.h(357)::buildAttrSrcPathsFromJSONAndLoad : No Glob path result for ./data/scene_datasets/hm3d/train/00033-oPj9qMxrDEa/*.basis.glb
[12:20:25:482185]:[Metadata] AttributesManagerBase.h(357)::buildAttrSrcPathsFromJSONAndLoad : No Glob path result for ./data/scene_datasets/hm3d/train/00034-6imZUJGRUq4/*.basis.glb
[12:20:25:482193]:[Metadata] AttributesManagerBase.h(357)::buildAttrSrcPathsFromJSONAndLoad : No Glob path result for ./data/scene_datasets/hm3d/train/00035-3XYAD64HpDr/*.basis.glb
[12:20:25:482202]:[Metadata] AttributesManagerBase.h(357)::buildAttrSrcPathsFromJSONAndLoad : No Glob path result for ./data/scene_datasets/hm3d/train/00043-Jfyvj3xn2aJ/*.basis.glb
[12:20:25:482210]:[Metadata] AttributesManagerBase.h(357)::buildAttrSrcPathsFromJSONAndLoad : No Glob path result for ./data/scene_datasets/hm3d/train/00055-HxmXPBbFCkH/*.basis.glb
[12:20:25:482218]:[Metadata] AttributesManagerBase.h(357)::buildAttrSrcPathsFromJSONAndLoad : No Glob path result for ./data/scene_datasets/hm3d/train/00057-1UnKg1rAb8A/*.basis.glb
[12:20:25:482228]:[Metadata] AttributesManagerBase.h(357)::buildAttrSrcPathsFromJSONAndLoad : No Glob path result for ./data/scene_datasets/hm3d/train/00059-kJxT5qssH4H/*.basis.glb
[12:20:25:482237]:[Metadata] AttributesManagerBase.h(357)::buildAttrSrcPathsFromJSONAndLoad : No Glob path result for ./data/scene_datasets/hm3d/train/00062-ACZZiU6BXLz/*.basis.glb
[12:20:25:482246]:[Metadata] AttributesManagerBase.h(357)::buildAttrSrcPathsFromJSONAndLoad : No Glob path result for ./data/scene_datasets/hm3d/train/00064-gQgtJ9Stk5s/*.basis.glb
[12:20:25:482254]:[Metadata] AttributesManagerBase.h(357)::buildAttrSrcPathsFromJSONAndLoad : No Glob path result for ./data/scene_datasets/hm3d/train/00081-5biL7VEkByM/*.basis.glb
[12:20:25:482262]:[Metadata] AttributesManagerBase.h(357)::buildAttrSrcPathsFromJSONAndLoad : No Glob path result for ./data/scene_datasets/hm3d/train/00087-YY8rqV6L6rf/*.basis.glb
[12:20:25:482271]:[Metadata] AttributesManagerBase.h(357)::buildAttrSrcPathsFromJSONAndLoad : No Glob path result for ./data/scene_datasets/hm3d/train/00096-6HRFAUDqpTb/*.basis.glb
[12:20:25:482279]:[Metadata] AttributesManagerBase.h(357)::buildAttrSrcPathsFromJSONAndLoad : No Glob path result for ./data/scene_datasets/hm3d/train/00099-226REUyJh2K/*.basis.glb
[12:20:25:482289]:[Metadata] AttributesManagerBase.h(357)::buildAttrSrcPathsFromJSONAndLoad : No Glob path result for ./data/scene_datasets/hm3d/train/00105-xWvSkKiWQpC/*.basis.glb
[12:20:25:482298]:[Metadata] AttributesManagerBase.h(357)::buildAttrSrcPathsFromJSONAndLoad : No Glob path result for ./data/scene_datasets/hm3d/train/00108-oStKKWkQ1id/*.basis.glb
[12:20:25:482306]:[Metadata] AttributesManagerBase.h(357)::buildAttrSrcPathsFromJSONAndLoad : No Glob path result for ./data/scene_datasets/hm3d/train/00109-GTV2Y73Sn5t/*.basis.glb
[12:20:25:482315]:[Metadata] AttributesManagerBase.h(357)::buildAttrSrcPathsFromJSONAndLoad : No Glob path result for ./data/scene_datasets/hm3d/train/00135-HeSYRw7eMtG/*.basis.glb
[12:20:25:482323]:[Metadata] AttributesManagerBase.h(357)::buildAttrSrcPathsFromJSONAndLoad : No Glob path result for ./data/scene_datasets/hm3d/train/00141-iigzG1rtanx/*.basis.glb
[12:20:25:482332]:[Metadata] AttributesManagerBase.h(357)::buildAttrSrcPathsFromJSONAndLoad : No Glob path result for ./data/scene_datasets/hm3d/train/00143-5Kw4nGdqYtS/*.basis.glb
[12:20:25:482340]:[Metadata] AttributesManagerBase.h(357)::buildAttrSrcPathsFromJSONAndLoad : No Glob path result for ./data/scene_datasets/hm3d/train/00149-UuwwmrTsfBN/*.basis.glb
[12:20:25:482349]:[Metadata] AttributesManagerBase.h(357)::buildAttrSrcPathsFromJSONAndLoad : No Glob path result for ./data/scene_datasets/hm3d/train/00150-LcAd9dhvVwh/*.basis.glb
[12:20:25:482358]:[Metadata] AttributesManagerBase.h(357)::buildAttrSrcPathsFromJSONAndLoad : No Glob path result for ./data/scene_datasets/hm3d/train/00155-iLDo95ZbDJq/*.basis.glb
[12:20:25:482366]:[Metadata] AttributesManagerBase.h(357)::buildAttrSrcPathsFromJSONAndLoad : No Glob path result for ./data/scene_datasets/hm3d/train/00164-XfUxBGTFQQb/*.basis.glb
[12:20:25:482375]:[Metadata] AttributesManagerBase.h(357)::buildAttrSrcPathsFromJSONAndLoad : No Glob path result for ./data/scene_datasets/hm3d/train/00166-RaYrxWt5pR1/*.basis.glb
[12:20:25:482384]:[Metadata] AttributesManagerBase.h(357)::buildAttrSrcPathsFromJSONAndLoad : No Glob path result for ./data/scene_datasets/hm3d/train/00168-bHKTDQFJxTw/*.basis.glb
[12:20:25:482392]:[Metadata] AttributesManagerBase.h(357)::buildAttrSrcPathsFromJSONAndLoad : No Glob path result for ./data/scene_datasets/hm3d/train/00172-bB6nKqfsb1z/*.basis.glb
[12:20:25:482400]:[Metadata] AttributesManagerBase.h(357)::buildAttrSrcPathsFromJSONAndLoad : No Glob path result for ./data/scene_datasets/hm3d/train/00173-qZ4B7U6XE5Y/*.basis.glb
[12:20:25:482409]:[Metadata] AttributesManagerBase.h(357)::buildAttrSrcPathsFromJSONAndLoad : No Glob path result for ./data/scene_datasets/hm3d/train/00177-VSxVP19Cdyw/*.basis.glb
[12:20:25:482417]:[Metadata] AttributesManagerBase.h(357)::buildAttrSrcPathsFromJSONAndLoad : No Glob path result for ./data/scene_datasets/hm3d/train/00179-MVVzj944atG/*.basis.glb
[12:20:25:482427]:[Metadata] AttributesManagerBase.h(357)::buildAttrSrcPathsFromJSONAndLoad : No Glob path result for ./data/scene_datasets/hm3d/train/00188-dQrLTxHvLXU/*.basis.glb
[12:20:25:482436]:[Metadata] AttributesManagerBase.h(357)::buildAttrSrcPathsFromJSONAndLoad : No Glob path result for ./data/scene_datasets/hm3d/train/00203-VoVGtfYrpuQ/*.basis.glb
[12:20:25:482444]:[Metadata] AttributesManagerBase.h(357)::buildAttrSrcPathsFromJSONAndLoad : No Glob path result for ./data/scene_datasets/hm3d/train/00205-NEVASPhcrxR/*.basis.glb
[12:20:25:482452]:[Metadata] AttributesManagerBase.h(357)::buildAttrSrcPathsFromJSONAndLoad : No Glob path result for ./data/scene_datasets/hm3d/train/00207-FRQ75PjD278/*.basis.glb
[12:20:25:482462]:[Metadata] AttributesManagerBase.h(357)::buildAttrSrcPathsFromJSONAndLoad : No Glob path result for ./data/scene_datasets/hm3d/train/00210-j2EJhFEQGCL/*.basis.glb
[12:20:25:482471]:[Metadata] AttributesManagerBase.h(357)::buildAttrSrcPathsFromJSONAndLoad : No Glob path result for ./data/scene_datasets/hm3d/train/00217-qz3829g1Lzf/*.basis.glb
[12:20:25:482479]:[Metadata] AttributesManagerBase.h(357)::buildAttrSrcPathsFromJSONAndLoad : No Glob path result for ./data/scene_datasets/hm3d/train/00222-g8Xrdbe9fir/*.basis.glb
[12:20:25:482487]:[Metadata] AttributesManagerBase.h(357)::buildAttrSrcPathsFromJSONAndLoad : No Glob path result for ./data/scene_datasets/hm3d/train/00234-nACV8wLu1u5/*.basis.glb
[12:20:25:482496]:[Metadata] AttributesManagerBase.h(357)::buildAttrSrcPathsFromJSONAndLoad : No Glob path result for ./data/scene_datasets/hm3d/train/00238-j6fHrce9pHR/*.basis.glb
[12:20:25:482505]:[Metadata] AttributesManagerBase.h(357)::buildAttrSrcPathsFromJSONAndLoad : No Glob path result for ./data/scene_datasets/hm3d/train/00241-h6nwVLpAKQz/*.basis.glb
[12:20:25:482513]:[Metadata] AttributesManagerBase.h(357)::buildAttrSrcPathsFromJSONAndLoad : No Glob path result for ./data/scene_datasets/hm3d/train/00245-741Fdj7NLF9/*.basis.glb
[12:20:25:482522]:[Metadata] AttributesManagerBase.h(357)::buildAttrSrcPathsFromJSONAndLoad : No Glob path result for ./data/scene_datasets/hm3d/train/00250-U3oQjwTuMX8/*.basis.glb
[12:20:25:482530]:[Metadata] AttributesManagerBase.h(357)::buildAttrSrcPathsFromJSONAndLoad : No Glob path result for ./data/scene_datasets/hm3d/train/00251-wsAYBFtQaL7/*.basis.glb
[12:20:25:482538]:[Metadata] AttributesManagerBase.h(357)::buildAttrSrcPathsFromJSONAndLoad : No Glob path result for ./data/scene_datasets/hm3d/train/00254-YMNvYDhK8mB/*.basis.glb
[12:20:25:482547]:[Metadata] AttributesManagerBase.h(357)::buildAttrSrcPathsFromJSONAndLoad : No Glob path result for ./data/scene_datasets/hm3d/train/00255-NGyoyh91xXJ/*.basis.glb
[12:20:25:482555]:[Metadata] AttributesManagerBase.h(357)::buildAttrSrcPathsFromJSONAndLoad : No Glob path result for ./data/scene_datasets/hm3d/train/00256-92vYG1q49FY/*.basis.glb
[12:20:25:482564]:[Metadata] AttributesManagerBase.h(357)::buildAttrSrcPathsFromJSONAndLoad : No Glob path result for ./data/scene_datasets/hm3d/train/00258-2Pc8W48bu21/*.basis.glb
[12:20:25:482572]:[Metadata] AttributesManagerBase.h(357)::buildAttrSrcPathsFromJSONAndLoad : No Glob path result for ./data/scene_datasets/hm3d/train/00261-fK2vEV32Lag/*.basis.glb
[12:20:25:482581]:[Metadata] AttributesManagerBase.h(357)::buildAttrSrcPathsFromJSONAndLoad : No Glob path result for ./data/scene_datasets/hm3d/train/00262-1xGrZPxG1Hz/*.basis.glb
[12:20:25:482590]:[Metadata] AttributesManagerBase.h(357)::buildAttrSrcPathsFromJSONAndLoad : No Glob path result for ./data/scene_datasets/hm3d/train/00263-GGBvSFddQgs/*.basis.glb
[12:20:25:482598]:[Metadata] AttributesManagerBase.h(357)::buildAttrSrcPathsFromJSONAndLoad : No Glob path result for ./data/scene_datasets/hm3d/train/00267-gQ3xxshDiCz/*.basis.glb
[12:20:25:482607]:[Metadata] AttributesManagerBase.h(357)::buildAttrSrcPathsFromJSONAndLoad : No Glob path result for ./data/scene_datasets/hm3d/train/00269-JNiWU5TZLtt/*.basis.glb
[12:20:25:482615]:[Metadata] AttributesManagerBase.h(357)::buildAttrSrcPathsFromJSONAndLoad : No Glob path result for ./data/scene_datasets/hm3d/train/00272-kA2nG18hCAr/*.basis.glb
[12:20:25:482624]:[Metadata] AttributesManagerBase.h(357)::buildAttrSrcPathsFromJSONAndLoad : No Glob path result for ./data/scene_datasets/hm3d/train/00294-PPTLa8SkUfo/*.basis.glb
[12:20:25:482633]:[Metadata] AttributesManagerBase.h(357)::buildAttrSrcPathsFromJSONAndLoad : No Glob path result for ./data/scene_datasets/hm3d/train/00299-bdp1XNEdvmW/*.basis.glb
[12:20:25:482641]:[Metadata] AttributesManagerBase.h(357)::buildAttrSrcPathsFromJSONAndLoad : No Glob path result for ./data/scene_datasets/hm3d/train/00304-X6Pct1msZv5/*.basis.glb
[12:20:25:482650]:[Metadata] AttributesManagerBase.h(357)::buildAttrSrcPathsFromJSONAndLoad : No Glob path result for ./data/scene_datasets/hm3d/train/00307-vDfkYo5VqEQ/*.basis.glb
[12:20:25:482658]:[Metadata] AttributesManagerBase.h(357)::buildAttrSrcPathsFromJSONAndLoad : No Glob path result for ./data/scene_datasets/hm3d/train/00313-PE6kVEtrxtj/*.basis.glb
[12:20:25:482666]:[Metadata] AttributesManagerBase.h(357)::buildAttrSrcPathsFromJSONAndLoad : No Glob path result for ./data/scene_datasets/hm3d/train/00323-yHLr6bvWsVm/*.basis.glb
[12:20:25:482675]:[Metadata] AttributesManagerBase.h(357)::buildAttrSrcPathsFromJSONAndLoad : No Glob path result for ./data/scene_datasets/hm3d/train/00324-DoSbsoo4EAg/*.basis.glb
[12:20:25:482684]:[Metadata] AttributesManagerBase.h(357)::buildAttrSrcPathsFromJSONAndLoad : No Glob path result for ./data/scene_datasets/hm3d/train/00326-u9rPN5cHWBg/*.basis.glb
[12:20:25:482693]:[Metadata] AttributesManagerBase.h(357)::buildAttrSrcPathsFromJSONAndLoad : No Glob path result for ./data/scene_datasets/hm3d/train/00327-xgLmjqzoAzF/*.basis.glb
[12:20:25:482702]:[Metadata] AttributesManagerBase.h(357)::buildAttrSrcPathsFromJSONAndLoad : No Glob path result for ./data/scene_datasets/hm3d/train/00330-WhNyDTnd9g5/*.basis.glb
[12:20:25:482710]:[Metadata] AttributesManagerBase.h(357)::buildAttrSrcPathsFromJSONAndLoad : No Glob path result for ./data/scene_datasets/hm3d/train/00366-fxbzYAGkrtm/*.basis.glb
[12:20:25:482719]:[Metadata] AttributesManagerBase.h(357)::buildAttrSrcPathsFromJSONAndLoad : No Glob path result for ./data/scene_datasets/hm3d/train/00378-DqJKU7YU7dA/*.basis.glb
[12:20:25:482728]:[Metadata] AttributesManagerBase.h(357)::buildAttrSrcPathsFromJSONAndLoad : No Glob path result for ./data/scene_datasets/hm3d/train/00382-S7uMvxjBVZq/*.basis.glb
[12:20:25:482736]:[Metadata] AttributesManagerBase.h(357)::buildAttrSrcPathsFromJSONAndLoad : No Glob path result for ./data/scene_datasets/hm3d/train/00384-ceJTwFNjqCt/*.basis.glb
[12:20:25:482745]:[Metadata] AttributesManagerBase.h(357)::buildAttrSrcPathsFromJSONAndLoad : No Glob path result for ./data/scene_datasets/hm3d/train/00386-b3WpMbPFB6q/*.basis.glb
[12:20:25:482754]:[Metadata] AttributesManagerBase.h(357)::buildAttrSrcPathsFromJSONAndLoad : No Glob path result for ./data/scene_datasets/hm3d/train/00388-pcpn6mFqFCg/*.basis.glb
[12:20:25:482763]:[Metadata] AttributesManagerBase.h(357)::buildAttrSrcPathsFromJSONAndLoad : No Glob path result for ./data/scene_datasets/hm3d/train/00397-ZNanfzgCdm3/*.basis.glb
[12:20:25:482771]:[Metadata] AttributesManagerBase.h(357)::buildAttrSrcPathsFromJSONAndLoad : No Glob path result for ./data/scene_datasets/hm3d/train/00401-H8rQCnvBgo6/*.basis.glb
[12:20:25:482780]:[Metadata] AttributesManagerBase.h(357)::buildAttrSrcPathsFromJSONAndLoad : No Glob path result for ./data/scene_datasets/hm3d/train/00404-QN2dRqwd84J/*.basis.glb
[12:20:25:482789]:[Metadata] AttributesManagerBase.h(357)::buildAttrSrcPathsFromJSONAndLoad : No Glob path result for ./data/scene_datasets/hm3d/train/00407-NPHxDe6VeCc/*.basis.glb
[12:20:25:482798]:[Metadata] AttributesManagerBase.h(357)::buildAttrSrcPathsFromJSONAndLoad : No Glob path result for ./data/scene_datasets/hm3d/train/00410-v7DzfFFEpsD/*.basis.glb
[12:20:25:482807]:[Metadata] AttributesManagerBase.h(357)::buildAttrSrcPathsFromJSONAndLoad : No Glob path result for ./data/scene_datasets/hm3d/train/00414-77mMEyxhs44/*.basis.glb
[12:20:25:482815]:[Metadata] AttributesManagerBase.h(357)::buildAttrSrcPathsFromJSONAndLoad : No Glob path result for ./data/scene_datasets/hm3d/train/00417-nGhNxKrgBPb/*.basis.glb
[12:20:25:482823]:[Metadata] AttributesManagerBase.h(357)::buildAttrSrcPathsFromJSONAndLoad : No Glob path result for ./data/scene_datasets/hm3d/train/00422-8wJuSPJ9FXG/*.basis.glb
[12:20:25:482832]:[Metadata] AttributesManagerBase.h(357)::buildAttrSrcPathsFromJSONAndLoad : No Glob path result for ./data/scene_datasets/hm3d/train/00434-L5QEsaVqwrY/*.basis.glb
[12:20:25:482840]:[Metadata] AttributesManagerBase.h(357)::buildAttrSrcPathsFromJSONAndLoad : No Glob path result for ./data/scene_datasets/hm3d/train/00440-wPLokgvCnuk/*.basis.glb
[12:20:25:482849]:[Metadata] AttributesManagerBase.h(357)::buildAttrSrcPathsFromJSONAndLoad : No Glob path result for ./data/scene_datasets/hm3d/train/00444-sX9xad6ULKc/*.basis.glb
[12:20:25:482857]:[Metadata] AttributesManagerBase.h(357)::buildAttrSrcPathsFromJSONAndLoad : No Glob path result for ./data/scene_datasets/hm3d/train/00463-URjpCob8MGw/*.basis.glb
[12:20:25:482866]:[Metadata] AttributesManagerBase.h(357)::buildAttrSrcPathsFromJSONAndLoad : No Glob path result for ./data/scene_datasets/hm3d/train/00466-xAHnY3QzFUN/*.basis.glb
[12:20:25:482875]:[Metadata] AttributesManagerBase.h(357)::buildAttrSrcPathsFromJSONAndLoad : No Glob path result for ./data/scene_datasets/hm3d/train/00475-g7hUFVNac26/*.basis.glb
[12:20:25:482883]:[Metadata] AttributesManagerBase.h(357)::buildAttrSrcPathsFromJSONAndLoad : No Glob path result for ./data/scene_datasets/hm3d/train/00476-NtnvZSMK3en/*.basis.glb
[12:20:25:482892]:[Metadata] AttributesManagerBase.h(357)::buildAttrSrcPathsFromJSONAndLoad : No Glob path result for ./data/scene_datasets/hm3d/train/00487-erXNfWVjqZ8/*.basis.glb
[12:20:25:482901]:[Metadata] AttributesManagerBase.h(357)::buildAttrSrcPathsFromJSONAndLoad : No Glob path result for ./data/scene_datasets/hm3d/train/00495-CQWES1bawee/*.basis.glb
[12:20:25:482909]:[Metadata] AttributesManagerBase.h(357)::buildAttrSrcPathsFromJSONAndLoad : No Glob path result for ./data/scene_datasets/hm3d/train/00506-QVAA6zecMHu/*.basis.glb
[12:20:25:482918]:[Metadata] AttributesManagerBase.h(357)::buildAttrSrcPathsFromJSONAndLoad : No Glob path result for ./data/scene_datasets/hm3d/train/00508-4vwGX7U38Ux/*.basis.glb
[12:20:25:482927]:[Metadata] AttributesManagerBase.h(357)::buildAttrSrcPathsFromJSONAndLoad : No Glob path result for ./data/scene_datasets/hm3d/train/00525-iKFn6fzyRqs/*.basis.glb
[12:20:25:482936]:[Metadata] AttributesManagerBase.h(357)::buildAttrSrcPathsFromJSONAndLoad : No Glob path result for ./data/scene_datasets/hm3d/train/00529-W9YAR9qcuvN/*.basis.glb
[12:20:25:482944]:[Metadata] AttributesManagerBase.h(357)::buildAttrSrcPathsFromJSONAndLoad : No Glob path result for ./data/scene_datasets/hm3d/train/00534-DBBESbk4Y3k/*.basis.glb
[12:20:25:482954]:[Metadata] AttributesManagerBase.h(357)::buildAttrSrcPathsFromJSONAndLoad : No Glob path result for ./data/scene_datasets/hm3d/train/00537-oahi4u45xMf/*.basis.glb
[12:20:25:482962]:[Metadata] AttributesManagerBase.h(357)::buildAttrSrcPathsFromJSONAndLoad : No Glob path result for ./data/scene_datasets/hm3d/train/00538-3CBBjsNkhqW/*.basis.glb
[12:20:25:482971]:[Metadata] AttributesManagerBase.h(357)::buildAttrSrcPathsFromJSONAndLoad : No Glob path result for ./data/scene_datasets/hm3d/train/00539-zUG6FL9TYeR/*.basis.glb
[12:20:25:482979]:[Metadata] AttributesManagerBase.h(357)::buildAttrSrcPathsFromJSONAndLoad : No Glob path result for ./data/scene_datasets/hm3d/train/00541-FnDDfrBZPhh/*.basis.glb
[12:20:25:482988]:[Metadata] AttributesManagerBase.h(357)::buildAttrSrcPathsFromJSONAndLoad : No Glob path result for ./data/scene_datasets/hm3d/train/00546-nS8T59Aw3sf/*.basis.glb
[12:20:25:482997]:[Metadata] AttributesManagerBase.h(357)::buildAttrSrcPathsFromJSONAndLoad : No Glob path result for ./data/scene_datasets/hm3d/train/00547-9h5JJxM6E5S/*.basis.glb
[12:20:25:483005]:[Metadata] AttributesManagerBase.h(357)::buildAttrSrcPathsFromJSONAndLoad : No Glob path result for ./data/scene_datasets/hm3d/train/00557-fRZhp6vWGw7/*.basis.glb
[12:20:25:483014]:[Metadata] AttributesManagerBase.h(357)::buildAttrSrcPathsFromJSONAndLoad : No Glob path result for ./data/scene_datasets/hm3d/train/00560-gjhYih4upQ9/*.basis.glb
[12:20:25:483022]:[Metadata] AttributesManagerBase.h(357)::buildAttrSrcPathsFromJSONAndLoad : No Glob path result for ./data/scene_datasets/hm3d/train/00567-KjZrPggnHm8/*.basis.glb
[12:20:25:483031]:[Metadata] AttributesManagerBase.h(357)::buildAttrSrcPathsFromJSONAndLoad : No Glob path result for ./data/scene_datasets/hm3d/train/00569-YJDUB7hWg9h/*.basis.glb
[12:20:25:483039]:[Metadata] AttributesManagerBase.h(357)::buildAttrSrcPathsFromJSONAndLoad : No Glob path result for ./data/scene_datasets/hm3d/train/00582-TYDavTf8oyy/*.basis.glb
[12:20:25:483048]:[Metadata] AttributesManagerBase.h(357)::buildAttrSrcPathsFromJSONAndLoad : No Glob path result for ./data/scene_datasets/hm3d/train/00590-qgZhhx1MpTi/*.basis.glb
[12:20:25:483056]:[Metadata] AttributesManagerBase.h(357)::buildAttrSrcPathsFromJSONAndLoad : No Glob path result for ./data/scene_datasets/hm3d/train/00591-JptJPosx1Z6/*.basis.glb
[12:20:25:483065]:[Metadata] AttributesManagerBase.h(357)::buildAttrSrcPathsFromJSONAndLoad : No Glob path result for ./data/scene_datasets/hm3d/train/00592-CthA7sQNTPK/*.basis.glb
[12:20:25:483073]:[Metadata] AttributesManagerBase.h(357)::buildAttrSrcPathsFromJSONAndLoad : No Glob path result for ./data/scene_datasets/hm3d/train/00598-mt9H8KcxRKD/*.basis.glb
[12:20:25:483084]:[Metadata] AttributesManagerBase.h(357)::buildAttrSrcPathsFromJSONAndLoad : No Glob path result for ./data/scene_datasets/hm3d/train/00606-W16Bm4ysK8v/*.basis.glb
[12:20:25:483094]:[Metadata] AttributesManagerBase.h(357)::buildAttrSrcPathsFromJSONAndLoad : No Glob path result for ./data/scene_datasets/hm3d/train/00612-GsQBY83r3hb/*.basis.glb
[12:20:25:483102]:[Metadata] AttributesManagerBase.h(357)::buildAttrSrcPathsFromJSONAndLoad : No Glob path result for ./data/scene_datasets/hm3d/train/00619-R9fYpvCUkV7/*.basis.glb
[12:20:25:483111]:[Metadata] AttributesManagerBase.h(357)::buildAttrSrcPathsFromJSONAndLoad : No Glob path result for ./data/scene_datasets/hm3d/train/00624-ooq3SnvC79d/*.basis.glb
[12:20:25:483119]:[Metadata] AttributesManagerBase.h(357)::buildAttrSrcPathsFromJSONAndLoad : No Glob path result for ./data/scene_datasets/hm3d/train/00626-XiJhRLvpKpX/*.basis.glb
[12:20:25:483129]:[Metadata] AttributesManagerBase.h(357)::buildAttrSrcPathsFromJSONAndLoad : No Glob path result for ./data/scene_datasets/hm3d/train/00638-iePHCSf119p/*.basis.glb
[12:20:25:483137]:[Metadata] AttributesManagerBase.h(357)::buildAttrSrcPathsFromJSONAndLoad : No Glob path result for ./data/scene_datasets/hm3d/train/00643-ggNAcMh8JPT/*.basis.glb
[12:20:25:483146]:[Metadata] AttributesManagerBase.h(357)::buildAttrSrcPathsFromJSONAndLoad : No Glob path result for ./data/scene_datasets/hm3d/train/00657-TSJmdttd2GV/*.basis.glb
[12:20:25:483154]:[Metadata] AttributesManagerBase.h(357)::buildAttrSrcPathsFromJSONAndLoad : No Glob path result for ./data/scene_datasets/hm3d/train/00662-aRKASs4e8j1/*.basis.glb
[12:20:25:483162]:[Metadata] AttributesManagerBase.h(357)::buildAttrSrcPathsFromJSONAndLoad : No Glob path result for ./data/scene_datasets/hm3d/train/00664-u5atqC7vRCY/*.basis.glb
[12:20:25:483171]:[Metadata] AttributesManagerBase.h(357)::buildAttrSrcPathsFromJSONAndLoad : No Glob path result for ./data/scene_datasets/hm3d/train/00668-6YtDG3FhNvx/*.basis.glb
[12:20:25:483179]:[Metadata] AttributesManagerBase.h(357)::buildAttrSrcPathsFromJSONAndLoad : No Glob path result for ./data/scene_datasets/hm3d/train/00669-DNWbUAJYsPy/*.basis.glb
[12:20:25:483188]:[Metadata] AttributesManagerBase.h(357)::buildAttrSrcPathsFromJSONAndLoad : No Glob path result for ./data/scene_datasets/hm3d/train/00680-YmWinf3mhb5/*.basis.glb
[12:20:25:483197]:[Metadata] AttributesManagerBase.h(357)::buildAttrSrcPathsFromJSONAndLoad : No Glob path result for ./data/scene_datasets/hm3d/train/00685-ENiCjXWB6aQ/*.basis.glb
[12:20:25:483205]:[Metadata] AttributesManagerBase.h(357)::buildAttrSrcPathsFromJSONAndLoad : No Glob path result for ./data/scene_datasets/hm3d/train/00688-SgkmkWjjmDJ/*.basis.glb
[12:20:25:483214]:[Metadata] AttributesManagerBase.h(357)::buildAttrSrcPathsFromJSONAndLoad : No Glob path result for ./data/scene_datasets/hm3d/train/00696-DsEJeNPcZtE/*.basis.glb
[12:20:25:483223]:[Metadata] AttributesManagerBase.h(357)::buildAttrSrcPathsFromJSONAndLoad : No Glob path result for ./data/scene_datasets/hm3d/train/00706-YHmAkqgwe2p/*.basis.glb
[12:20:25:483231]:[Metadata] AttributesManagerBase.h(357)::buildAttrSrcPathsFromJSONAndLoad : No Glob path result for ./data/scene_datasets/hm3d/train/00707-XVSZJAtHKdi/*.basis.glb
[12:20:25:483240]:[Metadata] AttributesManagerBase.h(357)::buildAttrSrcPathsFromJSONAndLoad : No Glob path result for ./data/scene_datasets/hm3d/train/00712-HZ2iMMBsBQ9/*.basis.glb
[12:20:25:483248]:[Metadata] AttributesManagerBase.h(357)::buildAttrSrcPathsFromJSONAndLoad : No Glob path result for ./data/scene_datasets/hm3d/train/00720-8B43pG641ff/*.basis.glb
[12:20:25:483257]:[Metadata] AttributesManagerBase.h(357)::buildAttrSrcPathsFromJSONAndLoad : No Glob path result for ./data/scene_datasets/hm3d/train/00723-hWDDQnSDMXb/*.basis.glb
[12:20:25:483265]:[Metadata] AttributesManagerBase.h(357)::buildAttrSrcPathsFromJSONAndLoad : No Glob path result for ./data/scene_datasets/hm3d/train/00732-Z2DQddYp1fn/*.basis.glb
[12:20:25:483274]:[Metadata] AttributesManagerBase.h(357)::buildAttrSrcPathsFromJSONAndLoad : No Glob path result for ./data/scene_datasets/hm3d/train/00733-GtM3JtRvvvR/*.basis.glb
[12:20:25:483283]:[Metadata] AttributesManagerBase.h(357)::buildAttrSrcPathsFromJSONAndLoad : No Glob path result for ./data/scene_datasets/hm3d/train/00738-GPyDUnjwZQy/*.basis.glb
[12:20:25:483292]:[Metadata] AttributesManagerBase.h(357)::buildAttrSrcPathsFromJSONAndLoad : No Glob path result for ./data/scene_datasets/hm3d/train/00741-w8GiikYuFRk/*.basis.glb
[12:20:25:483302]:[Metadata] AttributesManagerBase.h(357)::buildAttrSrcPathsFromJSONAndLoad : No Glob path result for ./data/scene_datasets/hm3d/train/00744-1S7LAXRdDqK/*.basis.glb
[12:20:25:483311]:[Metadata] AttributesManagerBase.h(357)::buildAttrSrcPathsFromJSONAndLoad : No Glob path result for ./data/scene_datasets/hm3d/train/00745-yX5efd48dLf/*.basis.glb
[12:20:25:483319]:[Metadata] AttributesManagerBase.h(357)::buildAttrSrcPathsFromJSONAndLoad : No Glob path result for ./data/scene_datasets/hm3d/train/00746-RTV2n6fXB2w/*.basis.glb
[12:20:25:483328]:[Metadata] AttributesManagerBase.h(357)::buildAttrSrcPathsFromJSONAndLoad : No Glob path result for ./data/scene_datasets/hm3d/train/00750-E1NrAhMoqvB/*.basis.glb
[12:20:25:483337]:[Metadata] AttributesManagerBase.h(357)::buildAttrSrcPathsFromJSONAndLoad : No Glob path result for ./data/scene_datasets/hm3d/train/00757-LVgQNuK8vtv/*.basis.glb
[12:20:25:483345]:[Metadata] AttributesManagerBase.h(357)::buildAttrSrcPathsFromJSONAndLoad : No Glob path result for ./data/scene_datasets/hm3d/train/00758-HfMobPm86Xn/*.basis.glb
[12:20:25:483378]:[Metadata] AttributesManagerBase.h(352)::buildAttrSrcPathsFromJSONAndLoad : Glob path result for ./data/scene_datasets/hm3d/val/00800-TEEsavR23oF/*.basis.glb : ./data/scene_datasets/hm3d/val/00800-TEEsavR23oF/TEEsavR23oF.basis.glb
[12:20:25:483392]:[Metadata] AttributesManagerBase.h(265)::loadAllFileBasedTemplates : Loading 1  Stage Template templates found in ./data/scene_datasets/hm3d/val/00800-TEEsavR23oF
[12:20:25:483403]:[Metadata] AttributesManagerBase.h(380)::createFromJsonOrDefaultInternal : <Stage Template>: Proposing JSON name : ./data/scene_datasets/hm3d/val/00800-TEEsavR23oF/TEEsavR23oF.basis.stage_config.json from original name : ./data/scene_datasets/hm3d/val/00800-TEEsavR23oF/TEEsavR23oF.basis.glb| This file does not exist.
[12:20:25:483433]:[Metadata] AbstractObjectAttributesManagerBase.h(184)::createObject : File (./data/scene_datasets/hm3d/val/00800-TEEsavR23oF/TEEsavR23oF.basis.glb) exists but is not a recognized config filename extension, so new default Stage Template attributes created and registered.
[12:20:25:483441]:[Metadata] AttributesManagerBase.h(285)::loadAllFileBasedTemplates : <Stage Template> : Loaded file-based templates: 1
[12:20:25:483461]:[Metadata] AttributesManagerBase.h(352)::buildAttrSrcPathsFromJSONAndLoad : Glob path result for ./data/scene_datasets/hm3d/val/00802-wcojb4TFT35/*.basis.glb : ./data/scene_datasets/hm3d/val/00802-wcojb4TFT35/wcojb4TFT35.basis.glb
[12:20:25:483474]:[Metadata] AttributesManagerBase.h(265)::loadAllFileBasedTemplates : Loading 1  Stage Template templates found in ./data/scene_datasets/hm3d/val/00802-wcojb4TFT35
[12:20:25:483482]:[Metadata] AttributesManagerBase.h(380)::createFromJsonOrDefaultInternal : <Stage Template>: Proposing JSON name : ./data/scene_datasets/hm3d/val/00802-wcojb4TFT35/wcojb4TFT35.basis.stage_config.json from original name : ./data/scene_datasets/hm3d/val/00802-wcojb4TFT35/wcojb4TFT35.basis.glb| This file does not exist.
[12:20:25:483509]:[Metadata] AbstractObjectAttributesManagerBase.h(184)::createObject : File (./data/scene_datasets/hm3d/val/00802-wcojb4TFT35/wcojb4TFT35.basis.glb) exists but is not a recognized config filename extension, so new default Stage Template attributes created and registered.
[12:20:25:483517]:[Metadata] AttributesManagerBase.h(285)::loadAllFileBasedTemplates : <Stage Template> : Loaded file-based templates: 1
[12:20:25:483536]:[Metadata] AttributesManagerBase.h(352)::buildAttrSrcPathsFromJSONAndLoad : Glob path result for ./data/scene_datasets/hm3d/val/00803-k1cupFYWXJ6/*.basis.glb : ./data/scene_datasets/hm3d/val/00803-k1cupFYWXJ6/k1cupFYWXJ6.basis.glb
[12:20:25:483548]:[Metadata] AttributesManagerBase.h(265)::loadAllFileBasedTemplates : Loading 1  Stage Template templates found in ./data/scene_datasets/hm3d/val/00803-k1cupFYWXJ6
[12:20:25:483557]:[Metadata] AttributesManagerBase.h(380)::createFromJsonOrDefaultInternal : <Stage Template>: Proposing JSON name : ./data/scene_datasets/hm3d/val/00803-k1cupFYWXJ6/k1cupFYWXJ6.basis.stage_config.json from original name : ./data/scene_datasets/hm3d/val/00803-k1cupFYWXJ6/k1cupFYWXJ6.basis.glb| This file does not exist.
[12:20:25:483583]:[Metadata] AbstractObjectAttributesManagerBase.h(184)::createObject : File (./data/scene_datasets/hm3d/val/00803-k1cupFYWXJ6/k1cupFYWXJ6.basis.glb) exists but is not a recognized config filename extension, so new default Stage Template attributes created and registered.
[12:20:25:483590]:[Metadata] AttributesManagerBase.h(285)::loadAllFileBasedTemplates : <Stage Template> : Loaded file-based templates: 1
[12:20:25:483609]:[Metadata] AttributesManagerBase.h(352)::buildAttrSrcPathsFromJSONAndLoad : Glob path result for ./data/scene_datasets/hm3d/val/00808-y9hTuugGdiq/*.basis.glb : ./data/scene_datasets/hm3d/val/00808-y9hTuugGdiq/y9hTuugGdiq.basis.glb
[12:20:25:483620]:[Metadata] AttributesManagerBase.h(265)::loadAllFileBasedTemplates : Loading 1  Stage Template templates found in ./data/scene_datasets/hm3d/val/00808-y9hTuugGdiq
[12:20:25:483628]:[Metadata] AttributesManagerBase.h(380)::createFromJsonOrDefaultInternal : <Stage Template>: Proposing JSON name : ./data/scene_datasets/hm3d/val/00808-y9hTuugGdiq/y9hTuugGdiq.basis.stage_config.json from original name : ./data/scene_datasets/hm3d/val/00808-y9hTuugGdiq/y9hTuugGdiq.basis.glb| This file does not exist.
[12:20:25:483654]:[Metadata] AbstractObjectAttributesManagerBase.h(184)::createObject : File (./data/scene_datasets/hm3d/val/00808-y9hTuugGdiq/y9hTuugGdiq.basis.glb) exists but is not a recognized config filename extension, so new default Stage Template attributes created and registered.
[12:20:25:483662]:[Metadata] AttributesManagerBase.h(285)::loadAllFileBasedTemplates : <Stage Template> : Loaded file-based templates: 1
[12:20:25:483680]:[Metadata] AttributesManagerBase.h(352)::buildAttrSrcPathsFromJSONAndLoad : Glob path result for ./data/scene_datasets/hm3d/val/00810-CrMo8WxCyVb/*.basis.glb : ./data/scene_datasets/hm3d/val/00810-CrMo8WxCyVb/CrMo8WxCyVb.basis.glb
[12:20:25:483692]:[Metadata] AttributesManagerBase.h(265)::loadAllFileBasedTemplates : Loading 1  Stage Template templates found in ./data/scene_datasets/hm3d/val/00810-CrMo8WxCyVb
[12:20:25:483700]:[Metadata] AttributesManagerBase.h(380)::createFromJsonOrDefaultInternal : <Stage Template>: Proposing JSON name : ./data/scene_datasets/hm3d/val/00810-CrMo8WxCyVb/CrMo8WxCyVb.basis.stage_config.json from original name : ./data/scene_datasets/hm3d/val/00810-CrMo8WxCyVb/CrMo8WxCyVb.basis.glb| This file does not exist.
[12:20:25:483725]:[Metadata] AbstractObjectAttributesManagerBase.h(184)::createObject : File (./data/scene_datasets/hm3d/val/00810-CrMo8WxCyVb/CrMo8WxCyVb.basis.glb) exists but is not a recognized config filename extension, so new default Stage Template attributes created and registered.
[12:20:25:483732]:[Metadata] AttributesManagerBase.h(285)::loadAllFileBasedTemplates : <Stage Template> : Loaded file-based templates: 1
[12:20:25:483750]:[Metadata] AttributesManagerBase.h(352)::buildAttrSrcPathsFromJSONAndLoad : Glob path result for ./data/scene_datasets/hm3d/val/00813-svBbv1Pavdk/*.basis.glb : ./data/scene_datasets/hm3d/val/00813-svBbv1Pavdk/svBbv1Pavdk.basis.glb
[12:20:25:483762]:[Metadata] AttributesManagerBase.h(265)::loadAllFileBasedTemplates : Loading 1  Stage Template templates found in ./data/scene_datasets/hm3d/val/00813-svBbv1Pavdk
[12:20:25:483770]:[Metadata] AttributesManagerBase.h(380)::createFromJsonOrDefaultInternal : <Stage Template>: Proposing JSON name : ./data/scene_datasets/hm3d/val/00813-svBbv1Pavdk/svBbv1Pavdk.basis.stage_config.json from original name : ./data/scene_datasets/hm3d/val/00813-svBbv1Pavdk/svBbv1Pavdk.basis.glb| This file does not exist.
[12:20:25:483795]:[Metadata] AbstractObjectAttributesManagerBase.h(184)::createObject : File (./data/scene_datasets/hm3d/val/00813-svBbv1Pavdk/svBbv1Pavdk.basis.glb) exists but is not a recognized config filename extension, so new default Stage Template attributes created and registered.
[12:20:25:483802]:[Metadata] AttributesManagerBase.h(285)::loadAllFileBasedTemplates : <Stage Template> : Loaded file-based templates: 1
[12:20:25:483820]:[Metadata] AttributesManagerBase.h(352)::buildAttrSrcPathsFromJSONAndLoad : Glob path result for ./data/scene_datasets/hm3d/val/00814-p53SfW6mjZe/*.basis.glb : ./data/scene_datasets/hm3d/val/00814-p53SfW6mjZe/p53SfW6mjZe.basis.glb
[12:20:25:483833]:[Metadata] AttributesManagerBase.h(265)::loadAllFileBasedTemplates : Loading 1  Stage Template templates found in ./data/scene_datasets/hm3d/val/00814-p53SfW6mjZe
[12:20:25:483841]:[Metadata] AttributesManagerBase.h(380)::createFromJsonOrDefaultInternal : <Stage Template>: Proposing JSON name : ./data/scene_datasets/hm3d/val/00814-p53SfW6mjZe/p53SfW6mjZe.basis.stage_config.json from original name : ./data/scene_datasets/hm3d/val/00814-p53SfW6mjZe/p53SfW6mjZe.basis.glb| This file does not exist.
[12:20:25:483868]:[Metadata] AbstractObjectAttributesManagerBase.h(184)::createObject : File (./data/scene_datasets/hm3d/val/00814-p53SfW6mjZe/p53SfW6mjZe.basis.glb) exists but is not a recognized config filename extension, so new default Stage Template attributes created and registered.
[12:20:25:483876]:[Metadata] AttributesManagerBase.h(285)::loadAllFileBasedTemplates : <Stage Template> : Loaded file-based templates: 1
[12:20:25:483894]:[Metadata] AttributesManagerBase.h(352)::buildAttrSrcPathsFromJSONAndLoad : Glob path result for ./data/scene_datasets/hm3d/val/00815-h1zeeAwLh9Z/*.basis.glb : ./data/scene_datasets/hm3d/val/00815-h1zeeAwLh9Z/h1zeeAwLh9Z.basis.glb
[12:20:25:483907]:[Metadata] AttributesManagerBase.h(265)::loadAllFileBasedTemplates : Loading 1  Stage Template templates found in ./data/scene_datasets/hm3d/val/00815-h1zeeAwLh9Z
[12:20:25:483915]:[Metadata] AttributesManagerBase.h(380)::createFromJsonOrDefaultInternal : <Stage Template>: Proposing JSON name : ./data/scene_datasets/hm3d/val/00815-h1zeeAwLh9Z/h1zeeAwLh9Z.basis.stage_config.json from original name : ./data/scene_datasets/hm3d/val/00815-h1zeeAwLh9Z/h1zeeAwLh9Z.basis.glb| This file does not exist.
[12:20:25:483941]:[Metadata] AbstractObjectAttributesManagerBase.h(184)::createObject : File (./data/scene_datasets/hm3d/val/00815-h1zeeAwLh9Z/h1zeeAwLh9Z.basis.glb) exists but is not a recognized config filename extension, so new default Stage Template attributes created and registered.
[12:20:25:483949]:[Metadata] AttributesManagerBase.h(285)::loadAllFileBasedTemplates : <Stage Template> : Loaded file-based templates: 1
[12:20:25:483967]:[Metadata] AttributesManagerBase.h(352)::buildAttrSrcPathsFromJSONAndLoad : Glob path result for ./data/scene_datasets/hm3d/val/00820-mL8ThkuaVTM/*.basis.glb : ./data/scene_datasets/hm3d/val/00820-mL8ThkuaVTM/mL8ThkuaVTM.basis.glb
[12:20:25:483979]:[Metadata] AttributesManagerBase.h(265)::loadAllFileBasedTemplates : Loading 1  Stage Template templates found in ./data/scene_datasets/hm3d/val/00820-mL8ThkuaVTM
[12:20:25:483987]:[Metadata] AttributesManagerBase.h(380)::createFromJsonOrDefaultInternal : <Stage Template>: Proposing JSON name : ./data/scene_datasets/hm3d/val/00820-mL8ThkuaVTM/mL8ThkuaVTM.basis.stage_config.json from original name : ./data/scene_datasets/hm3d/val/00820-mL8ThkuaVTM/mL8ThkuaVTM.basis.glb| This file does not exist.
[12:20:25:484012]:[Metadata] AbstractObjectAttributesManagerBase.h(184)::createObject : File (./data/scene_datasets/hm3d/val/00820-mL8ThkuaVTM/mL8ThkuaVTM.basis.glb) exists but is not a recognized config filename extension, so new default Stage Template attributes created and registered.
[12:20:25:484019]:[Metadata] AttributesManagerBase.h(285)::loadAllFileBasedTemplates : <Stage Template> : Loaded file-based templates: 1
[12:20:25:484037]:[Metadata] AttributesManagerBase.h(352)::buildAttrSrcPathsFromJSONAndLoad : Glob path result for ./data/scene_datasets/hm3d/val/00821-eF36g7L6Z9M/*.basis.glb : ./data/scene_datasets/hm3d/val/00821-eF36g7L6Z9M/eF36g7L6Z9M.basis.glb
[12:20:25:484048]:[Metadata] AttributesManagerBase.h(265)::loadAllFileBasedTemplates : Loading 1  Stage Template templates found in ./data/scene_datasets/hm3d/val/00821-eF36g7L6Z9M
[12:20:25:484056]:[Metadata] AttributesManagerBase.h(380)::createFromJsonOrDefaultInternal : <Stage Template>: Proposing JSON name : ./data/scene_datasets/hm3d/val/00821-eF36g7L6Z9M/eF36g7L6Z9M.basis.stage_config.json from original name : ./data/scene_datasets/hm3d/val/00821-eF36g7L6Z9M/eF36g7L6Z9M.basis.glb| This file does not exist.
[12:20:25:484085]:[Metadata] AbstractObjectAttributesManagerBase.h(184)::createObject : File (./data/scene_datasets/hm3d/val/00821-eF36g7L6Z9M/eF36g7L6Z9M.basis.glb) exists but is not a recognized config filename extension, so new default Stage Template attributes created and registered.
[12:20:25:484093]:[Metadata] AttributesManagerBase.h(285)::loadAllFileBasedTemplates : <Stage Template> : Loaded file-based templates: 1
[12:20:25:484111]:[Metadata] AttributesManagerBase.h(352)::buildAttrSrcPathsFromJSONAndLoad : Glob path result for ./data/scene_datasets/hm3d/val/00823-7MXmsvcQjpJ/*.basis.glb : ./data/scene_datasets/hm3d/val/00823-7MXmsvcQjpJ/7MXmsvcQjpJ.basis.glb
[12:20:25:484123]:[Metadata] AttributesManagerBase.h(265)::loadAllFileBasedTemplates : Loading 1  Stage Template templates found in ./data/scene_datasets/hm3d/val/00823-7MXmsvcQjpJ
[12:20:25:484131]:[Metadata] AttributesManagerBase.h(380)::createFromJsonOrDefaultInternal : <Stage Template>: Proposing JSON name : ./data/scene_datasets/hm3d/val/00823-7MXmsvcQjpJ/7MXmsvcQjpJ.basis.stage_config.json from original name : ./data/scene_datasets/hm3d/val/00823-7MXmsvcQjpJ/7MXmsvcQjpJ.basis.glb| This file does not exist.
[12:20:25:484156]:[Metadata] AbstractObjectAttributesManagerBase.h(184)::createObject : File (./data/scene_datasets/hm3d/val/00823-7MXmsvcQjpJ/7MXmsvcQjpJ.basis.glb) exists but is not a recognized config filename extension, so new default Stage Template attributes created and registered.
[12:20:25:484163]:[Metadata] AttributesManagerBase.h(285)::loadAllFileBasedTemplates : <Stage Template> : Loaded file-based templates: 1
[12:20:25:484181]:[Metadata] AttributesManagerBase.h(352)::buildAttrSrcPathsFromJSONAndLoad : Glob path result for ./data/scene_datasets/hm3d/val/00824-Dd4bFSTQ8gi/*.basis.glb : ./data/scene_datasets/hm3d/val/00824-Dd4bFSTQ8gi/Dd4bFSTQ8gi.basis.glb
[12:20:25:484193]:[Metadata] AttributesManagerBase.h(265)::loadAllFileBasedTemplates : Loading 1  Stage Template templates found in ./data/scene_datasets/hm3d/val/00824-Dd4bFSTQ8gi
[12:20:25:484201]:[Metadata] AttributesManagerBase.h(380)::createFromJsonOrDefaultInternal : <Stage Template>: Proposing JSON name : ./data/scene_datasets/hm3d/val/00824-Dd4bFSTQ8gi/Dd4bFSTQ8gi.basis.stage_config.json from original name : ./data/scene_datasets/hm3d/val/00824-Dd4bFSTQ8gi/Dd4bFSTQ8gi.basis.glb| This file does not exist.
[12:20:25:484227]:[Metadata] AbstractObjectAttributesManagerBase.h(184)::createObject : File (./data/scene_datasets/hm3d/val/00824-Dd4bFSTQ8gi/Dd4bFSTQ8gi.basis.glb) exists but is not a recognized config filename extension, so new default Stage Template attributes created and registered.
[12:20:25:484235]:[Metadata] AttributesManagerBase.h(285)::loadAllFileBasedTemplates : <Stage Template> : Loaded file-based templates: 1
[12:20:25:484252]:[Metadata] AttributesManagerBase.h(352)::buildAttrSrcPathsFromJSONAndLoad : Glob path result for ./data/scene_datasets/hm3d/val/00827-BAbdmeyTvMZ/*.basis.glb : ./data/scene_datasets/hm3d/val/00827-BAbdmeyTvMZ/BAbdmeyTvMZ.basis.glb
[12:20:25:484264]:[Metadata] AttributesManagerBase.h(265)::loadAllFileBasedTemplates : Loading 1  Stage Template templates found in ./data/scene_datasets/hm3d/val/00827-BAbdmeyTvMZ
[12:20:25:484272]:[Metadata] AttributesManagerBase.h(380)::createFromJsonOrDefaultInternal : <Stage Template>: Proposing JSON name : ./data/scene_datasets/hm3d/val/00827-BAbdmeyTvMZ/BAbdmeyTvMZ.basis.stage_config.json from original name : ./data/scene_datasets/hm3d/val/00827-BAbdmeyTvMZ/BAbdmeyTvMZ.basis.glb| This file does not exist.
[12:20:25:484298]:[Metadata] AbstractObjectAttributesManagerBase.h(184)::createObject : File (./data/scene_datasets/hm3d/val/00827-BAbdmeyTvMZ/BAbdmeyTvMZ.basis.glb) exists but is not a recognized config filename extension, so new default Stage Template attributes created and registered.
[12:20:25:484306]:[Metadata] AttributesManagerBase.h(285)::loadAllFileBasedTemplates : <Stage Template> : Loaded file-based templates: 1
[12:20:25:484323]:[Metadata] AttributesManagerBase.h(352)::buildAttrSrcPathsFromJSONAndLoad : Glob path result for ./data/scene_datasets/hm3d/val/00829-QaLdnwvtxbs/*.basis.glb : ./data/scene_datasets/hm3d/val/00829-QaLdnwvtxbs/QaLdnwvtxbs.basis.glb
[12:20:25:484335]:[Metadata] AttributesManagerBase.h(265)::loadAllFileBasedTemplates : Loading 1  Stage Template templates found in ./data/scene_datasets/hm3d/val/00829-QaLdnwvtxbs
[12:20:25:484343]:[Metadata] AttributesManagerBase.h(380)::createFromJsonOrDefaultInternal : <Stage Template>: Proposing JSON name : ./data/scene_datasets/hm3d/val/00829-QaLdnwvtxbs/QaLdnwvtxbs.basis.stage_config.json from original name : ./data/scene_datasets/hm3d/val/00829-QaLdnwvtxbs/QaLdnwvtxbs.basis.glb| This file does not exist.
[12:20:25:484368]:[Metadata] AbstractObjectAttributesManagerBase.h(184)::createObject : File (./data/scene_datasets/hm3d/val/00829-QaLdnwvtxbs/QaLdnwvtxbs.basis.glb) exists but is not a recognized config filename extension, so new default Stage Template attributes created and registered.
[12:20:25:484375]:[Metadata] AttributesManagerBase.h(285)::loadAllFileBasedTemplates : <Stage Template> : Loaded file-based templates: 1
[12:20:25:484393]:[Metadata] AttributesManagerBase.h(352)::buildAttrSrcPathsFromJSONAndLoad : Glob path result for ./data/scene_datasets/hm3d/val/00831-yr17PDCnDDW/*.basis.glb : ./data/scene_datasets/hm3d/val/00831-yr17PDCnDDW/yr17PDCnDDW.basis.glb
[12:20:25:484404]:[Metadata] AttributesManagerBase.h(265)::loadAllFileBasedTemplates : Loading 1  Stage Template templates found in ./data/scene_datasets/hm3d/val/00831-yr17PDCnDDW
[12:20:25:484412]:[Metadata] AttributesManagerBase.h(380)::createFromJsonOrDefaultInternal : <Stage Template>: Proposing JSON name : ./data/scene_datasets/hm3d/val/00831-yr17PDCnDDW/yr17PDCnDDW.basis.stage_config.json from original name : ./data/scene_datasets/hm3d/val/00831-yr17PDCnDDW/yr17PDCnDDW.basis.glb| This file does not exist.
[12:20:25:484437]:[Metadata] AbstractObjectAttributesManagerBase.h(184)::createObject : File (./data/scene_datasets/hm3d/val/00831-yr17PDCnDDW/yr17PDCnDDW.basis.glb) exists but is not a recognized config filename extension, so new default Stage Template attributes created and registered.
[12:20:25:484445]:[Metadata] AttributesManagerBase.h(285)::loadAllFileBasedTemplates : <Stage Template> : Loaded file-based templates: 1
[12:20:25:484462]:[Metadata] AttributesManagerBase.h(352)::buildAttrSrcPathsFromJSONAndLoad : Glob path result for ./data/scene_datasets/hm3d/val/00832-qyAac8rV8Zk/*.basis.glb : ./data/scene_datasets/hm3d/val/00832-qyAac8rV8Zk/qyAac8rV8Zk.basis.glb
[12:20:25:484474]:[Metadata] AttributesManagerBase.h(265)::loadAllFileBasedTemplates : Loading 1  Stage Template templates found in ./data/scene_datasets/hm3d/val/00832-qyAac8rV8Zk
[12:20:25:484481]:[Metadata] AttributesManagerBase.h(380)::createFromJsonOrDefaultInternal : <Stage Template>: Proposing JSON name : ./data/scene_datasets/hm3d/val/00832-qyAac8rV8Zk/qyAac8rV8Zk.basis.stage_config.json from original name : ./data/scene_datasets/hm3d/val/00832-qyAac8rV8Zk/qyAac8rV8Zk.basis.glb| This file does not exist.
[12:20:25:484506]:[Metadata] AbstractObjectAttributesManagerBase.h(184)::createObject : File (./data/scene_datasets/hm3d/val/00832-qyAac8rV8Zk/qyAac8rV8Zk.basis.glb) exists but is not a recognized config filename extension, so new default Stage Template attributes created and registered.
[12:20:25:484513]:[Metadata] AttributesManagerBase.h(285)::loadAllFileBasedTemplates : <Stage Template> : Loaded file-based templates: 1
[12:20:25:484531]:[Metadata] AttributesManagerBase.h(352)::buildAttrSrcPathsFromJSONAndLoad : Glob path result for ./data/scene_datasets/hm3d/val/00835-q3zU7Yy5E5s/*.basis.glb : ./data/scene_datasets/hm3d/val/00835-q3zU7Yy5E5s/q3zU7Yy5E5s.basis.glb
[12:20:25:484543]:[Metadata] AttributesManagerBase.h(265)::loadAllFileBasedTemplates : Loading 1  Stage Template templates found in ./data/scene_datasets/hm3d/val/00835-q3zU7Yy5E5s
[12:20:25:484550]:[Metadata] AttributesManagerBase.h(380)::createFromJsonOrDefaultInternal : <Stage Template>: Proposing JSON name : ./data/scene_datasets/hm3d/val/00835-q3zU7Yy5E5s/q3zU7Yy5E5s.basis.stage_config.json from original name : ./data/scene_datasets/hm3d/val/00835-q3zU7Yy5E5s/q3zU7Yy5E5s.basis.glb| This file does not exist.
[12:20:25:484576]:[Metadata] AbstractObjectAttributesManagerBase.h(184)::createObject : File (./data/scene_datasets/hm3d/val/00835-q3zU7Yy5E5s/q3zU7Yy5E5s.basis.glb) exists but is not a recognized config filename extension, so new default Stage Template attributes created and registered.
[12:20:25:484583]:[Metadata] AttributesManagerBase.h(285)::loadAllFileBasedTemplates : <Stage Template> : Loaded file-based templates: 1
[12:20:25:484601]:[Metadata] AttributesManagerBase.h(352)::buildAttrSrcPathsFromJSONAndLoad : Glob path result for ./data/scene_datasets/hm3d/val/00839-zt1RVoi7PcG/*.basis.glb : ./data/scene_datasets/hm3d/val/00839-zt1RVoi7PcG/zt1RVoi7PcG.basis.glb
[12:20:25:484612]:[Metadata] AttributesManagerBase.h(265)::loadAllFileBasedTemplates : Loading 1  Stage Template templates found in ./data/scene_datasets/hm3d/val/00839-zt1RVoi7PcG
[12:20:25:484620]:[Metadata] AttributesManagerBase.h(380)::createFromJsonOrDefaultInternal : <Stage Template>: Proposing JSON name : ./data/scene_datasets/hm3d/val/00839-zt1RVoi7PcG/zt1RVoi7PcG.basis.stage_config.json from original name : ./data/scene_datasets/hm3d/val/00839-zt1RVoi7PcG/zt1RVoi7PcG.basis.glb| This file does not exist.
[12:20:25:484645]:[Metadata] AbstractObjectAttributesManagerBase.h(184)::createObject : File (./data/scene_datasets/hm3d/val/00839-zt1RVoi7PcG/zt1RVoi7PcG.basis.glb) exists but is not a recognized config filename extension, so new default Stage Template attributes created and registered.
[12:20:25:484652]:[Metadata] AttributesManagerBase.h(285)::loadAllFileBasedTemplates : <Stage Template> : Loaded file-based templates: 1
[12:20:25:484670]:[Metadata] AttributesManagerBase.h(352)::buildAttrSrcPathsFromJSONAndLoad : Glob path result for ./data/scene_datasets/hm3d/val/00843-DYehNKdT76V/*.basis.glb : ./data/scene_datasets/hm3d/val/00843-DYehNKdT76V/DYehNKdT76V.basis.glb
[12:20:25:484681]:[Metadata] AttributesManagerBase.h(265)::loadAllFileBasedTemplates : Loading 1  Stage Template templates found in ./data/scene_datasets/hm3d/val/00843-DYehNKdT76V
[12:20:25:484689]:[Metadata] AttributesManagerBase.h(380)::createFromJsonOrDefaultInternal : <Stage Template>: Proposing JSON name : ./data/scene_datasets/hm3d/val/00843-DYehNKdT76V/DYehNKdT76V.basis.stage_config.json from original name : ./data/scene_datasets/hm3d/val/00843-DYehNKdT76V/DYehNKdT76V.basis.glb| This file does not exist.
[12:20:25:484714]:[Metadata] AbstractObjectAttributesManagerBase.h(184)::createObject : File (./data/scene_datasets/hm3d/val/00843-DYehNKdT76V/DYehNKdT76V.basis.glb) exists but is not a recognized config filename extension, so new default Stage Template attributes created and registered.
[12:20:25:484721]:[Metadata] AttributesManagerBase.h(285)::loadAllFileBasedTemplates : <Stage Template> : Loaded file-based templates: 1
[12:20:25:484738]:[Metadata] AttributesManagerBase.h(352)::buildAttrSrcPathsFromJSONAndLoad : Glob path result for ./data/scene_datasets/hm3d/val/00844-q5QZSEeHe5g/*.basis.glb : ./data/scene_datasets/hm3d/val/00844-q5QZSEeHe5g/q5QZSEeHe5g.basis.glb
[12:20:25:484750]:[Metadata] AttributesManagerBase.h(265)::loadAllFileBasedTemplates : Loading 1  Stage Template templates found in ./data/scene_datasets/hm3d/val/00844-q5QZSEeHe5g
[12:20:25:484758]:[Metadata] AttributesManagerBase.h(380)::createFromJsonOrDefaultInternal : <Stage Template>: Proposing JSON name : ./data/scene_datasets/hm3d/val/00844-q5QZSEeHe5g/q5QZSEeHe5g.basis.stage_config.json from original name : ./data/scene_datasets/hm3d/val/00844-q5QZSEeHe5g/q5QZSEeHe5g.basis.glb| This file does not exist.
[12:20:25:484782]:[Metadata] AbstractObjectAttributesManagerBase.h(184)::createObject : File (./data/scene_datasets/hm3d/val/00844-q5QZSEeHe5g/q5QZSEeHe5g.basis.glb) exists but is not a recognized config filename extension, so new default Stage Template attributes created and registered.
[12:20:25:484789]:[Metadata] AttributesManagerBase.h(285)::loadAllFileBasedTemplates : <Stage Template> : Loaded file-based templates: 1
[12:20:25:484807]:[Metadata] AttributesManagerBase.h(352)::buildAttrSrcPathsFromJSONAndLoad : Glob path result for ./data/scene_datasets/hm3d/val/00847-bCPU9suPUw9/*.basis.glb : ./data/scene_datasets/hm3d/val/00847-bCPU9suPUw9/bCPU9suPUw9.basis.glb
[12:20:25:484819]:[Metadata] AttributesManagerBase.h(265)::loadAllFileBasedTemplates : Loading 1  Stage Template templates found in ./data/scene_datasets/hm3d/val/00847-bCPU9suPUw9
[12:20:25:484826]:[Metadata] AttributesManagerBase.h(380)::createFromJsonOrDefaultInternal : <Stage Template>: Proposing JSON name : ./data/scene_datasets/hm3d/val/00847-bCPU9suPUw9/bCPU9suPUw9.basis.stage_config.json from original name : ./data/scene_datasets/hm3d/val/00847-bCPU9suPUw9/bCPU9suPUw9.basis.glb| This file does not exist.
[12:20:25:484851]:[Metadata] AbstractObjectAttributesManagerBase.h(184)::createObject : File (./data/scene_datasets/hm3d/val/00847-bCPU9suPUw9/bCPU9suPUw9.basis.glb) exists but is not a recognized config filename extension, so new default Stage Template attributes created and registered.
[12:20:25:484858]:[Metadata] AttributesManagerBase.h(285)::loadAllFileBasedTemplates : <Stage Template> : Loaded file-based templates: 1
[12:20:25:484875]:[Metadata] AttributesManagerBase.h(352)::buildAttrSrcPathsFromJSONAndLoad : Glob path result for ./data/scene_datasets/hm3d/val/00848-ziup5kvtCCR/*.basis.glb : ./data/scene_datasets/hm3d/val/00848-ziup5kvtCCR/ziup5kvtCCR.basis.glb
[12:20:25:484886]:[Metadata] AttributesManagerBase.h(265)::loadAllFileBasedTemplates : Loading 1  Stage Template templates found in ./data/scene_datasets/hm3d/val/00848-ziup5kvtCCR
[12:20:25:484894]:[Metadata] AttributesManagerBase.h(380)::createFromJsonOrDefaultInternal : <Stage Template>: Proposing JSON name : ./data/scene_datasets/hm3d/val/00848-ziup5kvtCCR/ziup5kvtCCR.basis.stage_config.json from original name : ./data/scene_datasets/hm3d/val/00848-ziup5kvtCCR/ziup5kvtCCR.basis.glb| This file does not exist.
[12:20:25:484920]:[Metadata] AbstractObjectAttributesManagerBase.h(184)::createObject : File (./data/scene_datasets/hm3d/val/00848-ziup5kvtCCR/ziup5kvtCCR.basis.glb) exists but is not a recognized config filename extension, so new default Stage Template attributes created and registered.
[12:20:25:484927]:[Metadata] AttributesManagerBase.h(285)::loadAllFileBasedTemplates : <Stage Template> : Loaded file-based templates: 1
[12:20:25:484944]:[Metadata] AttributesManagerBase.h(352)::buildAttrSrcPathsFromJSONAndLoad : Glob path result for ./data/scene_datasets/hm3d/val/00849-a8BtkwhxdRV/*.basis.glb : ./data/scene_datasets/hm3d/val/00849-a8BtkwhxdRV/a8BtkwhxdRV.basis.glb
[12:20:25:484956]:[Metadata] AttributesManagerBase.h(265)::loadAllFileBasedTemplates : Loading 1  Stage Template templates found in ./data/scene_datasets/hm3d/val/00849-a8BtkwhxdRV
[12:20:25:484963]:[Metadata] AttributesManagerBase.h(380)::createFromJsonOrDefaultInternal : <Stage Template>: Proposing JSON name : ./data/scene_datasets/hm3d/val/00849-a8BtkwhxdRV/a8BtkwhxdRV.basis.stage_config.json from original name : ./data/scene_datasets/hm3d/val/00849-a8BtkwhxdRV/a8BtkwhxdRV.basis.glb| This file does not exist.
[12:20:25:484988]:[Metadata] AbstractObjectAttributesManagerBase.h(184)::createObject : File (./data/scene_datasets/hm3d/val/00849-a8BtkwhxdRV/a8BtkwhxdRV.basis.glb) exists but is not a recognized config filename extension, so new default Stage Template attributes created and registered.
[12:20:25:484995]:[Metadata] AttributesManagerBase.h(285)::loadAllFileBasedTemplates : <Stage Template> : Loaded file-based templates: 1
[12:20:25:485012]:[Metadata] AttributesManagerBase.h(352)::buildAttrSrcPathsFromJSONAndLoad : Glob path result for ./data/scene_datasets/hm3d/val/00853-5cdEh9F2hJL/*.basis.glb : ./data/scene_datasets/hm3d/val/00853-5cdEh9F2hJL/5cdEh9F2hJL.basis.glb
[12:20:25:485024]:[Metadata] AttributesManagerBase.h(265)::loadAllFileBasedTemplates : Loading 1  Stage Template templates found in ./data/scene_datasets/hm3d/val/00853-5cdEh9F2hJL
[12:20:25:485031]:[Metadata] AttributesManagerBase.h(380)::createFromJsonOrDefaultInternal : <Stage Template>: Proposing JSON name : ./data/scene_datasets/hm3d/val/00853-5cdEh9F2hJL/5cdEh9F2hJL.basis.stage_config.json from original name : ./data/scene_datasets/hm3d/val/00853-5cdEh9F2hJL/5cdEh9F2hJL.basis.glb| This file does not exist.
[12:20:25:485056]:[Metadata] AbstractObjectAttributesManagerBase.h(184)::createObject : File (./data/scene_datasets/hm3d/val/00853-5cdEh9F2hJL/5cdEh9F2hJL.basis.glb) exists but is not a recognized config filename extension, so new default Stage Template attributes created and registered.
[12:20:25:485063]:[Metadata] AttributesManagerBase.h(285)::loadAllFileBasedTemplates : <Stage Template> : Loaded file-based templates: 1
[12:20:25:485089]:[Metadata] AttributesManagerBase.h(352)::buildAttrSrcPathsFromJSONAndLoad : Glob path result for ./data/scene_datasets/hm3d/val/00861-GLAQ4DNUx5U/*.basis.glb : ./data/scene_datasets/hm3d/val/00861-GLAQ4DNUx5U/GLAQ4DNUx5U.basis.glb
[12:20:25:485102]:[Metadata] AttributesManagerBase.h(265)::loadAllFileBasedTemplates : Loading 1  Stage Template templates found in ./data/scene_datasets/hm3d/val/00861-GLAQ4DNUx5U
[12:20:25:485110]:[Metadata] AttributesManagerBase.h(380)::createFromJsonOrDefaultInternal : <Stage Template>: Proposing JSON name : ./data/scene_datasets/hm3d/val/00861-GLAQ4DNUx5U/GLAQ4DNUx5U.basis.stage_config.json from original name : ./data/scene_datasets/hm3d/val/00861-GLAQ4DNUx5U/GLAQ4DNUx5U.basis.glb| This file does not exist.
[12:20:25:485135]:[Metadata] AbstractObjectAttributesManagerBase.h(184)::createObject : File (./data/scene_datasets/hm3d/val/00861-GLAQ4DNUx5U/GLAQ4DNUx5U.basis.glb) exists but is not a recognized config filename extension, so new default Stage Template attributes created and registered.
[12:20:25:485142]:[Metadata] AttributesManagerBase.h(285)::loadAllFileBasedTemplates : <Stage Template> : Loaded file-based templates: 1
[12:20:25:485159]:[Metadata] AttributesManagerBase.h(352)::buildAttrSrcPathsFromJSONAndLoad : Glob path result for ./data/scene_datasets/hm3d/val/00862-LT9Jq6dN3Ea/*.basis.glb : ./data/scene_datasets/hm3d/val/00862-LT9Jq6dN3Ea/LT9Jq6dN3Ea.basis.glb
[12:20:25:485171]:[Metadata] AttributesManagerBase.h(265)::loadAllFileBasedTemplates : Loading 1  Stage Template templates found in ./data/scene_datasets/hm3d/val/00862-LT9Jq6dN3Ea
[12:20:25:485179]:[Metadata] AttributesManagerBase.h(380)::createFromJsonOrDefaultInternal : <Stage Template>: Proposing JSON name : ./data/scene_datasets/hm3d/val/00862-LT9Jq6dN3Ea/LT9Jq6dN3Ea.basis.stage_config.json from original name : ./data/scene_datasets/hm3d/val/00862-LT9Jq6dN3Ea/LT9Jq6dN3Ea.basis.glb| This file does not exist.
[12:20:25:485203]:[Metadata] AbstractObjectAttributesManagerBase.h(184)::createObject : File (./data/scene_datasets/hm3d/val/00862-LT9Jq6dN3Ea/LT9Jq6dN3Ea.basis.glb) exists but is not a recognized config filename extension, so new default Stage Template attributes created and registered.
[12:20:25:485210]:[Metadata] AttributesManagerBase.h(285)::loadAllFileBasedTemplates : <Stage Template> : Loaded file-based templates: 1
[12:20:25:485227]:[Metadata] AttributesManagerBase.h(352)::buildAttrSrcPathsFromJSONAndLoad : Glob path result for ./data/scene_datasets/hm3d/val/00869-MHPLjHsuG27/*.basis.glb : ./data/scene_datasets/hm3d/val/00869-MHPLjHsuG27/MHPLjHsuG27.basis.glb
[12:20:25:485239]:[Metadata] AttributesManagerBase.h(265)::loadAllFileBasedTemplates : Loading 1  Stage Template templates found in ./data/scene_datasets/hm3d/val/00869-MHPLjHsuG27
[12:20:25:485247]:[Metadata] AttributesManagerBase.h(380)::createFromJsonOrDefaultInternal : <Stage Template>: Proposing JSON name : ./data/scene_datasets/hm3d/val/00869-MHPLjHsuG27/MHPLjHsuG27.basis.stage_config.json from original name : ./data/scene_datasets/hm3d/val/00869-MHPLjHsuG27/MHPLjHsuG27.basis.glb| This file does not exist.
[12:20:25:485273]:[Metadata] AbstractObjectAttributesManagerBase.h(184)::createObject : File (./data/scene_datasets/hm3d/val/00869-MHPLjHsuG27/MHPLjHsuG27.basis.glb) exists but is not a recognized config filename extension, so new default Stage Template attributes created and registered.
[12:20:25:485282]:[Metadata] AttributesManagerBase.h(285)::loadAllFileBasedTemplates : <Stage Template> : Loaded file-based templates: 1
[12:20:25:485299]:[Metadata] AttributesManagerBase.h(352)::buildAttrSrcPathsFromJSONAndLoad : Glob path result for ./data/scene_datasets/hm3d/val/00871-VBzV5z6i1WS/*.basis.glb : ./data/scene_datasets/hm3d/val/00871-VBzV5z6i1WS/VBzV5z6i1WS.basis.glb
[12:20:25:485311]:[Metadata] AttributesManagerBase.h(265)::loadAllFileBasedTemplates : Loading 1  Stage Template templates found in ./data/scene_datasets/hm3d/val/00871-VBzV5z6i1WS
[12:20:25:485319]:[Metadata] AttributesManagerBase.h(380)::createFromJsonOrDefaultInternal : <Stage Template>: Proposing JSON name : ./data/scene_datasets/hm3d/val/00871-VBzV5z6i1WS/VBzV5z6i1WS.basis.stage_config.json from original name : ./data/scene_datasets/hm3d/val/00871-VBzV5z6i1WS/VBzV5z6i1WS.basis.glb| This file does not exist.
[12:20:25:485345]:[Metadata] AbstractObjectAttributesManagerBase.h(184)::createObject : File (./data/scene_datasets/hm3d/val/00871-VBzV5z6i1WS/VBzV5z6i1WS.basis.glb) exists but is not a recognized config filename extension, so new default Stage Template attributes created and registered.
[12:20:25:485352]:[Metadata] AttributesManagerBase.h(285)::loadAllFileBasedTemplates : <Stage Template> : Loaded file-based templates: 1
[12:20:25:485369]:[Metadata] AttributesManagerBase.h(352)::buildAttrSrcPathsFromJSONAndLoad : Glob path result for ./data/scene_datasets/hm3d/val/00873-bxsVRursffK/*.basis.glb : ./data/scene_datasets/hm3d/val/00873-bxsVRursffK/bxsVRursffK.basis.glb
[12:20:25:485381]:[Metadata] AttributesManagerBase.h(265)::loadAllFileBasedTemplates : Loading 1  Stage Template templates found in ./data/scene_datasets/hm3d/val/00873-bxsVRursffK
[12:20:25:485389]:[Metadata] AttributesManagerBase.h(380)::createFromJsonOrDefaultInternal : <Stage Template>: Proposing JSON name : ./data/scene_datasets/hm3d/val/00873-bxsVRursffK/bxsVRursffK.basis.stage_config.json from original name : ./data/scene_datasets/hm3d/val/00873-bxsVRursffK/bxsVRursffK.basis.glb| This file does not exist.
[12:20:25:485416]:[Metadata] AbstractObjectAttributesManagerBase.h(184)::createObject : File (./data/scene_datasets/hm3d/val/00873-bxsVRursffK/bxsVRursffK.basis.glb) exists but is not a recognized config filename extension, so new default Stage Template attributes created and registered.
[12:20:25:485423]:[Metadata] AttributesManagerBase.h(285)::loadAllFileBasedTemplates : <Stage Template> : Loaded file-based templates: 1
[12:20:25:485440]:[Metadata] AttributesManagerBase.h(352)::buildAttrSrcPathsFromJSONAndLoad : Glob path result for ./data/scene_datasets/hm3d/val/00876-mv2HUxq3B53/*.basis.glb : ./data/scene_datasets/hm3d/val/00876-mv2HUxq3B53/mv2HUxq3B53.basis.glb
[12:20:25:485452]:[Metadata] AttributesManagerBase.h(265)::loadAllFileBasedTemplates : Loading 1  Stage Template templates found in ./data/scene_datasets/hm3d/val/00876-mv2HUxq3B53
[12:20:25:485460]:[Metadata] AttributesManagerBase.h(380)::createFromJsonOrDefaultInternal : <Stage Template>: Proposing JSON name : ./data/scene_datasets/hm3d/val/00876-mv2HUxq3B53/mv2HUxq3B53.basis.stage_config.json from original name : ./data/scene_datasets/hm3d/val/00876-mv2HUxq3B53/mv2HUxq3B53.basis.glb| This file does not exist.
[12:20:25:485486]:[Metadata] AbstractObjectAttributesManagerBase.h(184)::createObject : File (./data/scene_datasets/hm3d/val/00876-mv2HUxq3B53/mv2HUxq3B53.basis.glb) exists but is not a recognized config filename extension, so new default Stage Template attributes created and registered.
[12:20:25:485493]:[Metadata] AttributesManagerBase.h(285)::loadAllFileBasedTemplates : <Stage Template> : Loaded file-based templates: 1
[12:20:25:485511]:[Metadata] AttributesManagerBase.h(352)::buildAttrSrcPathsFromJSONAndLoad : Glob path result for ./data/scene_datasets/hm3d/val/00877-4ok3usBNeis/*.basis.glb : ./data/scene_datasets/hm3d/val/00877-4ok3usBNeis/4ok3usBNeis.basis.glb
[12:20:25:485523]:[Metadata] AttributesManagerBase.h(265)::loadAllFileBasedTemplates : Loading 1  Stage Template templates found in ./data/scene_datasets/hm3d/val/00877-4ok3usBNeis
[12:20:25:485531]:[Metadata] AttributesManagerBase.h(380)::createFromJsonOrDefaultInternal : <Stage Template>: Proposing JSON name : ./data/scene_datasets/hm3d/val/00877-4ok3usBNeis/4ok3usBNeis.basis.stage_config.json from original name : ./data/scene_datasets/hm3d/val/00877-4ok3usBNeis/4ok3usBNeis.basis.glb| This file does not exist.
[12:20:25:485556]:[Metadata] AbstractObjectAttributesManagerBase.h(184)::createObject : File (./data/scene_datasets/hm3d/val/00877-4ok3usBNeis/4ok3usBNeis.basis.glb) exists but is not a recognized config filename extension, so new default Stage Template attributes created and registered.
[12:20:25:485563]:[Metadata] AttributesManagerBase.h(285)::loadAllFileBasedTemplates : <Stage Template> : Loaded file-based templates: 1
[12:20:25:485580]:[Metadata] AttributesManagerBase.h(352)::buildAttrSrcPathsFromJSONAndLoad : Glob path result for ./data/scene_datasets/hm3d/val/00878-XB4GS9ShBRE/*.basis.glb : ./data/scene_datasets/hm3d/val/00878-XB4GS9ShBRE/XB4GS9ShBRE.basis.glb
[12:20:25:485593]:[Metadata] AttributesManagerBase.h(265)::loadAllFileBasedTemplates : Loading 1  Stage Template templates found in ./data/scene_datasets/hm3d/val/00878-XB4GS9ShBRE
[12:20:25:485600]:[Metadata] AttributesManagerBase.h(380)::createFromJsonOrDefaultInternal : <Stage Template>: Proposing JSON name : ./data/scene_datasets/hm3d/val/00878-XB4GS9ShBRE/XB4GS9ShBRE.basis.stage_config.json from original name : ./data/scene_datasets/hm3d/val/00878-XB4GS9ShBRE/XB4GS9ShBRE.basis.glb| This file does not exist.
[12:20:25:485626]:[Metadata] AbstractObjectAttributesManagerBase.h(184)::createObject : File (./data/scene_datasets/hm3d/val/00878-XB4GS9ShBRE/XB4GS9ShBRE.basis.glb) exists but is not a recognized config filename extension, so new default Stage Template attributes created and registered.
[12:20:25:485634]:[Metadata] AttributesManagerBase.h(285)::loadAllFileBasedTemplates : <Stage Template> : Loaded file-based templates: 1
[12:20:25:485651]:[Metadata] AttributesManagerBase.h(352)::buildAttrSrcPathsFromJSONAndLoad : Glob path result for ./data/scene_datasets/hm3d/val/00880-Nfvxx8J5NCo/*.basis.glb : ./data/scene_datasets/hm3d/val/00880-Nfvxx8J5NCo/Nfvxx8J5NCo.basis.glb
[12:20:25:485663]:[Metadata] AttributesManagerBase.h(265)::loadAllFileBasedTemplates : Loading 1  Stage Template templates found in ./data/scene_datasets/hm3d/val/00880-Nfvxx8J5NCo
[12:20:25:485671]:[Metadata] AttributesManagerBase.h(380)::createFromJsonOrDefaultInternal : <Stage Template>: Proposing JSON name : ./data/scene_datasets/hm3d/val/00880-Nfvxx8J5NCo/Nfvxx8J5NCo.basis.stage_config.json from original name : ./data/scene_datasets/hm3d/val/00880-Nfvxx8J5NCo/Nfvxx8J5NCo.basis.glb| This file does not exist.
[12:20:25:485695]:[Metadata] AbstractObjectAttributesManagerBase.h(184)::createObject : File (./data/scene_datasets/hm3d/val/00880-Nfvxx8J5NCo/Nfvxx8J5NCo.basis.glb) exists but is not a recognized config filename extension, so new default Stage Template attributes created and registered.
[12:20:25:485702]:[Metadata] AttributesManagerBase.h(285)::loadAllFileBasedTemplates : <Stage Template> : Loaded file-based templates: 1
[12:20:25:485719]:[Metadata] AttributesManagerBase.h(352)::buildAttrSrcPathsFromJSONAndLoad : Glob path result for ./data/scene_datasets/hm3d/val/00890-6s7QHgap2fW/*.basis.glb : ./data/scene_datasets/hm3d/val/00890-6s7QHgap2fW/6s7QHgap2fW.basis.glb
[12:20:25:485731]:[Metadata] AttributesManagerBase.h(265)::loadAllFileBasedTemplates : Loading 1  Stage Template templates found in ./data/scene_datasets/hm3d/val/00890-6s7QHgap2fW
[12:20:25:485739]:[Metadata] AttributesManagerBase.h(380)::createFromJsonOrDefaultInternal : <Stage Template>: Proposing JSON name : ./data/scene_datasets/hm3d/val/00890-6s7QHgap2fW/6s7QHgap2fW.basis.stage_config.json from original name : ./data/scene_datasets/hm3d/val/00890-6s7QHgap2fW/6s7QHgap2fW.basis.glb| This file does not exist.
[12:20:25:485763]:[Metadata] AbstractObjectAttributesManagerBase.h(184)::createObject : File (./data/scene_datasets/hm3d/val/00890-6s7QHgap2fW/6s7QHgap2fW.basis.glb) exists but is not a recognized config filename extension, so new default Stage Template attributes created and registered.
[12:20:25:485770]:[Metadata] AttributesManagerBase.h(285)::loadAllFileBasedTemplates : <Stage Template> : Loaded file-based templates: 1
[12:20:25:485787]:[Metadata] AttributesManagerBase.h(352)::buildAttrSrcPathsFromJSONAndLoad : Glob path result for ./data/scene_datasets/hm3d/val/00891-cvZr5TUy5C5/*.basis.glb : ./data/scene_datasets/hm3d/val/00891-cvZr5TUy5C5/cvZr5TUy5C5.basis.glb
[12:20:25:485799]:[Metadata] AttributesManagerBase.h(265)::loadAllFileBasedTemplates : Loading 1  Stage Template templates found in ./data/scene_datasets/hm3d/val/00891-cvZr5TUy5C5
[12:20:25:485807]:[Metadata] AttributesManagerBase.h(380)::createFromJsonOrDefaultInternal : <Stage Template>: Proposing JSON name : ./data/scene_datasets/hm3d/val/00891-cvZr5TUy5C5/cvZr5TUy5C5.basis.stage_config.json from original name : ./data/scene_datasets/hm3d/val/00891-cvZr5TUy5C5/cvZr5TUy5C5.basis.glb| This file does not exist.
[12:20:25:485831]:[Metadata] AbstractObjectAttributesManagerBase.h(184)::createObject : File (./data/scene_datasets/hm3d/val/00891-cvZr5TUy5C5/cvZr5TUy5C5.basis.glb) exists but is not a recognized config filename extension, so new default Stage Template attributes created and registered.
[12:20:25:485838]:[Metadata] AttributesManagerBase.h(285)::loadAllFileBasedTemplates : <Stage Template> : Loaded file-based templates: 1
[12:20:25:485856]:[Metadata] AttributesManagerBase.h(352)::buildAttrSrcPathsFromJSONAndLoad : Glob path result for ./data/scene_datasets/hm3d/val/00894-HY1NcmCgn3n/*.basis.glb : ./data/scene_datasets/hm3d/val/00894-HY1NcmCgn3n/HY1NcmCgn3n.basis.glb
[12:20:25:485867]:[Metadata] AttributesManagerBase.h(265)::loadAllFileBasedTemplates : Loading 1  Stage Template templates found in ./data/scene_datasets/hm3d/val/00894-HY1NcmCgn3n
[12:20:25:485875]:[Metadata] AttributesManagerBase.h(380)::createFromJsonOrDefaultInternal : <Stage Template>: Proposing JSON name : ./data/scene_datasets/hm3d/val/00894-HY1NcmCgn3n/HY1NcmCgn3n.basis.stage_config.json from original name : ./data/scene_datasets/hm3d/val/00894-HY1NcmCgn3n/HY1NcmCgn3n.basis.glb| This file does not exist.
[12:20:25:485900]:[Metadata] AbstractObjectAttributesManagerBase.h(184)::createObject : File (./data/scene_datasets/hm3d/val/00894-HY1NcmCgn3n/HY1NcmCgn3n.basis.glb) exists but is not a recognized config filename extension, so new default Stage Template attributes created and registered.
[12:20:25:485907]:[Metadata] AttributesManagerBase.h(285)::loadAllFileBasedTemplates : <Stage Template> : Loaded file-based templates: 1
[12:20:25:485912]:[Metadata] AttributesManagerBase.h(360)::buildAttrSrcPathsFromJSONAndLoad : <Stage Template>:221paths specified in JSON doc forStage Templatetemplates.
[12:20:25:485927]:[Metadata] SceneInstanceAttributesManager.cpp(67)::setValsFromJSONDoc : No Stage specified for scene default_attributes , or specification error.
[12:20:25:485937]:[Metadata] SceneInstanceAttributesManager.cpp(107)::setValsFromJSONDoc : No Articulated Objects specified for scene default_attributes , or specification error.
[12:20:25:485945]:[Metadata] SceneInstanceAttributesManager.cpp(127)::setValsFromJSONDoc : No navmesh_instance specified for scene default_attributes .
[12:20:25:485952]:[Metadata] SceneInstanceAttributesManager.cpp(137)::setValsFromJSONDoc : No semantic_scene_instance specified for scene default_attributes .
[12:20:25:485961]:[Metadata] SceneDatasetAttributesManager.cpp(310)::readDatasetJSONCell : "scene_instances.default_attributes" set in Attributes Manager from JSON.
[12:20:25:485971]:[Metadata] AttributesManagerBase.h(357)::buildAttrSrcPathsFromJSONAndLoad : No Glob path result for ./data/scene_datasets/hm3d/example/00861-GLAQ4DNUx5U/*.basis.scene_instance.json
[12:20:25:485980]:[Metadata] AttributesManagerBase.h(357)::buildAttrSrcPathsFromJSONAndLoad : No Glob path result for ./data/scene_datasets/hm3d/minival/00800-TEEsavR23oF/*.basis.scene_instance.json
[12:20:25:485989]:[Metadata] AttributesManagerBase.h(357)::buildAttrSrcPathsFromJSONAndLoad : No Glob path result for ./data/scene_datasets/hm3d/minival/00802-wcojb4TFT35/*.basis.scene_instance.json
[12:20:25:485997]:[Metadata] AttributesManagerBase.h(357)::buildAttrSrcPathsFromJSONAndLoad : No Glob path result for ./data/scene_datasets/hm3d/minival/00803-k1cupFYWXJ6/*.basis.scene_instance.json
[12:20:25:486007]:[Metadata] AttributesManagerBase.h(357)::buildAttrSrcPathsFromJSONAndLoad : No Glob path result for ./data/scene_datasets/hm3d/minival/00808-y9hTuugGdiq/*.basis.scene_instance.json
[12:20:25:486016]:[Metadata] AttributesManagerBase.h(357)::buildAttrSrcPathsFromJSONAndLoad : No Glob path result for ./data/scene_datasets/hm3d/test/00900-XRJ2muKkwAV/*.basis.scene_instance.json
[12:20:25:486024]:[Metadata] AttributesManagerBase.h(357)::buildAttrSrcPathsFromJSONAndLoad : No Glob path result for ./data/scene_datasets/hm3d/test/00901-aJoC8Qw6xQ5/*.basis.scene_instance.json
[12:20:25:486032]:[Metadata] AttributesManagerBase.h(357)::buildAttrSrcPathsFromJSONAndLoad : No Glob path result for ./data/scene_datasets/hm3d/test/00904-S9CUp5RsFY9/*.basis.scene_instance.json
[12:20:25:486040]:[Metadata] AttributesManagerBase.h(357)::buildAttrSrcPathsFromJSONAndLoad : No Glob path result for ./data/scene_datasets/hm3d/test/00905-9v5HzFAB1cm/*.basis.scene_instance.json
[12:20:25:486049]:[Metadata] AttributesManagerBase.h(357)::buildAttrSrcPathsFromJSONAndLoad : No Glob path result for ./data/scene_datasets/hm3d/test/00907-WGxjrSp71zX/*.basis.scene_instance.json
[12:20:25:486058]:[Metadata] AttributesManagerBase.h(357)::buildAttrSrcPathsFromJSONAndLoad : No Glob path result for ./data/scene_datasets/hm3d/test/00909-MrKys1cv4jD/*.basis.scene_instance.json
[12:20:25:486067]:[Metadata] AttributesManagerBase.h(357)::buildAttrSrcPathsFromJSONAndLoad : No Glob path result for ./data/scene_datasets/hm3d/test/00910-jE7Qzu3FyJD/*.basis.scene_instance.json
[12:20:25:486082]:[Metadata] AttributesManagerBase.h(357)::buildAttrSrcPathsFromJSONAndLoad : No Glob path result for ./data/scene_datasets/hm3d/test/00911-a8h4mZT8buN/*.basis.scene_instance.json
[12:20:25:486091]:[Metadata] AttributesManagerBase.h(357)::buildAttrSrcPathsFromJSONAndLoad : No Glob path result for ./data/scene_datasets/hm3d/test/00913-URu5ybF8PrH/*.basis.scene_instance.json
[12:20:25:486100]:[Metadata] AttributesManagerBase.h(357)::buildAttrSrcPathsFromJSONAndLoad : No Glob path result for ./data/scene_datasets/hm3d/test/00914-TxyEAAVD4iD/*.basis.scene_instance.json
[12:20:25:486108]:[Metadata] AttributesManagerBase.h(357)::buildAttrSrcPathsFromJSONAndLoad : No Glob path result for ./data/scene_datasets/hm3d/test/00915-ieavb8rbmA9/*.basis.scene_instance.json
[12:20:25:486116]:[Metadata] AttributesManagerBase.h(357)::buildAttrSrcPathsFromJSONAndLoad : No Glob path result for ./data/scene_datasets/hm3d/test/00918-NQX2SZD1TMJ/*.basis.scene_instance.json
[12:20:25:486125]:[Metadata] AttributesManagerBase.h(357)::buildAttrSrcPathsFromJSONAndLoad : No Glob path result for ./data/scene_datasets/hm3d/test/00921-nhtTwUrWv7v/*.basis.scene_instance.json
[12:20:25:486133]:[Metadata] AttributesManagerBase.h(357)::buildAttrSrcPathsFromJSONAndLoad : No Glob path result for ./data/scene_datasets/hm3d/test/00925-4QUpJVDQ1DN/*.basis.scene_instance.json
[12:20:25:486141]:[Metadata] AttributesManagerBase.h(357)::buildAttrSrcPathsFromJSONAndLoad : No Glob path result for ./data/scene_datasets/hm3d/test/00926-egVUByjgpHU/*.basis.scene_instance.json
[12:20:25:486150]:[Metadata] AttributesManagerBase.h(357)::buildAttrSrcPathsFromJSONAndLoad : No Glob path result for ./data/scene_datasets/hm3d/test/00927-kucQY8TbKkz/*.basis.scene_instance.json
[12:20:25:486159]:[Metadata] AttributesManagerBase.h(357)::buildAttrSrcPathsFromJSONAndLoad : No Glob path result for ./data/scene_datasets/hm3d/test/00929-azb2LDaMrGZ/*.basis.scene_instance.json
[12:20:25:486167]:[Metadata] AttributesManagerBase.h(357)::buildAttrSrcPathsFromJSONAndLoad : No Glob path result for ./data/scene_datasets/hm3d/test/00939-VedHjk858Vu/*.basis.scene_instance.json
[12:20:25:486176]:[Metadata] AttributesManagerBase.h(357)::buildAttrSrcPathsFromJSONAndLoad : No Glob path result for ./data/scene_datasets/hm3d/test/00940-oHcTqmvveM7/*.basis.scene_instance.json
[12:20:25:486185]:[Metadata] AttributesManagerBase.h(357)::buildAttrSrcPathsFromJSONAndLoad : No Glob path result for ./data/scene_datasets/hm3d/test/00947-fyZC1Whhj9i/*.basis.scene_instance.json
[12:20:25:486193]:[Metadata] AttributesManagerBase.h(357)::buildAttrSrcPathsFromJSONAndLoad : No Glob path result for ./data/scene_datasets/hm3d/test/00951-RGvKsZAErEk/*.basis.scene_instance.json
[12:20:25:486202]:[Metadata] AttributesManagerBase.h(357)::buildAttrSrcPathsFromJSONAndLoad : No Glob path result for ./data/scene_datasets/hm3d/test/00952-ogAZhviACbN/*.basis.scene_instance.json
[12:20:25:486210]:[Metadata] AttributesManagerBase.h(357)::buildAttrSrcPathsFromJSONAndLoad : No Glob path result for ./data/scene_datasets/hm3d/test/00955-5TxBa2qkcAh/*.basis.scene_instance.json
[12:20:25:486219]:[Metadata] AttributesManagerBase.h(357)::buildAttrSrcPathsFromJSONAndLoad : No Glob path result for ./data/scene_datasets/hm3d/test/00956-oNiVkiFKkAr/*.basis.scene_instance.json
[12:20:25:486228]:[Metadata] AttributesManagerBase.h(357)::buildAttrSrcPathsFromJSONAndLoad : No Glob path result for ./data/scene_datasets/hm3d/test/00957-DowRMDn4MVe/*.basis.scene_instance.json
[12:20:25:486236]:[Metadata] AttributesManagerBase.h(357)::buildAttrSrcPathsFromJSONAndLoad : No Glob path result for ./data/scene_datasets/hm3d/test/00961-dU7KLdn2Kcd/*.basis.scene_instance.json
[12:20:25:486245]:[Metadata] AttributesManagerBase.h(357)::buildAttrSrcPathsFromJSONAndLoad : No Glob path result for ./data/scene_datasets/hm3d/test/00963-awRQoguC7TN/*.basis.scene_instance.json
[12:20:25:486254]:[Metadata] AttributesManagerBase.h(357)::buildAttrSrcPathsFromJSONAndLoad : No Glob path result for ./data/scene_datasets/hm3d/test/00967-XwXCfkthawu/*.basis.scene_instance.json
[12:20:25:486262]:[Metadata] AttributesManagerBase.h(357)::buildAttrSrcPathsFromJSONAndLoad : No Glob path result for ./data/scene_datasets/hm3d/test/00970-kUmc6DP2tff/*.basis.scene_instance.json
[12:20:25:486271]:[Metadata] AttributesManagerBase.h(357)::buildAttrSrcPathsFromJSONAndLoad : No Glob path result for ./data/scene_datasets/hm3d/test/00977-1cQ7WUQgXJ4/*.basis.scene_instance.json
[12:20:25:486279]:[Metadata] AttributesManagerBase.h(357)::buildAttrSrcPathsFromJSONAndLoad : No Glob path result for ./data/scene_datasets/hm3d/test/00978-sZJ5zo6FrEe/*.basis.scene_instance.json
[12:20:25:486288]:[Metadata] AttributesManagerBase.h(357)::buildAttrSrcPathsFromJSONAndLoad : No Glob path result for ./data/scene_datasets/hm3d/test/00981-Rp8JNfstaew/*.basis.scene_instance.json
[12:20:25:486296]:[Metadata] AttributesManagerBase.h(357)::buildAttrSrcPathsFromJSONAndLoad : No Glob path result for ./data/scene_datasets/hm3d/test/00985-3ZJjFFjJKqZ/*.basis.scene_instance.json
[12:20:25:486305]:[Metadata] AttributesManagerBase.h(357)::buildAttrSrcPathsFromJSONAndLoad : No Glob path result for ./data/scene_datasets/hm3d/test/00989-t9gvgFMoH4R/*.basis.scene_instance.json
[12:20:25:486314]:[Metadata] AttributesManagerBase.h(357)::buildAttrSrcPathsFromJSONAndLoad : No Glob path result for ./data/scene_datasets/hm3d/test/00992-G3AqUkGnykx/*.basis.scene_instance.json
[12:20:25:486324]:[Metadata] AttributesManagerBase.h(357)::buildAttrSrcPathsFromJSONAndLoad : No Glob path result for ./data/scene_datasets/hm3d/train/00006-HkseAnWCgqk/*.basis.scene_instance.json
[12:20:25:486332]:[Metadata] AttributesManagerBase.h(357)::buildAttrSrcPathsFromJSONAndLoad : No Glob path result for ./data/scene_datasets/hm3d/train/00009-vLpv2VX547B/*.basis.scene_instance.json
[12:20:25:486341]:[Metadata] AttributesManagerBase.h(357)::buildAttrSrcPathsFromJSONAndLoad : No Glob path result for ./data/scene_datasets/hm3d/train/00016-qk9eeNeR4vw/*.basis.scene_instance.json
[12:20:25:486350]:[Metadata] AttributesManagerBase.h(357)::buildAttrSrcPathsFromJSONAndLoad : No Glob path result for ./data/scene_datasets/hm3d/train/00017-oEPjPNSPmzL/*.basis.scene_instance.json
[12:20:25:486358]:[Metadata] AttributesManagerBase.h(357)::buildAttrSrcPathsFromJSONAndLoad : No Glob path result for ./data/scene_datasets/hm3d/train/00020-XYyR54sxe6b/*.basis.scene_instance.json
[12:20:25:486367]:[Metadata] AttributesManagerBase.h(357)::buildAttrSrcPathsFromJSONAndLoad : No Glob path result for ./data/scene_datasets/hm3d/train/00022-gmuS7Wgsbrx/*.basis.scene_instance.json
[12:20:25:486376]:[Metadata] AttributesManagerBase.h(357)::buildAttrSrcPathsFromJSONAndLoad : No Glob path result for ./data/scene_datasets/hm3d/train/00023-zepmXAdrpjR/*.basis.scene_instance.json
[12:20:25:486385]:[Metadata] AttributesManagerBase.h(357)::buildAttrSrcPathsFromJSONAndLoad : No Glob path result for ./data/scene_datasets/hm3d/train/00025-ixTj1aTMup2/*.basis.scene_instance.json
[12:20:25:486394]:[Metadata] AttributesManagerBase.h(357)::buildAttrSrcPathsFromJSONAndLoad : No Glob path result for ./data/scene_datasets/hm3d/train/00031-Wo6kuutE9i7/*.basis.scene_instance.json
[12:20:25:486403]:[Metadata] AttributesManagerBase.h(357)::buildAttrSrcPathsFromJSONAndLoad : No Glob path result for ./data/scene_datasets/hm3d/train/00033-oPj9qMxrDEa/*.basis.scene_instance.json
[12:20:25:486412]:[Metadata] AttributesManagerBase.h(357)::buildAttrSrcPathsFromJSONAndLoad : No Glob path result for ./data/scene_datasets/hm3d/train/00034-6imZUJGRUq4/*.basis.scene_instance.json
[12:20:25:486420]:[Metadata] AttributesManagerBase.h(357)::buildAttrSrcPathsFromJSONAndLoad : No Glob path result for ./data/scene_datasets/hm3d/train/00035-3XYAD64HpDr/*.basis.scene_instance.json
[12:20:25:486429]:[Metadata] AttributesManagerBase.h(357)::buildAttrSrcPathsFromJSONAndLoad : No Glob path result for ./data/scene_datasets/hm3d/train/00043-Jfyvj3xn2aJ/*.basis.scene_instance.json
[12:20:25:486438]:[Metadata] AttributesManagerBase.h(357)::buildAttrSrcPathsFromJSONAndLoad : No Glob path result for ./data/scene_datasets/hm3d/train/00055-HxmXPBbFCkH/*.basis.scene_instance.json
[12:20:25:486447]:[Metadata] AttributesManagerBase.h(357)::buildAttrSrcPathsFromJSONAndLoad : No Glob path result for ./data/scene_datasets/hm3d/train/00057-1UnKg1rAb8A/*.basis.scene_instance.json
[12:20:25:486455]:[Metadata] AttributesManagerBase.h(357)::buildAttrSrcPathsFromJSONAndLoad : No Glob path result for ./data/scene_datasets/hm3d/train/00059-kJxT5qssH4H/*.basis.scene_instance.json
[12:20:25:486465]:[Metadata] AttributesManagerBase.h(357)::buildAttrSrcPathsFromJSONAndLoad : No Glob path result for ./data/scene_datasets/hm3d/train/00062-ACZZiU6BXLz/*.basis.scene_instance.json
[12:20:25:486473]:[Metadata] AttributesManagerBase.h(357)::buildAttrSrcPathsFromJSONAndLoad : No Glob path result for ./data/scene_datasets/hm3d/train/00064-gQgtJ9Stk5s/*.basis.scene_instance.json
[12:20:25:486481]:[Metadata] AttributesManagerBase.h(357)::buildAttrSrcPathsFromJSONAndLoad : No Glob path result for ./data/scene_datasets/hm3d/train/00081-5biL7VEkByM/*.basis.scene_instance.json
[12:20:25:486490]:[Metadata] AttributesManagerBase.h(357)::buildAttrSrcPathsFromJSONAndLoad : No Glob path result for ./data/scene_datasets/hm3d/train/00087-YY8rqV6L6rf/*.basis.scene_instance.json
[12:20:25:486499]:[Metadata] AttributesManagerBase.h(357)::buildAttrSrcPathsFromJSONAndLoad : No Glob path result for ./data/scene_datasets/hm3d/train/00096-6HRFAUDqpTb/*.basis.scene_instance.json
[12:20:25:486508]:[Metadata] AttributesManagerBase.h(357)::buildAttrSrcPathsFromJSONAndLoad : No Glob path result for ./data/scene_datasets/hm3d/train/00099-226REUyJh2K/*.basis.scene_instance.json
[12:20:25:486517]:[Metadata] AttributesManagerBase.h(357)::buildAttrSrcPathsFromJSONAndLoad : No Glob path result for ./data/scene_datasets/hm3d/train/00105-xWvSkKiWQpC/*.basis.scene_instance.json
[12:20:25:486525]:[Metadata] AttributesManagerBase.h(357)::buildAttrSrcPathsFromJSONAndLoad : No Glob path result for ./data/scene_datasets/hm3d/train/00108-oStKKWkQ1id/*.basis.scene_instance.json
[12:20:25:486534]:[Metadata] AttributesManagerBase.h(357)::buildAttrSrcPathsFromJSONAndLoad : No Glob path result for ./data/scene_datasets/hm3d/train/00109-GTV2Y73Sn5t/*.basis.scene_instance.json
[12:20:25:486543]:[Metadata] AttributesManagerBase.h(357)::buildAttrSrcPathsFromJSONAndLoad : No Glob path result for ./data/scene_datasets/hm3d/train/00135-HeSYRw7eMtG/*.basis.scene_instance.json
[12:20:25:486551]:[Metadata] AttributesManagerBase.h(357)::buildAttrSrcPathsFromJSONAndLoad : No Glob path result for ./data/scene_datasets/hm3d/train/00141-iigzG1rtanx/*.basis.scene_instance.json
[12:20:25:486560]:[Metadata] AttributesManagerBase.h(357)::buildAttrSrcPathsFromJSONAndLoad : No Glob path result for ./data/scene_datasets/hm3d/train/00143-5Kw4nGdqYtS/*.basis.scene_instance.json
[12:20:25:486568]:[Metadata] AttributesManagerBase.h(357)::buildAttrSrcPathsFromJSONAndLoad : No Glob path result for ./data/scene_datasets/hm3d/train/00149-UuwwmrTsfBN/*.basis.scene_instance.json
[12:20:25:486577]:[Metadata] AttributesManagerBase.h(357)::buildAttrSrcPathsFromJSONAndLoad : No Glob path result for ./data/scene_datasets/hm3d/train/00150-LcAd9dhvVwh/*.basis.scene_instance.json
[12:20:25:486586]:[Metadata] AttributesManagerBase.h(357)::buildAttrSrcPathsFromJSONAndLoad : No Glob path result for ./data/scene_datasets/hm3d/train/00155-iLDo95ZbDJq/*.basis.scene_instance.json
[12:20:25:486595]:[Metadata] AttributesManagerBase.h(357)::buildAttrSrcPathsFromJSONAndLoad : No Glob path result for ./data/scene_datasets/hm3d/train/00164-XfUxBGTFQQb/*.basis.scene_instance.json
[12:20:25:486604]:[Metadata] AttributesManagerBase.h(357)::buildAttrSrcPathsFromJSONAndLoad : No Glob path result for ./data/scene_datasets/hm3d/train/00166-RaYrxWt5pR1/*.basis.scene_instance.json
[12:20:25:486612]:[Metadata] AttributesManagerBase.h(357)::buildAttrSrcPathsFromJSONAndLoad : No Glob path result for ./data/scene_datasets/hm3d/train/00168-bHKTDQFJxTw/*.basis.scene_instance.json
[12:20:25:486621]:[Metadata] AttributesManagerBase.h(357)::buildAttrSrcPathsFromJSONAndLoad : No Glob path result for ./data/scene_datasets/hm3d/train/00172-bB6nKqfsb1z/*.basis.scene_instance.json
[12:20:25:486630]:[Metadata] AttributesManagerBase.h(357)::buildAttrSrcPathsFromJSONAndLoad : No Glob path result for ./data/scene_datasets/hm3d/train/00173-qZ4B7U6XE5Y/*.basis.scene_instance.json
[12:20:25:486640]:[Metadata] AttributesManagerBase.h(357)::buildAttrSrcPathsFromJSONAndLoad : No Glob path result for ./data/scene_datasets/hm3d/train/00177-VSxVP19Cdyw/*.basis.scene_instance.json
[12:20:25:486648]:[Metadata] AttributesManagerBase.h(357)::buildAttrSrcPathsFromJSONAndLoad : No Glob path result for ./data/scene_datasets/hm3d/train/00179-MVVzj944atG/*.basis.scene_instance.json
[12:20:25:486657]:[Metadata] AttributesManagerBase.h(357)::buildAttrSrcPathsFromJSONAndLoad : No Glob path result for ./data/scene_datasets/hm3d/train/00188-dQrLTxHvLXU/*.basis.scene_instance.json
[12:20:25:486666]:[Metadata] AttributesManagerBase.h(357)::buildAttrSrcPathsFromJSONAndLoad : No Glob path result for ./data/scene_datasets/hm3d/train/00203-VoVGtfYrpuQ/*.basis.scene_instance.json
[12:20:25:486675]:[Metadata] AttributesManagerBase.h(357)::buildAttrSrcPathsFromJSONAndLoad : No Glob path result for ./data/scene_datasets/hm3d/train/00205-NEVASPhcrxR/*.basis.scene_instance.json
[12:20:25:486685]:[Metadata] AttributesManagerBase.h(357)::buildAttrSrcPathsFromJSONAndLoad : No Glob path result for ./data/scene_datasets/hm3d/train/00207-FRQ75PjD278/*.basis.scene_instance.json
[12:20:25:486694]:[Metadata] AttributesManagerBase.h(357)::buildAttrSrcPathsFromJSONAndLoad : No Glob path result for ./data/scene_datasets/hm3d/train/00210-j2EJhFEQGCL/*.basis.scene_instance.json
[12:20:25:486703]:[Metadata] AttributesManagerBase.h(357)::buildAttrSrcPathsFromJSONAndLoad : No Glob path result for ./data/scene_datasets/hm3d/train/00217-qz3829g1Lzf/*.basis.scene_instance.json
[12:20:25:486712]:[Metadata] AttributesManagerBase.h(357)::buildAttrSrcPathsFromJSONAndLoad : No Glob path result for ./data/scene_datasets/hm3d/train/00222-g8Xrdbe9fir/*.basis.scene_instance.json
[12:20:25:486720]:[Metadata] AttributesManagerBase.h(357)::buildAttrSrcPathsFromJSONAndLoad : No Glob path result for ./data/scene_datasets/hm3d/train/00234-nACV8wLu1u5/*.basis.scene_instance.json
[12:20:25:486729]:[Metadata] AttributesManagerBase.h(357)::buildAttrSrcPathsFromJSONAndLoad : No Glob path result for ./data/scene_datasets/hm3d/train/00238-j6fHrce9pHR/*.basis.scene_instance.json
[12:20:25:486738]:[Metadata] AttributesManagerBase.h(357)::buildAttrSrcPathsFromJSONAndLoad : No Glob path result for ./data/scene_datasets/hm3d/train/00241-h6nwVLpAKQz/*.basis.scene_instance.json
[12:20:25:486747]:[Metadata] AttributesManagerBase.h(357)::buildAttrSrcPathsFromJSONAndLoad : No Glob path result for ./data/scene_datasets/hm3d/train/00245-741Fdj7NLF9/*.basis.scene_instance.json
[12:20:25:486756]:[Metadata] AttributesManagerBase.h(357)::buildAttrSrcPathsFromJSONAndLoad : No Glob path result for ./data/scene_datasets/hm3d/train/00250-U3oQjwTuMX8/*.basis.scene_instance.json
[12:20:25:486765]:[Metadata] AttributesManagerBase.h(357)::buildAttrSrcPathsFromJSONAndLoad : No Glob path result for ./data/scene_datasets/hm3d/train/00251-wsAYBFtQaL7/*.basis.scene_instance.json
[12:20:25:486774]:[Metadata] AttributesManagerBase.h(357)::buildAttrSrcPathsFromJSONAndLoad : No Glob path result for ./data/scene_datasets/hm3d/train/00254-YMNvYDhK8mB/*.basis.scene_instance.json
[12:20:25:486783]:[Metadata] AttributesManagerBase.h(357)::buildAttrSrcPathsFromJSONAndLoad : No Glob path result for ./data/scene_datasets/hm3d/train/00255-NGyoyh91xXJ/*.basis.scene_instance.json
[12:20:25:486792]:[Metadata] AttributesManagerBase.h(357)::buildAttrSrcPathsFromJSONAndLoad : No Glob path result for ./data/scene_datasets/hm3d/train/00256-92vYG1q49FY/*.basis.scene_instance.json
[12:20:25:486800]:[Metadata] AttributesManagerBase.h(357)::buildAttrSrcPathsFromJSONAndLoad : No Glob path result for ./data/scene_datasets/hm3d/train/00258-2Pc8W48bu21/*.basis.scene_instance.json
[12:20:25:486810]:[Metadata] AttributesManagerBase.h(357)::buildAttrSrcPathsFromJSONAndLoad : No Glob path result for ./data/scene_datasets/hm3d/train/00261-fK2vEV32Lag/*.basis.scene_instance.json
[12:20:25:486819]:[Metadata] AttributesManagerBase.h(357)::buildAttrSrcPathsFromJSONAndLoad : No Glob path result for ./data/scene_datasets/hm3d/train/00262-1xGrZPxG1Hz/*.basis.scene_instance.json
[12:20:25:486828]:[Metadata] AttributesManagerBase.h(357)::buildAttrSrcPathsFromJSONAndLoad : No Glob path result for ./data/scene_datasets/hm3d/train/00263-GGBvSFddQgs/*.basis.scene_instance.json
[12:20:25:486837]:[Metadata] AttributesManagerBase.h(357)::buildAttrSrcPathsFromJSONAndLoad : No Glob path result for ./data/scene_datasets/hm3d/train/00267-gQ3xxshDiCz/*.basis.scene_instance.json
[12:20:25:486845]:[Metadata] AttributesManagerBase.h(357)::buildAttrSrcPathsFromJSONAndLoad : No Glob path result for ./data/scene_datasets/hm3d/train/00269-JNiWU5TZLtt/*.basis.scene_instance.json
[12:20:25:486854]:[Metadata] AttributesManagerBase.h(357)::buildAttrSrcPathsFromJSONAndLoad : No Glob path result for ./data/scene_datasets/hm3d/train/00272-kA2nG18hCAr/*.basis.scene_instance.json
[12:20:25:486864]:[Metadata] AttributesManagerBase.h(357)::buildAttrSrcPathsFromJSONAndLoad : No Glob path result for ./data/scene_datasets/hm3d/train/00294-PPTLa8SkUfo/*.basis.scene_instance.json
[12:20:25:486873]:[Metadata] AttributesManagerBase.h(357)::buildAttrSrcPathsFromJSONAndLoad : No Glob path result for ./data/scene_datasets/hm3d/train/00299-bdp1XNEdvmW/*.basis.scene_instance.json
[12:20:25:486881]:[Metadata] AttributesManagerBase.h(357)::buildAttrSrcPathsFromJSONAndLoad : No Glob path result for ./data/scene_datasets/hm3d/train/00304-X6Pct1msZv5/*.basis.scene_instance.json
[12:20:25:486890]:[Metadata] AttributesManagerBase.h(357)::buildAttrSrcPathsFromJSONAndLoad : No Glob path result for ./data/scene_datasets/hm3d/train/00307-vDfkYo5VqEQ/*.basis.scene_instance.json
[12:20:25:486898]:[Metadata] AttributesManagerBase.h(357)::buildAttrSrcPathsFromJSONAndLoad : No Glob path result for ./data/scene_datasets/hm3d/train/00313-PE6kVEtrxtj/*.basis.scene_instance.json
[12:20:25:486908]:[Metadata] AttributesManagerBase.h(357)::buildAttrSrcPathsFromJSONAndLoad : No Glob path result for ./data/scene_datasets/hm3d/train/00323-yHLr6bvWsVm/*.basis.scene_instance.json
[12:20:25:486917]:[Metadata] AttributesManagerBase.h(357)::buildAttrSrcPathsFromJSONAndLoad : No Glob path result for ./data/scene_datasets/hm3d/train/00324-DoSbsoo4EAg/*.basis.scene_instance.json
[12:20:25:486926]:[Metadata] AttributesManagerBase.h(357)::buildAttrSrcPathsFromJSONAndLoad : No Glob path result for ./data/scene_datasets/hm3d/train/00326-u9rPN5cHWBg/*.basis.scene_instance.json
[12:20:25:486934]:[Metadata] AttributesManagerBase.h(357)::buildAttrSrcPathsFromJSONAndLoad : No Glob path result for ./data/scene_datasets/hm3d/train/00327-xgLmjqzoAzF/*.basis.scene_instance.json
[12:20:25:486943]:[Metadata] AttributesManagerBase.h(357)::buildAttrSrcPathsFromJSONAndLoad : No Glob path result for ./data/scene_datasets/hm3d/train/00330-WhNyDTnd9g5/*.basis.scene_instance.json
[12:20:25:486952]:[Metadata] AttributesManagerBase.h(357)::buildAttrSrcPathsFromJSONAndLoad : No Glob path result for ./data/scene_datasets/hm3d/train/00366-fxbzYAGkrtm/*.basis.scene_instance.json
[12:20:25:486962]:[Metadata] AttributesManagerBase.h(357)::buildAttrSrcPathsFromJSONAndLoad : No Glob path result for ./data/scene_datasets/hm3d/train/00378-DqJKU7YU7dA/*.basis.scene_instance.json
[12:20:25:486972]:[Metadata] AttributesManagerBase.h(357)::buildAttrSrcPathsFromJSONAndLoad : No Glob path result for ./data/scene_datasets/hm3d/train/00382-S7uMvxjBVZq/*.basis.scene_instance.json
[12:20:25:486982]:[Metadata] AttributesManagerBase.h(357)::buildAttrSrcPathsFromJSONAndLoad : No Glob path result for ./data/scene_datasets/hm3d/train/00384-ceJTwFNjqCt/*.basis.scene_instance.json
[12:20:25:486991]:[Metadata] AttributesManagerBase.h(357)::buildAttrSrcPathsFromJSONAndLoad : No Glob path result for ./data/scene_datasets/hm3d/train/00386-b3WpMbPFB6q/*.basis.scene_instance.json
[12:20:25:486999]:[Metadata] AttributesManagerBase.h(357)::buildAttrSrcPathsFromJSONAndLoad : No Glob path result for ./data/scene_datasets/hm3d/train/00388-pcpn6mFqFCg/*.basis.scene_instance.json
[12:20:25:487008]:[Metadata] AttributesManagerBase.h(357)::buildAttrSrcPathsFromJSONAndLoad : No Glob path result for ./data/scene_datasets/hm3d/train/00397-ZNanfzgCdm3/*.basis.scene_instance.json
[12:20:25:487018]:[Metadata] AttributesManagerBase.h(357)::buildAttrSrcPathsFromJSONAndLoad : No Glob path result for ./data/scene_datasets/hm3d/train/00401-H8rQCnvBgo6/*.basis.scene_instance.json
[12:20:25:487028]:[Metadata] AttributesManagerBase.h(357)::buildAttrSrcPathsFromJSONAndLoad : No Glob path result for ./data/scene_datasets/hm3d/train/00404-QN2dRqwd84J/*.basis.scene_instance.json
[12:20:25:487036]:[Metadata] AttributesManagerBase.h(357)::buildAttrSrcPathsFromJSONAndLoad : No Glob path result for ./data/scene_datasets/hm3d/train/00407-NPHxDe6VeCc/*.basis.scene_instance.json
[12:20:25:487045]:[Metadata] AttributesManagerBase.h(357)::buildAttrSrcPathsFromJSONAndLoad : No Glob path result for ./data/scene_datasets/hm3d/train/00410-v7DzfFFEpsD/*.basis.scene_instance.json
[12:20:25:487055]:[Metadata] AttributesManagerBase.h(357)::buildAttrSrcPathsFromJSONAndLoad : No Glob path result for ./data/scene_datasets/hm3d/train/00414-77mMEyxhs44/*.basis.scene_instance.json
[12:20:25:487065]:[Metadata] AttributesManagerBase.h(357)::buildAttrSrcPathsFromJSONAndLoad : No Glob path result for ./data/scene_datasets/hm3d/train/00417-nGhNxKrgBPb/*.basis.scene_instance.json
[12:20:25:487074]:[Metadata] AttributesManagerBase.h(357)::buildAttrSrcPathsFromJSONAndLoad : No Glob path result for ./data/scene_datasets/hm3d/train/00422-8wJuSPJ9FXG/*.basis.scene_instance.json
[12:20:25:487087]:[Metadata] AttributesManagerBase.h(357)::buildAttrSrcPathsFromJSONAndLoad : No Glob path result for ./data/scene_datasets/hm3d/train/00434-L5QEsaVqwrY/*.basis.scene_instance.json
[12:20:25:487097]:[Metadata] AttributesManagerBase.h(357)::buildAttrSrcPathsFromJSONAndLoad : No Glob path result for ./data/scene_datasets/hm3d/train/00440-wPLokgvCnuk/*.basis.scene_instance.json
[12:20:25:487105]:[Metadata] AttributesManagerBase.h(357)::buildAttrSrcPathsFromJSONAndLoad : No Glob path result for ./data/scene_datasets/hm3d/train/00444-sX9xad6ULKc/*.basis.scene_instance.json
[12:20:25:487114]:[Metadata] AttributesManagerBase.h(357)::buildAttrSrcPathsFromJSONAndLoad : No Glob path result for ./data/scene_datasets/hm3d/train/00463-URjpCob8MGw/*.basis.scene_instance.json
[12:20:25:487123]:[Metadata] AttributesManagerBase.h(357)::buildAttrSrcPathsFromJSONAndLoad : No Glob path result for ./data/scene_datasets/hm3d/train/00466-xAHnY3QzFUN/*.basis.scene_instance.json
[12:20:25:487132]:[Metadata] AttributesManagerBase.h(357)::buildAttrSrcPathsFromJSONAndLoad : No Glob path result for ./data/scene_datasets/hm3d/train/00475-g7hUFVNac26/*.basis.scene_instance.json
[12:20:25:487141]:[Metadata] AttributesManagerBase.h(357)::buildAttrSrcPathsFromJSONAndLoad : No Glob path result for ./data/scene_datasets/hm3d/train/00476-NtnvZSMK3en/*.basis.scene_instance.json
[12:20:25:487150]:[Metadata] AttributesManagerBase.h(357)::buildAttrSrcPathsFromJSONAndLoad : No Glob path result for ./data/scene_datasets/hm3d/train/00487-erXNfWVjqZ8/*.basis.scene_instance.json
[12:20:25:487159]:[Metadata] AttributesManagerBase.h(357)::buildAttrSrcPathsFromJSONAndLoad : No Glob path result for ./data/scene_datasets/hm3d/train/00495-CQWES1bawee/*.basis.scene_instance.json
[12:20:25:487168]:[Metadata] AttributesManagerBase.h(357)::buildAttrSrcPathsFromJSONAndLoad : No Glob path result for ./data/scene_datasets/hm3d/train/00506-QVAA6zecMHu/*.basis.scene_instance.json
[12:20:25:487177]:[Metadata] AttributesManagerBase.h(357)::buildAttrSrcPathsFromJSONAndLoad : No Glob path result for ./data/scene_datasets/hm3d/train/00508-4vwGX7U38Ux/*.basis.scene_instance.json
[12:20:25:487186]:[Metadata] AttributesManagerBase.h(357)::buildAttrSrcPathsFromJSONAndLoad : No Glob path result for ./data/scene_datasets/hm3d/train/00525-iKFn6fzyRqs/*.basis.scene_instance.json
[12:20:25:487195]:[Metadata] AttributesManagerBase.h(357)::buildAttrSrcPathsFromJSONAndLoad : No Glob path result for ./data/scene_datasets/hm3d/train/00529-W9YAR9qcuvN/*.basis.scene_instance.json
[12:20:25:487204]:[Metadata] AttributesManagerBase.h(357)::buildAttrSrcPathsFromJSONAndLoad : No Glob path result for ./data/scene_datasets/hm3d/train/00534-DBBESbk4Y3k/*.basis.scene_instance.json
[12:20:25:487213]:[Metadata] AttributesManagerBase.h(357)::buildAttrSrcPathsFromJSONAndLoad : No Glob path result for ./data/scene_datasets/hm3d/train/00537-oahi4u45xMf/*.basis.scene_instance.json
[12:20:25:487222]:[Metadata] AttributesManagerBase.h(357)::buildAttrSrcPathsFromJSONAndLoad : No Glob path result for ./data/scene_datasets/hm3d/train/00538-3CBBjsNkhqW/*.basis.scene_instance.json
[12:20:25:487230]:[Metadata] AttributesManagerBase.h(357)::buildAttrSrcPathsFromJSONAndLoad : No Glob path result for ./data/scene_datasets/hm3d/train/00539-zUG6FL9TYeR/*.basis.scene_instance.json
[12:20:25:487240]:[Metadata] AttributesManagerBase.h(357)::buildAttrSrcPathsFromJSONAndLoad : No Glob path result for ./data/scene_datasets/hm3d/train/00541-FnDDfrBZPhh/*.basis.scene_instance.json
[12:20:25:487248]:[Metadata] AttributesManagerBase.h(357)::buildAttrSrcPathsFromJSONAndLoad : No Glob path result for ./data/scene_datasets/hm3d/train/00546-nS8T59Aw3sf/*.basis.scene_instance.json
[12:20:25:487257]:[Metadata] AttributesManagerBase.h(357)::buildAttrSrcPathsFromJSONAndLoad : No Glob path result for ./data/scene_datasets/hm3d/train/00547-9h5JJxM6E5S/*.basis.scene_instance.json
[12:20:25:487266]:[Metadata] AttributesManagerBase.h(357)::buildAttrSrcPathsFromJSONAndLoad : No Glob path result for ./data/scene_datasets/hm3d/train/00557-fRZhp6vWGw7/*.basis.scene_instance.json
[12:20:25:487275]:[Metadata] AttributesManagerBase.h(357)::buildAttrSrcPathsFromJSONAndLoad : No Glob path result for ./data/scene_datasets/hm3d/train/00560-gjhYih4upQ9/*.basis.scene_instance.json
[12:20:25:487284]:[Metadata] AttributesManagerBase.h(357)::buildAttrSrcPathsFromJSONAndLoad : No Glob path result for ./data/scene_datasets/hm3d/train/00567-KjZrPggnHm8/*.basis.scene_instance.json
[12:20:25:487293]:[Metadata] AttributesManagerBase.h(357)::buildAttrSrcPathsFromJSONAndLoad : No Glob path result for ./data/scene_datasets/hm3d/train/00569-YJDUB7hWg9h/*.basis.scene_instance.json
[12:20:25:487302]:[Metadata] AttributesManagerBase.h(357)::buildAttrSrcPathsFromJSONAndLoad : No Glob path result for ./data/scene_datasets/hm3d/train/00582-TYDavTf8oyy/*.basis.scene_instance.json
[12:20:25:487311]:[Metadata] AttributesManagerBase.h(357)::buildAttrSrcPathsFromJSONAndLoad : No Glob path result for ./data/scene_datasets/hm3d/train/00590-qgZhhx1MpTi/*.basis.scene_instance.json
[12:20:25:487320]:[Metadata] AttributesManagerBase.h(357)::buildAttrSrcPathsFromJSONAndLoad : No Glob path result for ./data/scene_datasets/hm3d/train/00591-JptJPosx1Z6/*.basis.scene_instance.json
[12:20:25:487329]:[Metadata] AttributesManagerBase.h(357)::buildAttrSrcPathsFromJSONAndLoad : No Glob path result for ./data/scene_datasets/hm3d/train/00592-CthA7sQNTPK/*.basis.scene_instance.json
[12:20:25:487338]:[Metadata] AttributesManagerBase.h(357)::buildAttrSrcPathsFromJSONAndLoad : No Glob path result for ./data/scene_datasets/hm3d/train/00598-mt9H8KcxRKD/*.basis.scene_instance.json
[12:20:25:487347]:[Metadata] AttributesManagerBase.h(357)::buildAttrSrcPathsFromJSONAndLoad : No Glob path result for ./data/scene_datasets/hm3d/train/00606-W16Bm4ysK8v/*.basis.scene_instance.json
[12:20:25:487356]:[Metadata] AttributesManagerBase.h(357)::buildAttrSrcPathsFromJSONAndLoad : No Glob path result for ./data/scene_datasets/hm3d/train/00612-GsQBY83r3hb/*.basis.scene_instance.json
[12:20:25:487365]:[Metadata] AttributesManagerBase.h(357)::buildAttrSrcPathsFromJSONAndLoad : No Glob path result for ./data/scene_datasets/hm3d/train/00619-R9fYpvCUkV7/*.basis.scene_instance.json
[12:20:25:487375]:[Metadata] AttributesManagerBase.h(357)::buildAttrSrcPathsFromJSONAndLoad : No Glob path result for ./data/scene_datasets/hm3d/train/00624-ooq3SnvC79d/*.basis.scene_instance.json
[12:20:25:487384]:[Metadata] AttributesManagerBase.h(357)::buildAttrSrcPathsFromJSONAndLoad : No Glob path result for ./data/scene_datasets/hm3d/train/00626-XiJhRLvpKpX/*.basis.scene_instance.json
[12:20:25:487392]:[Metadata] AttributesManagerBase.h(357)::buildAttrSrcPathsFromJSONAndLoad : No Glob path result for ./data/scene_datasets/hm3d/train/00638-iePHCSf119p/*.basis.scene_instance.json
[12:20:25:487401]:[Metadata] AttributesManagerBase.h(357)::buildAttrSrcPathsFromJSONAndLoad : No Glob path result for ./data/scene_datasets/hm3d/train/00643-ggNAcMh8JPT/*.basis.scene_instance.json
[12:20:25:487409]:[Metadata] AttributesManagerBase.h(357)::buildAttrSrcPathsFromJSONAndLoad : No Glob path result for ./data/scene_datasets/hm3d/train/00657-TSJmdttd2GV/*.basis.scene_instance.json
[12:20:25:487418]:[Metadata] AttributesManagerBase.h(357)::buildAttrSrcPathsFromJSONAndLoad : No Glob path result for ./data/scene_datasets/hm3d/train/00662-aRKASs4e8j1/*.basis.scene_instance.json
[12:20:25:487426]:[Metadata] AttributesManagerBase.h(357)::buildAttrSrcPathsFromJSONAndLoad : No Glob path result for ./data/scene_datasets/hm3d/train/00664-u5atqC7vRCY/*.basis.scene_instance.json
[12:20:25:487434]:[Metadata] AttributesManagerBase.h(357)::buildAttrSrcPathsFromJSONAndLoad : No Glob path result for ./data/scene_datasets/hm3d/train/00668-6YtDG3FhNvx/*.basis.scene_instance.json
[12:20:25:487443]:[Metadata] AttributesManagerBase.h(357)::buildAttrSrcPathsFromJSONAndLoad : No Glob path result for ./data/scene_datasets/hm3d/train/00669-DNWbUAJYsPy/*.basis.scene_instance.json
[12:20:25:487452]:[Metadata] AttributesManagerBase.h(357)::buildAttrSrcPathsFromJSONAndLoad : No Glob path result for ./data/scene_datasets/hm3d/train/00680-YmWinf3mhb5/*.basis.scene_instance.json
[12:20:25:487461]:[Metadata] AttributesManagerBase.h(357)::buildAttrSrcPathsFromJSONAndLoad : No Glob path result for ./data/scene_datasets/hm3d/train/00685-ENiCjXWB6aQ/*.basis.scene_instance.json
[12:20:25:487470]:[Metadata] AttributesManagerBase.h(357)::buildAttrSrcPathsFromJSONAndLoad : No Glob path result for ./data/scene_datasets/hm3d/train/00688-SgkmkWjjmDJ/*.basis.scene_instance.json
[12:20:25:487479]:[Metadata] AttributesManagerBase.h(357)::buildAttrSrcPathsFromJSONAndLoad : No Glob path result for ./data/scene_datasets/hm3d/train/00696-DsEJeNPcZtE/*.basis.scene_instance.json
[12:20:25:487488]:[Metadata] AttributesManagerBase.h(357)::buildAttrSrcPathsFromJSONAndLoad : No Glob path result for ./data/scene_datasets/hm3d/train/00706-YHmAkqgwe2p/*.basis.scene_instance.json
[12:20:25:487498]:[Metadata] AttributesManagerBase.h(357)::buildAttrSrcPathsFromJSONAndLoad : No Glob path result for ./data/scene_datasets/hm3d/train/00707-XVSZJAtHKdi/*.basis.scene_instance.json
[12:20:25:487507]:[Metadata] AttributesManagerBase.h(357)::buildAttrSrcPathsFromJSONAndLoad : No Glob path result for ./data/scene_datasets/hm3d/train/00712-HZ2iMMBsBQ9/*.basis.scene_instance.json
[12:20:25:487517]:[Metadata] AttributesManagerBase.h(357)::buildAttrSrcPathsFromJSONAndLoad : No Glob path result for ./data/scene_datasets/hm3d/train/00720-8B43pG641ff/*.basis.scene_instance.json
[12:20:25:487526]:[Metadata] AttributesManagerBase.h(357)::buildAttrSrcPathsFromJSONAndLoad : No Glob path result for ./data/scene_datasets/hm3d/train/00723-hWDDQnSDMXb/*.basis.scene_instance.json
[12:20:25:487535]:[Metadata] AttributesManagerBase.h(357)::buildAttrSrcPathsFromJSONAndLoad : No Glob path result for ./data/scene_datasets/hm3d/train/00732-Z2DQddYp1fn/*.basis.scene_instance.json
[12:20:25:487543]:[Metadata] AttributesManagerBase.h(357)::buildAttrSrcPathsFromJSONAndLoad : No Glob path result for ./data/scene_datasets/hm3d/train/00733-GtM3JtRvvvR/*.basis.scene_instance.json
[12:20:25:487553]:[Metadata] AttributesManagerBase.h(357)::buildAttrSrcPathsFromJSONAndLoad : No Glob path result for ./data/scene_datasets/hm3d/train/00738-GPyDUnjwZQy/*.basis.scene_instance.json
[12:20:25:487562]:[Metadata] AttributesManagerBase.h(357)::buildAttrSrcPathsFromJSONAndLoad : No Glob path result for ./data/scene_datasets/hm3d/train/00741-w8GiikYuFRk/*.basis.scene_instance.json
[12:20:25:487571]:[Metadata] AttributesManagerBase.h(357)::buildAttrSrcPathsFromJSONAndLoad : No Glob path result for ./data/scene_datasets/hm3d/train/00744-1S7LAXRdDqK/*.basis.scene_instance.json
[12:20:25:487580]:[Metadata] AttributesManagerBase.h(357)::buildAttrSrcPathsFromJSONAndLoad : No Glob path result for ./data/scene_datasets/hm3d/train/00745-yX5efd48dLf/*.basis.scene_instance.json
[12:20:25:487589]:[Metadata] AttributesManagerBase.h(357)::buildAttrSrcPathsFromJSONAndLoad : No Glob path result for ./data/scene_datasets/hm3d/train/00746-RTV2n6fXB2w/*.basis.scene_instance.json
[12:20:25:487597]:[Metadata] AttributesManagerBase.h(357)::buildAttrSrcPathsFromJSONAndLoad : No Glob path result for ./data/scene_datasets/hm3d/train/00750-E1NrAhMoqvB/*.basis.scene_instance.json
[12:20:25:487606]:[Metadata] AttributesManagerBase.h(357)::buildAttrSrcPathsFromJSONAndLoad : No Glob path result for ./data/scene_datasets/hm3d/train/00757-LVgQNuK8vtv/*.basis.scene_instance.json
[12:20:25:487615]:[Metadata] AttributesManagerBase.h(357)::buildAttrSrcPathsFromJSONAndLoad : No Glob path result for ./data/scene_datasets/hm3d/train/00758-HfMobPm86Xn/*.basis.scene_instance.json
[12:20:25:487642]:[Metadata] AttributesManagerBase.h(357)::buildAttrSrcPathsFromJSONAndLoad : No Glob path result for ./data/scene_datasets/hm3d/val/00800-TEEsavR23oF/*.basis.scene_instance.json
[12:20:25:487659]:[Metadata] AttributesManagerBase.h(357)::buildAttrSrcPathsFromJSONAndLoad : No Glob path result for ./data/scene_datasets/hm3d/val/00802-wcojb4TFT35/*.basis.scene_instance.json
[12:20:25:487675]:[Metadata] AttributesManagerBase.h(357)::buildAttrSrcPathsFromJSONAndLoad : No Glob path result for ./data/scene_datasets/hm3d/val/00803-k1cupFYWXJ6/*.basis.scene_instance.json
[12:20:25:487692]:[Metadata] AttributesManagerBase.h(357)::buildAttrSrcPathsFromJSONAndLoad : No Glob path result for ./data/scene_datasets/hm3d/val/00808-y9hTuugGdiq/*.basis.scene_instance.json
[12:20:25:487708]:[Metadata] AttributesManagerBase.h(357)::buildAttrSrcPathsFromJSONAndLoad : No Glob path result for ./data/scene_datasets/hm3d/val/00810-CrMo8WxCyVb/*.basis.scene_instance.json
[12:20:25:487724]:[Metadata] AttributesManagerBase.h(357)::buildAttrSrcPathsFromJSONAndLoad : No Glob path result for ./data/scene_datasets/hm3d/val/00813-svBbv1Pavdk/*.basis.scene_instance.json
[12:20:25:487739]:[Metadata] AttributesManagerBase.h(357)::buildAttrSrcPathsFromJSONAndLoad : No Glob path result for ./data/scene_datasets/hm3d/val/00814-p53SfW6mjZe/*.basis.scene_instance.json
[12:20:25:487755]:[Metadata] AttributesManagerBase.h(357)::buildAttrSrcPathsFromJSONAndLoad : No Glob path result for ./data/scene_datasets/hm3d/val/00815-h1zeeAwLh9Z/*.basis.scene_instance.json
[12:20:25:487771]:[Metadata] AttributesManagerBase.h(357)::buildAttrSrcPathsFromJSONAndLoad : No Glob path result for ./data/scene_datasets/hm3d/val/00820-mL8ThkuaVTM/*.basis.scene_instance.json
[12:20:25:487787]:[Metadata] AttributesManagerBase.h(357)::buildAttrSrcPathsFromJSONAndLoad : No Glob path result for ./data/scene_datasets/hm3d/val/00821-eF36g7L6Z9M/*.basis.scene_instance.json
[12:20:25:487802]:[Metadata] AttributesManagerBase.h(357)::buildAttrSrcPathsFromJSONAndLoad : No Glob path result for ./data/scene_datasets/hm3d/val/00823-7MXmsvcQjpJ/*.basis.scene_instance.json
[12:20:25:487818]:[Metadata] AttributesManagerBase.h(357)::buildAttrSrcPathsFromJSONAndLoad : No Glob path result for ./data/scene_datasets/hm3d/val/00824-Dd4bFSTQ8gi/*.basis.scene_instance.json
[12:20:25:487833]:[Metadata] AttributesManagerBase.h(357)::buildAttrSrcPathsFromJSONAndLoad : No Glob path result for ./data/scene_datasets/hm3d/val/00827-BAbdmeyTvMZ/*.basis.scene_instance.json
[12:20:25:487849]:[Metadata] AttributesManagerBase.h(357)::buildAttrSrcPathsFromJSONAndLoad : No Glob path result for ./data/scene_datasets/hm3d/val/00829-QaLdnwvtxbs/*.basis.scene_instance.json
[12:20:25:487865]:[Metadata] AttributesManagerBase.h(357)::buildAttrSrcPathsFromJSONAndLoad : No Glob path result for ./data/scene_datasets/hm3d/val/00831-yr17PDCnDDW/*.basis.scene_instance.json
[12:20:25:487881]:[Metadata] AttributesManagerBase.h(357)::buildAttrSrcPathsFromJSONAndLoad : No Glob path result for ./data/scene_datasets/hm3d/val/00832-qyAac8rV8Zk/*.basis.scene_instance.json
[12:20:25:487896]:[Metadata] AttributesManagerBase.h(357)::buildAttrSrcPathsFromJSONAndLoad : No Glob path result for ./data/scene_datasets/hm3d/val/00835-q3zU7Yy5E5s/*.basis.scene_instance.json
[12:20:25:487912]:[Metadata] AttributesManagerBase.h(357)::buildAttrSrcPathsFromJSONAndLoad : No Glob path result for ./data/scene_datasets/hm3d/val/00839-zt1RVoi7PcG/*.basis.scene_instance.json
[12:20:25:487928]:[Metadata] AttributesManagerBase.h(357)::buildAttrSrcPathsFromJSONAndLoad : No Glob path result for ./data/scene_datasets/hm3d/val/00843-DYehNKdT76V/*.basis.scene_instance.json
[12:20:25:487943]:[Metadata] AttributesManagerBase.h(357)::buildAttrSrcPathsFromJSONAndLoad : No Glob path result for ./data/scene_datasets/hm3d/val/00844-q5QZSEeHe5g/*.basis.scene_instance.json
[12:20:25:487959]:[Metadata] AttributesManagerBase.h(357)::buildAttrSrcPathsFromJSONAndLoad : No Glob path result for ./data/scene_datasets/hm3d/val/00847-bCPU9suPUw9/*.basis.scene_instance.json
[12:20:25:487974]:[Metadata] AttributesManagerBase.h(357)::buildAttrSrcPathsFromJSONAndLoad : No Glob path result for ./data/scene_datasets/hm3d/val/00848-ziup5kvtCCR/*.basis.scene_instance.json
[12:20:25:487990]:[Metadata] AttributesManagerBase.h(357)::buildAttrSrcPathsFromJSONAndLoad : No Glob path result for ./data/scene_datasets/hm3d/val/00849-a8BtkwhxdRV/*.basis.scene_instance.json
[12:20:25:488005]:[Metadata] AttributesManagerBase.h(357)::buildAttrSrcPathsFromJSONAndLoad : No Glob path result for ./data/scene_datasets/hm3d/val/00853-5cdEh9F2hJL/*.basis.scene_instance.json
[12:20:25:488020]:[Metadata] AttributesManagerBase.h(357)::buildAttrSrcPathsFromJSONAndLoad : No Glob path result for ./data/scene_datasets/hm3d/val/00861-GLAQ4DNUx5U/*.basis.scene_instance.json
[12:20:25:488036]:[Metadata] AttributesManagerBase.h(357)::buildAttrSrcPathsFromJSONAndLoad : No Glob path result for ./data/scene_datasets/hm3d/val/00862-LT9Jq6dN3Ea/*.basis.scene_instance.json
[12:20:25:488052]:[Metadata] AttributesManagerBase.h(357)::buildAttrSrcPathsFromJSONAndLoad : No Glob path result for ./data/scene_datasets/hm3d/val/00869-MHPLjHsuG27/*.basis.scene_instance.json
[12:20:25:488067]:[Metadata] AttributesManagerBase.h(357)::buildAttrSrcPathsFromJSONAndLoad : No Glob path result for ./data/scene_datasets/hm3d/val/00871-VBzV5z6i1WS/*.basis.scene_instance.json
[12:20:25:488086]:[Metadata] AttributesManagerBase.h(357)::buildAttrSrcPathsFromJSONAndLoad : No Glob path result for ./data/scene_datasets/hm3d/val/00873-bxsVRursffK/*.basis.scene_instance.json
[12:20:25:488103]:[Metadata] AttributesManagerBase.h(357)::buildAttrSrcPathsFromJSONAndLoad : No Glob path result for ./data/scene_datasets/hm3d/val/00876-mv2HUxq3B53/*.basis.scene_instance.json
[12:20:25:488118]:[Metadata] AttributesManagerBase.h(357)::buildAttrSrcPathsFromJSONAndLoad : No Glob path result for ./data/scene_datasets/hm3d/val/00877-4ok3usBNeis/*.basis.scene_instance.json
[12:20:25:488134]:[Metadata] AttributesManagerBase.h(357)::buildAttrSrcPathsFromJSONAndLoad : No Glob path result for ./data/scene_datasets/hm3d/val/00878-XB4GS9ShBRE/*.basis.scene_instance.json
[12:20:25:488149]:[Metadata] AttributesManagerBase.h(357)::buildAttrSrcPathsFromJSONAndLoad : No Glob path result for ./data/scene_datasets/hm3d/val/00880-Nfvxx8J5NCo/*.basis.scene_instance.json
[12:20:25:488164]:[Metadata] AttributesManagerBase.h(357)::buildAttrSrcPathsFromJSONAndLoad : No Glob path result for ./data/scene_datasets/hm3d/val/00890-6s7QHgap2fW/*.basis.scene_instance.json
[12:20:25:488180]:[Metadata] AttributesManagerBase.h(357)::buildAttrSrcPathsFromJSONAndLoad : No Glob path result for ./data/scene_datasets/hm3d/val/00891-cvZr5TUy5C5/*.basis.scene_instance.json
[12:20:25:488195]:[Metadata] AttributesManagerBase.h(357)::buildAttrSrcPathsFromJSONAndLoad : No Glob path result for ./data/scene_datasets/hm3d/val/00894-HY1NcmCgn3n/*.basis.scene_instance.json
[12:20:25:488203]:[Metadata] AttributesManagerBase.h(360)::buildAttrSrcPathsFromJSONAndLoad : <Scene Instance>:221paths specified in JSON doc forScene Instancetemplates.
[12:20:25:488220]:[Metadata] SceneDatasetAttributesManager.cpp(37)::createObject : JSON Configuration File (./data/scene_datasets/hm3d/hm3d_annotated_basis.scene_dataset_config.json) based dataset attributes created  and registered.
[12:20:25:488226]:[Metadata] MetadataMediator.cpp(120)::createSceneDataset : Dataset ./data/scene_datasets/hm3d/hm3d_annotated_basis.scene_dataset_config.json successfully created.
[12:20:25:488235]:[Metadata] MetadataMediator.cpp(217)::setActiveSceneDatasetName : Attempt to create new dataset ./data/scene_datasets/hm3d/hm3d_annotated_basis.scene_dataset_config.json   succeeded. Currently active dataset : ./data/scene_datasets/hm3d/hm3d_annotated_basis.scene_dataset_config.json
[12:20:25:488241]:[Metadata] MetadataMediator.cpp(175)::setCurrPhysicsAttributesHandle : Old physics manager attributes  changed to ./data/default.physics_config.json successfully.
[12:20:25:488249]:[Metadata] MetadataMediator.cpp(66)::setSimulatorConfiguration : Set new simulator config for scene/stage : data/scene_datasets/hm3d/val/00800-TEEsavR23oF/TEEsavR23oF.basis.glb and dataset : ./data/scene_datasets/hm3d/hm3d_annotated_basis.scene_dataset_config.json which is currently active dataset.
Renderer: NVIDIA GeForce RTX 5060 Ti/PCIe/SSE2 by NVIDIA Corporation
OpenGL version: 4.6.0 NVIDIA 590.48.01
Using optional features:
    GL_ARB_vertex_array_object
    GL_ARB_separate_shader_objects
    GL_ARB_robustness
    GL_ARB_texture_storage
    GL_ARB_texture_view
    GL_ARB_framebuffer_no_attachments
    GL_ARB_invalidate_subdata
    GL_ARB_texture_storage_multisample
    GL_ARB_multi_bind
    GL_ARB_direct_state_access
    GL_ARB_get_texture_sub_image
    GL_ARB_texture_filter_anisotropic
    GL_KHR_debug
    GL_KHR_parallel_shader_compile
    GL_NV_depth_buffer_float
Using driver workarounds:
    no-forward-compatible-core-context
    nv-egl-incorrect-gl11-function-pointers
    no-layout-qualifiers-on-old-glsl
    nv-zero-context-profile-mask
    nv-implementation-color-read-format-dsa-broken
    nv-cubemap-inconsistent-compressed-image-size
    nv-cubemap-broken-full-compressed-image-query
    nv-compressed-block-size-in-bits
[12:20:25:576385]:[Metadata] MetadataMediator.cpp(279)::getSceneInstanceAttributesByName : No existing scene instance attributes containing name data/scene_datasets/hm3d/val/00800-TEEsavR23oF/TEEsavR23oF.basis.glb found in Dataset : ./data/scene_datasets/hm3d/hm3d_annotated_basis.scene_dataset_config.json but 1 StageAttributes found.  Using ./data/scene_datasets/hm3d/val/00800-TEEsavR23oF/TEEsavR23oF.basis.glb as stage and to construct a SceneInstanceAttributes with same name that will be added to Dataset.
[12:20:25:576445]:[Metadata] SceneDatasetAttributes.cpp(47)::addNewSceneInstanceToDataset : Dataset : 'hm3d_annotated_basis' : Stage Attributes './data/scene_datasets/hm3d/val/00800-TEEsavR23oF/TEEsavR23oF.basis.glb' specified in Scene Attributes exists in dataset library.
[12:20:25:576454]:[Metadata] SceneDatasetAttributes.cpp(84)::addNewSceneInstanceToDataset : Dataset : 'hm3d_annotated_basis' : Lighting Layout Attributes 'no_lights' specified in Scene Attributes but does not exist in dataset, so creating.
[12:20:25:576464]:[Metadata] AttributesManagerBase.h(380)::createFromJsonOrDefaultInternal : <Lighting Layout>: Proposing JSON name : no_lights.lighting_config.json from original name : no_lights| This file does not exist.
[12:20:25:576477]:[Metadata] LightLayoutAttributesManager.cpp(38)::createObject : File (no_lights) not found, so new default light layout attributes created and registered.
[12:20:25:576488]:[Sim] Simulator.cpp(235)::createSceneInstance : Navmesh file location in scene instance : ./data/scene_datasets/hm3d/val/00800-TEEsavR23oF/TEEsavR23oF.basis.navmesh
[12:20:25:576501]:[Sim] Simulator.cpp(240)::createSceneInstance : Loading navmesh from ./data/scene_datasets/hm3d/val/00800-TEEsavR23oF/TEEsavR23oF.basis.navmesh
[12:20:25:576582]:[Sim] Simulator.cpp(242)::createSceneInstance : Navmesh Loaded.
[12:20:25:576600]:[Scene] SceneGraph.h(85)::createDrawableGroup : Created DrawableGroup: 
[12:20:25:576609]:[Assets] ResourceManager.cpp(308)::loadSemanticSceneDescriptor : SceneInstance : data/scene_datasets/hm3d/val/00800-TEEsavR23oF/TEEsavR23oF.basis.glb proposed Semantic Scene Descriptor filename : ./data/scene_datasets/hm3d/val/00800-TEEsavR23oF/TEEsavR23oF.semantic.txt
[12:20:25:577485]:[Assets] ResourceManager.cpp(319)::loadSemanticSceneDescriptor : SSD with SceneInstanceAttributes-provided name  ./data/scene_datasets/hm3d/val/00800-TEEsavR23oF/TEEsavR23oF.semantic.txt successfully found and loaded
[12:20:25:577509]:[Assets] ResourceManager.cpp(1666)::configureImporterManagerGLExtensions : Importing Basis files as BC7.
[12:20:25:577626]:[Sim] Simulator.cpp(309)::createSceneInstance : Using scene instance-specified Light key : - no_lights -
[12:20:25:577632]:[Metadata] MetadataMediator.cpp(66)::setSimulatorConfiguration : Set new simulator config for scene/stage : data/scene_datasets/hm3d/val/00800-TEEsavR23oF/TEEsavR23oF.basis.glb and dataset : ./data/scene_datasets/hm3d/hm3d_annotated_basis.scene_dataset_config.json which is currently active dataset.
[12:20:25:577650]:[Sim] Simulator.cpp(419)::instanceStageForSceneAttributes : Start to load stage named : ./data/scene_datasets/hm3d/val/00800-TEEsavR23oF/TEEsavR23oF.basis.glb with render asset : ./data/scene_datasets/hm3d/val/00800-TEEsavR23oF/TEEsavR23oF.basis.glb and collision asset : ./data/scene_datasets/hm3d/val/00800-TEEsavR23oF/TEEsavR23oF.basis.glb
[12:20:25:577669]:[Assets] ResourceManager.cpp(702)::createStageAssetInfosFromAttributes : Frame :{"up":[0,0,1],"front":[0,1,0],"origin":[0,0,0]} for render mesh named : ./data/scene_datasets/hm3d/val/00800-TEEsavR23oF/TEEsavR23oF.basis.glb|{"up":[0,0,1],"front":[0,1,0],"origin":[0,0,0]} for semantic mesh named : ./data/scene_datasets/hm3d/val/00800-TEEsavR23oF/TEEsavR23oF.semantic.glb with type specified as semantic|Semantic Txtrs : True
[12:20:25:577675]:[Assets] ResourceManager.cpp(442)::loadStage : Loading Semantic Stage mesh : ./data/scene_datasets/hm3d/val/00800-TEEsavR23oF/TEEsavR23oF.semantic.glb
[12:20:25:577678]:[Scene] SceneGraph.h(85)::createDrawableGroup : Created DrawableGroup: 
[12:20:25:577681]:[Assets] ResourceManager.cpp(984)::loadStageInternal : Attempting to load stage ./data/scene_datasets/hm3d/val/00800-TEEsavR23oF/TEEsavR23oF.semantic.glb 
[12:20:25:577684]:[Assets] ResourceManager.cpp(863)::loadRenderAsset : Loading Semantic Mesh asset named: ./data/scene_datasets/hm3d/val/00800-TEEsavR23oF/TEEsavR23oF.semantic.glb
[12:20:25:577687]:[Assets] ResourceManager.cpp(1666)::configureImporterManagerGLExtensions : Importing Basis files as BC7.
[12:20:27:249982]:[Assets] ResourceManager.cpp(2105)::loadMaterials : Building 41 materials for asset named 'TEEsavR23oF.semantic.glb' : 
[12:20:27:295586]:[Assets] ResourceManager.cpp(475)::loadStage : Semantic Stage mesh : ./data/scene_datasets/hm3d/val/00800-TEEsavR23oF/TEEsavR23oF.semantic.glb loaded.
[12:20:27:295609]:[Assets] ResourceManager.cpp(518)::loadStage : Start load render asset ./data/scene_datasets/hm3d/val/00800-TEEsavR23oF/TEEsavR23oF.basis.glb .
[12:20:27:295613]:[Assets] ResourceManager.cpp(984)::loadStageInternal : Attempting to load stage ./data/scene_datasets/hm3d/val/00800-TEEsavR23oF/TEEsavR23oF.basis.glb 
[12:20:27:295621]:[Assets] ResourceManager.cpp(866)::loadRenderAsset : Loading general asset named: ./data/scene_datasets/hm3d/val/00800-TEEsavR23oF/TEEsavR23oF.basis.glb
[12:20:27:295625]:[Assets] ResourceManager.cpp(1666)::configureImporterManagerGLExtensions : Importing Basis files as BC7.
[12:20:28:036904]:[Assets] ResourceManager.cpp(2105)::loadMaterials : Building 41 materials for asset named 'TEEsavR23oF.basis.glb' : 
[12:20:28:036952]:[Assets] ResourceManager.cpp(2210)::loadMaterials : Idx 00:Flat.
[12:20:28:036960]:[Assets] ResourceManager.cpp(2210)::loadMaterials : Idx 01:Flat.
[12:20:28:036965]:[Assets] ResourceManager.cpp(2210)::loadMaterials : Idx 02:Flat.
[12:20:28:036971]:[Assets] ResourceManager.cpp(2210)::loadMaterials : Idx 03:Flat.
[12:20:28:036977]:[Assets] ResourceManager.cpp(2210)::loadMaterials : Idx 04:Flat.
[12:20:28:036984]:[Assets] ResourceManager.cpp(2210)::loadMaterials : Idx 05:Flat.
[12:20:28:036991]:[Assets] ResourceManager.cpp(2210)::loadMaterials : Idx 06:Flat.
[12:20:28:037000]:[Assets] ResourceManager.cpp(2210)::loadMaterials : Idx 07:Flat.
[12:20:28:037007]:[Assets] ResourceManager.cpp(2210)::loadMaterials : Idx 08:Flat.
[12:20:28:037014]:[Assets] ResourceManager.cpp(2210)::loadMaterials : Idx 09:Flat.
[12:20:28:037021]:[Assets] ResourceManager.cpp(2210)::loadMaterials : Idx 10:Flat.
[12:20:28:037030]:[Assets] ResourceManager.cpp(2210)::loadMaterials : Idx 11:Flat.
[12:20:28:037036]:[Assets] ResourceManager.cpp(2210)::loadMaterials : Idx 12:Flat.
[12:20:28:037044]:[Assets] ResourceManager.cpp(2210)::loadMaterials : Idx 13:Flat.
[12:20:28:037051]:[Assets] ResourceManager.cpp(2210)::loadMaterials : Idx 14:Flat.
[12:20:28:037058]:[Assets] ResourceManager.cpp(2210)::loadMaterials : Idx 15:Flat.
[12:20:28:037067]:[Assets] ResourceManager.cpp(2210)::loadMaterials : Idx 16:Flat.
[12:20:28:037073]:[Assets] ResourceManager.cpp(2210)::loadMaterials : Idx 17:Flat.
[12:20:28:037083]:[Assets] ResourceManager.cpp(2210)::loadMaterials : Idx 18:Flat.
[12:20:28:037091]:[Assets] ResourceManager.cpp(2210)::loadMaterials : Idx 19:Flat.
[12:20:28:037097]:[Assets] ResourceManager.cpp(2210)::loadMaterials : Idx 20:Flat.
[12:20:28:037104]:[Assets] ResourceManager.cpp(2210)::loadMaterials : Idx 21:Flat.
[12:20:28:037110]:[Assets] ResourceManager.cpp(2210)::loadMaterials : Idx 22:Flat.
[12:20:28:037118]:[Assets] ResourceManager.cpp(2210)::loadMaterials : Idx 23:Flat.
[12:20:28:037124]:[Assets] ResourceManager.cpp(2210)::loadMaterials : Idx 24:Flat.
[12:20:28:037130]:[Assets] ResourceManager.cpp(2210)::loadMaterials : Idx 25:Flat.
[12:20:28:037137]:[Assets] ResourceManager.cpp(2210)::loadMaterials : Idx 26:Flat.
[12:20:28:037144]:[Assets] ResourceManager.cpp(2210)::loadMaterials : Idx 27:Flat.
[12:20:28:037151]:[Assets] ResourceManager.cpp(2210)::loadMaterials : Idx 28:Flat.
[12:20:28:037157]:[Assets] ResourceManager.cpp(2210)::loadMaterials : Idx 29:Flat.
[12:20:28:037163]:[Assets] ResourceManager.cpp(2210)::loadMaterials : Idx 30:Flat.
[12:20:28:037170]:[Assets] ResourceManager.cpp(2210)::loadMaterials : Idx 31:Flat.
[12:20:28:037176]:[Assets] ResourceManager.cpp(2210)::loadMaterials : Idx 32:Flat.
[12:20:28:037182]:[Assets] ResourceManager.cpp(2210)::loadMaterials : Idx 33:Flat.
[12:20:28:037189]:[Assets] ResourceManager.cpp(2210)::loadMaterials : Idx 34:Flat.
[12:20:28:037196]:[Assets] ResourceManager.cpp(2210)::loadMaterials : Idx 35:Flat.
[12:20:28:037203]:[Assets] ResourceManager.cpp(2210)::loadMaterials : Idx 36:Flat.
[12:20:28:037209]:[Assets] ResourceManager.cpp(2210)::loadMaterials : Idx 37:Flat.
[12:20:28:037216]:[Assets] ResourceManager.cpp(2210)::loadMaterials : Idx 38:Flat.
[12:20:28:037222]:[Assets] ResourceManager.cpp(2210)::loadMaterials : Idx 39:Flat.
[12:20:28:037228]:[Assets] ResourceManager.cpp(2210)::loadMaterials : Idx 40:Flat.
[12:20:28:101316]:[Sim] Simulator.cpp(446)::instanceStageForSceneAttributes : Successfully loaded stage named : ./data/scene_datasets/hm3d/val/00800-TEEsavR23oF/TEEsavR23oF.basis.glb
[12:20:28:101362]:[Sim] Simulator.cpp(203)::reconfigure : CreateSceneInstance success == true for active scene name : data/scene_datasets/hm3d/val/00800-TEEsavR23oF/TEEsavR23oF.basis.glb  with renderer.
[12:20:28:110483]:[Nav] PathFinder.cpp(571)::build : Building navmesh with 332 x 223 cells
[12:20:28:182642]:[Nav] PathFinder.cpp(845)::build : Created navmesh with 344 vertices 168 polygons
[12:20:28:182673]:[Sim] Simulator.cpp(908)::recomputeNavMesh : reconstruct navmesh successful
2026-04-13 12:20:28,183 Initializing task ObjectNav-v1
2026-04-13 12:20:28,564 agent number of parameters: 0
  0%|          | 0/30 [00:00<?, ?it/s]  3%|▎         | 1/30 [00:13<06:19, 13.08s/it]Step: 0 | Mode: initialize | Action: 2
Step: 1 | Mode: initialize | Action: 2
Step: 2 | Mode: initialize | Action: 2
Step: 3 | Mode: initialize | Action: 2
Step: 4 | Mode: initialize | Action: 2
Step: 5 | Mode: initialize | Action: 2
Step: 6 | Mode: initialize | Action: 2
Step: 7 | Mode: initialize | Action: 2
Step: 8 | Mode: initialize | Action: 2
Step: 9 | Mode: initialize | Action: 2
Step: 10 | Mode: initialize | Action: 2
Step: 11 | Mode: initialize | Action: 2
Cheapest frontier cost: 2.45m
Step: 12 | Mode: explore | Action: 3
Sticking to last point.
Cheapest frontier cost: 2.45m
Step: 13 | Mode: explore | Action: 3
Sticking to last point.
Cheapest frontier cost: 2.45m
Step: 14 | Mode: explore | Action: 3
Sticking to last point.
Cheapest frontier cost: 2.45m
Step: 15 | Mode: explore | Action: 3
Sticking to last point.
Cheapest frontier cost: 2.45m
Step: 16 | Mode: explore | Action: 3
Sticking to last point.
Cheapest frontier cost: 2.45m
Step: 17 | Mode: explore | Action: 3
Sticking to last point.
Cheapest frontier cost: 2.45m
Step: 18 | Mode: explore | Action: 1
Sticking to last point.
Cheapest frontier cost: 2.20m
Step: 19 | Mode: explore | Action: 1
Sticking to last point.
Cheapest frontier cost: 1.95m
Step: 20 | Mode: explore | Action: 1
Sticking to last point.
Cheapest frontier cost: 1.70m
Step: 21 | Mode: explore | Action: 1
Sticking to last point.
Cheapest frontier cost: 1.45m
Step: 22 | Mode: explore | Action: 1
Sticking to last point.
Cheapest frontier cost: 1.20m
Step: 23 | Mode: explore | Action: 3
Sticking to last point.
Cheapest frontier cost: 1.20m
Step: 24 | Mode: explore | Action: 1
Sticking to last point.
Cheapest frontier cost: 1.20m
Step: 25 | Mode: explore | Action: 1
Sticking to last point.
Cheapest frontier cost: 1.05m
Step: 26 | Mode: explore | Action: 2
Cheapest frontier cost: 1.10m
Step: 27 | Mode: explore | Action: 1
Sticking to last point.
Cheapest frontier cost: 0.85m
Step: 28 | Mode: explore | Action: 2
Cheapest frontier cost: 1.50m
Step: 29 | Mode: explore | Action: 3
Sticking to last point.
Cheapest frontier cost: 1.50m
Step: 30 | Mode: explore | Action: 1
Sticking to last point.
Cheapest frontier cost: 1.30m
Step: 31 | Mode: explore | Action: 1
Sticking to last point.
Cheapest frontier cost: 1.05m
Step: 32 | Mode: explore | Action: 1
Sticking to last point.
Cheapest frontier cost: 0.80m
Step: 33 | Mode: explore | Action: 1
Sticking to last point.
Cheapest frontier cost: 0.65m
Step: 34 | Mode: explore | Action: 1
Cheapest frontier cost: 0.75m
Step: 35 | Mode: explore | Action: 2
Cheapest frontier cost: 1.10m
Step: 36 | Mode: explore | Action: 1
Sticking to last point.
Cheapest frontier cost: 0.90m
Step: 37 | Mode: explore | Action: 2
Cheapest frontier cost: 1.15m
Step: 38 | Mode: explore | Action: 1
Sticking to last point.
Cheapest frontier cost: 1.00m
Step: 39 | Mode: explore | Action: 2
Cheapest frontier cost: 2.35m
Step: 40 | Mode: explore | Action: 1
Sticking to last point.
Cheapest frontier cost: 2.10m
Step: 41 | Mode: explore | Action: 2
Cheapest frontier cost: 2.20m
Step: 42 | Mode: explore | Action: 2
Sticking to last point.
Cheapest frontier cost: 2.20m
Step: 43 | Mode: explore | Action: 3
Sticking to last point.
Cheapest frontier cost: 2.20m
Step: 44 | Mode: explore | Action: 3
Sticking to last point.
Cheapest frontier cost: 2.20m
Step: 45 | Mode: explore | Action: 1
Sticking to last point.
Cheapest frontier cost: 1.95m
Step: 46 | Mode: explore | Action: 2
Sticking to last point.
Cheapest frontier cost: 1.95m
Step: 47 | Mode: explore | Action: 1
Sticking to last point.
Cheapest frontier cost: 1.65m
Step: 48 | Mode: explore | Action: 2
Sticking to last point.
Cheapest frontier cost: 1.65m
Step: 49 | Mode: explore | Action: 1
Sticking to last point.
Cheapest frontier cost: 1.30m
Step: 50 | Mode: explore | Action: 1
Sticking to last point.
Cheapest frontier cost: 0.85m
Step: 51 | Mode: explore | Action: 3
Cheapest frontier cost: 0.95m
Step: 52 | Mode: explore | Action: 3
Step: 53 | Mode: navigate | Action: 0
Success rate: 100.00% (1 out of 1)
Logging episode 0005 to results/pilot/greedy_frontier_jsons/5_TEEsavR23oF.json
Step: 0 | Mode: initialize | Action: 2
Step: 1 | Mode: initialize | Action: 2
Step: 2 | Mode: initialize | Action: 2
Step: 3 | Mode: initialize | Action: 2
Step: 4 | Mode: initialize | Action: 2
Step: 5 | Mode: initialize | Action: 2
Step: 6 | Mode: initialize | Action: 2
Step: 7 | Mode: initialize | Action: 2
Step: 8 | Mode: initialize | Action: 2
Step: 9 | Mode: initialize | Action: 2
Step: 10 | Mode: initialize | Action: 2
Step: 11 | Mode: initialize | Action: 2
Cheapest frontier cost: 1.65m
Step: 12 | Mode: explore | Action: 2
Sticking to last point.
Cheapest frontier cost: 1.65m
Step: 13 | Mode: explore | Action: 2
Sticking to last point.
Cheapest frontier cost: 1.65m
Step: 14 | Mode: explore | Action: 2
Sticking to last point.
Cheapest frontier cost: 1.65m
Step: 15 | Mode: explore | Action: 2
Sticking to last point.
Cheapest frontier cost: 1.65m
Step: 16 | Mode: explore | Action: 1
Sticking to last point.
Cheapest frontier cost: 1.55m
Step: 17 | Mode: explore | Action: 3
Cheapest frontier cost: 1.65m
Step: 18 | Mode: explore | Action: 3
Sticking to last point.
Cheapest frontier cost: 1.65m
Step: 19 | Mode: explore | Action: 2
Sticking to last point.
Cheapest frontier cost: 1.65m
Step: 20 | Mode: explore | Action: 1
Sticking to last point.
Cheapest frontier cost: 1.65m
Step: 21 | Mode: explore | Action: 3
Sticking to last point.
Cheapest frontier cost: 1.65m
Step: 22 | Mode: explore | Action: 1
Sticking to last point.
Cheapest frontier cost: 1.20m
Step: 23 | Mode: explore | Action: 1
Sticking to last point.
Cheapest frontier cost: 1.20m
Step: 24 | Mode: explore | Action: 3
Cheapest frontier cost: 1.95m
Step: 25 | Mode: explore | Action: 2
Sticking to last point.
Cheapest frontier cost: 1.95m
Step: 26 | Mode: explore | Action: 1
Sticking to last point.
Cheapest frontier cost: 1.95m
Step: 27 | Mode: explore | Action: 2
Sticking to last point.
Cheapest frontier cost: 1.95m
Step: 28 | Mode: explore | Action: 1
Sticking to last point.
Cheapest frontier cost: 1.95m
Step: 29 | Mode: explore | Action: 2
Sticking to last point.
Cheapest frontier cost: 1.95m
Step: 30 | Mode: explore | Action: 1
Sticking to last point.
Cheapest frontier cost: 1.95m
Step: 31 | Mode: explore | Action: 3
Sticking to last point.
Cheapest frontier cost: 1.95m
Step: 32 | Mode: explore | Action: 3
Sticking to last point.
Cheapest frontier cost: 1.95m
Step: 33 | Mode: explore | Action: 3
Sticking to last point.
Cheapest frontier cost: 1.95m
Step: 34 | Mode: explore | Action: 3
Sticking to last point.
Cheapest frontier cost: 1.95m
Step: 35 | Mode: explore | Action: 1
Sticking to last point.
Cheapest frontier cost: 1.95m
Step: 36 | Mode: explore | Action: 2
Sticking to last point.
Cheapest frontier cost: 1.95m
Step: 37 | Mode: explore | Action: 2
Sticking to last point.
Cheapest frontier cost: 1.95m
Step: 38 | Mode: explore | Action: 1
Sticking to last point.
Cheapest frontier cost: 1.95m
Step: 39 | Mode: explore | Action: 2
Sticking to last point.
Cheapest frontier cost: 1.95m
Step: 40 | Mode: explore | Action: 1
Sticking to last point.
Cheapest frontier cost: 1.95m
Step: 41 | Mode: explore | Action: 2
Sticking to last point.
Cheapest frontier cost: 1.95m
Step: 42 | Mode: explore | Action: 1
Sticking to last point.
Cheapest frontier cost: 1.95m
Step: 43 | Mode: explore | Action: 2
Cheapest frontier cost: 2.15m
Step: 44 | Mode: explore | Action: 2
Sticking to last point.
Cheapest frontier cost: 2.15m
Step: 45 | Mode: explore | Action: 2
Sticking to last point.
Cheapest frontier cost: 2.15m
Step: 46 | Mode: explore | Action: 1
Sticking to last point.
Cheapest frontier cost: 2.10m
Step: 47 | Mode: explore | Action: 3
Sticking to last point.
Cheapest frontier cost: 2.10m
Step: 48 | Mode: explore | Action: 1
Sticking to last point.
Cheapest frontier cost: 1.85m
Step: 49 | Mode: explore | Action: 1
Sticking to last point.
Cheapest frontier cost: 1.60m
Step: 50 | Mode: explore | Action: 3
Cheapest frontier cost: 1.65m
Step: 51 | Mode: explore | Action: 1
Sticking to last point.
Cheapest frontier cost: 1.25m
Step: 52 | Mode: explore | Action: 3
Cheapest frontier cost: 1.30m
Step: 53 | Mode: explore | Action: 1
Sticking to last point.
Cheapest frontier cost: 1.05m
Step: 54 | Mode: explore | Action: 2
Sticking to last point.
Cheapest frontier cost: 1.05m
Step: 55 | Mode: explore | Action: 1
Sticking to last point.
Cheapest frontier cost: 0.70m
Step: 56 | Mode: explore | Action: 1
Sticking to last point.
Cheapest frontier cost: 0.35m
Step: 57 | Mode: explore | Action: 3
Cheapest frontier cost: 1.85m
Step: 58 | Mode: explore | Action: 2
Sticking to last point.
Cheapest frontier cost: 1.85m
Step: 59 | Mode: explore | Action: 2
Sticking to last point.
Cheapest frontier cost: 1.85m
Step: 60 | Mode: explore | Action: 2
Sticking to last point.
Cheapest frontier cost: 1.85m
Step: 61 | Mode: explore | Action: 1
Sticking to last point.
Cheapest frontier cost: 1.75m
Step: 62 | Mode: explore | Action: 3
Sticking to last point.
Cheapest frontier cost: 1.75m
Step: 63 | Mode: explore | Action: 1
Sticking to last point.
Cheapest frontier cost: 1.50m
Step: 64 | Mode: explore | Action: 3
Sticking to last point.
Cheapest frontier cost: 1.50m
Step: 65 | Mode: explore | Action: 1
Sticking to last point.
Cheapest frontier cost: 1.20m
Step: 66 | Mode: explore | Action: 1
Sticking to last point.
Cheapest frontier cost: 1.10m
Step: 67 | Mode: explore | Action: 2
Sticking to last point.
Cheapest frontier cost: 1.10m
Step: 68 | Mode: explore | Action: 1
Sticking to last point.
Cheapest frontier cost: 0.90m
Step: 69 | Mode: explore | Action: 2
Sticking to last point.
Cheapest frontier cost: 0.90m
Step: 70 | Mode: explore | Action: 1
Sticking to last point.
Cheapest frontier cost: 0.65m
Step: 71 | Mode: explore | Action: 1
Sticking to last point.
Cheapest frontier cost: 0.65m
Step: 72 | Mode: explore | Action: 3
Sticking to last point.
Cheapest frontier cost: 0.65m
Step: 73 | Mode: explore | Action: 1
Sticking to last point.
Cheapest frontier cost: 0.65m
Step: 74 | Mode: explore | Action: 3
Sticking to last point.
Cheapest frontier cost: 0.65m
Step: 75 | Mode: explore | Action: 1
Sticking to last point.
Cheapest frontier cost: 0.55m
Step: 76 | Mode: explore | Action: 2
Cheapest frontier cost: 0.65m
Step: 77 | Mode: explore | Action: 2
Cheapest frontier cost: 1.00m
Step: 78 | Mode: explore | Action: 2
Sticking to last point.
Cheapest frontier cost: 0.95m
Step: 79 | Mode: explore | Action: 2
Sticking to last point.
Cheapest frontier cost: 0.85m
Step: 80 | Mode: explore | Action: 1
Cheapest frontier cost: 1.45m
Step: 81 | Mode: explore | Action: 3
Sticking to last point.
Cheapest frontier cost: 1.45m
Step: 82 | Mode: explore | Action: 1
Sticking to last point.
Cheapest frontier cost: 1.45m
Step: 83 | Mode: explore | Action: 2
Sticking to last point.
Cheapest frontier cost: 1.45m
Step: 84 | Mode: explore | Action: 1
Sticking to last point.
Cheapest frontier cost: 1.45m
Step: 85 | Mode: explore | Action: 2
Sticking to last point.
Cheapest frontier cost: 1.45m
Step: 86 | Mode: explore | Action: 1
Sticking to last point.
Cheapest frontier cost: 1.45m
Step: 87 | Mode: explore | Action: 2
Sticking to last point.
Cheapest frontier cost: 1.45m
Step: 88 | Mode: explore | Action: 1
Sticking to last point.
Cheapest frontier cost: 1.45m
Step: 89 | Mode: explore | Action: 3
Sticking to last point.
Cheapest frontier cost: 1.45m
Step: 90 | Mode: explore | Action: 3
Sticking to last point.
Cheapest frontier cost: 1.45m
Step: 91 | Mode: explore | Action: 3
Sticking to last point.
Cheapest frontier cost: 1.45m
Step: 92 | Mode: explore | Action: 3
Sticking to last point.
Cheapest frontier cost: 1.45m
Step: 93 | Mode: explore | Action: 1
Sticking to last point.
Cheapest frontier cost: 1.20m
Step: 94 | Mode: explore | Action: 2
Sticking to last point.
Cheapest frontier cost: 1.20m
Step: 95 | Mode: explore | Action: 1
Sticking to last point.
Cheapest frontier cost: 0.85m
Step: 96 | Mode: explore | Action: 1
Sticking to last point.
Cheapest frontier cost: 0.85m
Step: 97 | Mode: explore | Action: 2
Sticking to last point.
Cheapest frontier cost: 0.85m
Step: 98 | Mode: explore | Action: 1
Sticking to last point.
Cheapest frontier cost: 0.85m
Step: 99 | Mode: explore | Action: 2
Sticking to last point.
Cheapest frontier cost: 0.85m
Step: 100 | Mode: explore | Action: 1
Sticking to last point.
Cheapest frontier cost: 0.85m
Step: 101 | Mode: explore | Action: 2
Sticking to last point.
Cheapest frontier cost: 0.85m
Step: 102 | Mode: explore | Action: 1
Cheapest frontier cost: 1.00m
Step: 103 | Mode: explore | Action: 3
Sticking to last point.
Cheapest frontier cost: 1.00m
Step: 104 | Mode: explore | Action: 3
Sticking to last point.
Cheapest frontier cost: 1.00m
Step: 105 | Mode: explore | Action: 1
Sticking to last point.
Cheapest frontier cost: 0.75m
Step: 106 | Mode: explore | Action: 3
Cheapest frontier cost: 1.05m
Step: 107 | Mode: explore | Action: 3
Cheapest frontier cost: 2.30m
Step: 108 | Mode: explore | Action: 2
Sticking to last point.
Cheapest frontier cost: 2.30m
Step: 109 | Mode: explore | Action: 3
Sticking to last point.
Cheapest frontier cost: 2.30m
Step: 110 | Mode: explore | Action: 3
Cheapest frontier cost: 7.15m
Step: 111 | Mode: explore | Action: 2
Sticking to last point.
Cheapest frontier cost: 7.15m
Step: 112 | Mode: explore | Action: 2
Sticking to last point.
Cheapest frontier cost: 7.15m
Step: 113 | Mode: explore | Action: 2
Sticking to last point.
Cheapest frontier cost: 7.15m
Step: 114 | Mode: explore | Action: 2
Sticking to last point.
Cheapest frontier cost: 7.15m
Step: 115 | Mode: explore | Action: 2
Sticking to last point.
Cheapest frontier cost: 7.15m
Step: 116 | Mode: explore | Action: 2
Sticking to last point.
Cheapest frontier cost: 7.15m
Step: 117 | Mode: explore | Action: 2
Sticking to last point.
Cheapest frontier cost: 7.15m
Step: 118 | Mode: explore | Action: 2
Sticking to last point.
Cheapest frontier cost: 7.15m
Step: 119 | Mode: explore | Action: 2
Sticking to last point.
Cheapest frontier cost: 7.15m
Step: 120 | Mode: explore | Action: 2
Sticking to last point.
Cheapest frontier cost: 7.15m
Step: 121 | Mode: explore | Action: 1
Sticking to last point.
Cheapest frontier cost: 7.10m
Step: 122 | Mode: explore | Action: 3
Sticking to last point.
Cheapest frontier cost: 7.10m
Step: 123 | Mode: explore | Action: 1
Sticking to last point.
Cheapest frontier cost: 6.85m
Step: 124 | Mode: explore | Action: 1
Sticking to last point.
Cheapest frontier cost: 6.60m
Step: 125 | Mode: explore | Action: 3
Sticking to last point.
Cheapest frontier cost: 6.60m
Step: 126 | Mode: explore | Action: 3
Sticking to last point.
Cheapest frontier cost: 6.60m
Step: 127 | Mode: explore | Action: 1
Sticking to last point.
Cheapest frontier cost: 6.50m
Step: 128 | Mode: explore | Action: 1
Sticking to last point.
Cheapest frontier cost: 6.40m
Step: 129 | Mode: explore | Action: 3
Sticking to last point.
Cheapest frontier cost: 6.40m
Step: 130 | Mode: explore | Action: 3
Sticking to last point.
Cheapest frontier cost: 6.40m
Step: 131 | Mode: explore | Action: 1
Sticking to last point.
Cheapest frontier cost: 6.05m
Step: 132 | Mode: explore | Action: 1
Sticking to last point.
Cheapest frontier cost: 5.75m
Step: 133 | Mode: explore | Action: 1
Sticking to last point.
Cheapest frontier cost: 5.35m
Step: 134 | Mode: explore | Action: 2
Sticking to last point.
Cheapest frontier cost: 5.35m
Step: 135 | Mode: explore | Action: 1
Sticking to last point.
Cheapest frontier cost: 5.10m
Step: 136 | Mode: explore | Action: 1
Sticking to last point.
Cheapest frontier cost: 4.85m
Step: 137 | Mode: explore | Action: 3
Sticking to last point.
Cheapest frontier cost: 4.85m
Step: 138 | Mode: explore | Action: 1
Sticking to last point.
Cheapest frontier cost: 4.55m
Step: 139 | Mode: explore | Action: 1
Sticking to last point.
Cheapest frontier cost: 4.20m
Step: 140 | Mode: explore | Action: 1
Sticking to last point.
Cheapest frontier cost: 3.85m
Step: 141 | Mode: explore | Action: 1
Sticking to last point.
Cheapest frontier cost: 3.50m
Step: 142 | Mode: explore | Action: 1
Sticking to last point.
Cheapest frontier cost: 3.20m
Step: 143 | Mode: explore | Action: 1
Sticking to last point.
  7%|▋         | 2/30 [00:56<14:20, 30.74s/it]Cheapest frontier cost: 2.80m
Step: 144 | Mode: explore | Action: 1
Sticking to last point.
Cheapest frontier cost: 2.60m
Step: 145 | Mode: explore | Action: 2
Sticking to last point.
Cheapest frontier cost: 2.60m
Step: 146 | Mode: explore | Action: 1
Sticking to last point.
Cheapest frontier cost: 2.35m
Step: 147 | Mode: explore | Action: 1
Sticking to last point.
Cheapest frontier cost: 2.10m
Step: 148 | Mode: explore | Action: 1
Sticking to last point.
Cheapest frontier cost: 1.85m
Step: 149 | Mode: explore | Action: 1
Sticking to last point.
Cheapest frontier cost: 1.60m
Step: 150 | Mode: explore | Action: 1
Sticking to last point.
Cheapest frontier cost: 1.50m
Step: 151 | Mode: explore | Action: 2
Sticking to last point.
Cheapest frontier cost: 1.50m
Step: 152 | Mode: explore | Action: 1
Sticking to last point.
Cheapest frontier cost: 1.30m
Step: 153 | Mode: explore | Action: 1
Sticking to last point.
Cheapest frontier cost: 1.30m
Step: 154 | Mode: explore | Action: 3
Sticking to last point.
Cheapest frontier cost: 1.30m
Step: 155 | Mode: explore | Action: 1
Sticking to last point.
Cheapest frontier cost: 0.55m
Step: 156 | Mode: explore | Action: 2
Cheapest frontier cost: 0.75m
Step: 157 | Mode: explore | Action: 2
Cheapest frontier cost: 3.45m
Step: 158 | Mode: explore | Action: 3
Sticking to last point.
Cheapest frontier cost: 3.45m
Step: 159 | Mode: explore | Action: 3
Sticking to last point.
Cheapest frontier cost: 3.45m
Step: 160 | Mode: explore | Action: 3
Cheapest frontier cost: 1.80m
Step: 161 | Mode: explore | Action: 1
Sticking to last point.
Cheapest frontier cost: 1.45m
Step: 162 | Mode: explore | Action: 3
Cheapest frontier cost: 1.70m
Step: 163 | Mode: explore | Action: 1
Sticking to last point.
Cheapest frontier cost: 1.55m
Step: 164 | Mode: explore | Action: 3
Cheapest frontier cost: 3.05m
Step: 165 | Mode: explore | Action: 1
Sticking to last point.
Cheapest frontier cost: 2.80m
Step: 166 | Mode: explore | Action: 3
Sticking to last point.
Cheapest frontier cost: 2.80m
Step: 167 | Mode: explore | Action: 1
Sticking to last point.
Cheapest frontier cost: 2.50m
Step: 168 | Mode: explore | Action: 1
Sticking to last point.
Cheapest frontier cost: 2.15m
Step: 169 | Mode: explore | Action: 1
Sticking to last point.
Cheapest frontier cost: 1.80m
Step: 170 | Mode: explore | Action: 1
Sticking to last point.
Cheapest frontier cost: 1.45m
Step: 171 | Mode: explore | Action: 1
Cheapest frontier cost: 1.55m
Step: 172 | Mode: explore | Action: 1
Sticking to last point.
Cheapest frontier cost: 1.15m
Step: 173 | Mode: explore | Action: 3
Cheapest frontier cost: 2.00m
Step: 174 | Mode: explore | Action: 1
Sticking to last point.
Cheapest frontier cost: 1.70m
Step: 175 | Mode: explore | Action: 3
Sticking to last point.
Cheapest frontier cost: 1.70m
Step: 176 | Mode: explore | Action: 1
Sticking to last point.
Cheapest frontier cost: 1.45m
Step: 177 | Mode: explore | Action: 1
Sticking to last point.
Cheapest frontier cost: 1.25m
Step: 178 | Mode: explore | Action: 1
Cheapest frontier cost: 1.30m
Step: 179 | Mode: explore | Action: 2
Sticking to last point.
Cheapest frontier cost: 1.30m
Step: 180 | Mode: explore | Action: 1
Cheapest frontier cost: 3.15m
Step: 181 | Mode: explore | Action: 2
Sticking to last point.
Cheapest frontier cost: 3.15m
Step: 182 | Mode: explore | Action: 1
Sticking to last point.
Cheapest frontier cost: 3.15m
Step: 183 | Mode: explore | Action: 3
Sticking to last point.
Cheapest frontier cost: 3.15m
Step: 184 | Mode: explore | Action: 1
Sticking to last point.
Cheapest frontier cost: 2.80m
Step: 185 | Mode: explore | Action: 2
Sticking to last point.
Cheapest frontier cost: 2.80m
Step: 186 | Mode: explore | Action: 1
Sticking to last point.
Cheapest frontier cost: 2.45m
Step: 187 | Mode: explore | Action: 1
Sticking to last point.
Cheapest frontier cost: 2.15m
Step: 188 | Mode: explore | Action: 2
Sticking to last point.
Cheapest frontier cost: 2.15m
Step: 189 | Mode: explore | Action: 1
Sticking to last point.
Cheapest frontier cost: 1.85m
Step: 190 | Mode: explore | Action: 3
Sticking to last point.
Cheapest frontier cost: 1.85m
Step: 191 | Mode: explore | Action: 1
Sticking to last point.
Cheapest frontier cost: 1.45m
Step: 192 | Mode: explore | Action: 1
Sticking to last point.
Cheapest frontier cost: 1.20m
Step: 193 | Mode: explore | Action: 1
Sticking to last point.
Cheapest frontier cost: 0.95m
Step: 194 | Mode: explore | Action: 1
Sticking to last point.
Cheapest frontier cost: 0.90m
Step: 195 | Mode: explore | Action: 3
Cheapest frontier cost: 1.35m
Step: 196 | Mode: explore | Action: 2
Sticking to last point.
Cheapest frontier cost: 1.35m
Step: 197 | Mode: explore | Action: 2
Sticking to last point.
Cheapest frontier cost: 1.35m
Step: 198 | Mode: explore | Action: 2
Sticking to last point.
Cheapest frontier cost: 1.35m
Step: 199 | Mode: explore | Action: 2
Step: 200 | Mode: navigate | Action: 1
Step: 201 | Mode: navigate | Action: 1
Step: 202 | Mode: navigate | Action: 0
Success rate: 100.00% (2 out of 2)
Logging episode 0006 to results/pilot/greedy_frontier_jsons/6_TEEsavR23oF.json
Step: 0 | Mode: initialize | Action: 2
Step: 1 | Mode: initialize | Action: 2
Step: 2 | Mode: initialize | Action: 2
Step: 3 | Mode: initialize | Action: 2
Step: 4 | Mode: initialize | Action: 2
Step: 5 | Mode: initialize | Action: 2
Step: 6 | Mode: initialize | Action: 2
Step: 7 | Mode: initialize | Action: 2
Step: 8 | Mode: initialize | Action: 2
Step: 9 | Mode: initialize | Action: 2
Step: 10 | Mode: initialize | Action: 2
Step: 11 | Mode: initialize | Action: 2
Cheapest frontier cost: 1.20m
Step: 12 | Mode: explore | Action: 2
Sticking to last point.
Cheapest frontier cost: 1.20m
Step: 13 | Mode: explore | Action: 2
Sticking to last point.
Cheapest frontier cost: 1.20m
Step: 14 | Mode: explore | Action: 2
Sticking to last point.
Cheapest frontier cost: 1.20m
Step: 15 | Mode: explore | Action: 1
Sticking to last point.
Cheapest frontier cost: 0.95m
Step: 16 | Mode: explore | Action: 2
Sticking to last point.
Cheapest frontier cost: 0.95m
Step: 17 | Mode: explore | Action: 1
Sticking to last point.
Cheapest frontier cost: 0.90m
Step: 18 | Mode: explore | Action: 3
Sticking to last point.
Cheapest frontier cost: 0.90m
Step: 19 | Mode: explore | Action: 3
Cheapest frontier cost: 2.95m
Step: 20 | Mode: explore | Action: 3
Sticking to last point.
Cheapest frontier cost: 2.95m
Step: 21 | Mode: explore | Action: 3
Sticking to last point.
Cheapest frontier cost: 2.95m
Step: 22 | Mode: explore | Action: 3
Sticking to last point.
Cheapest frontier cost: 2.95m
Step: 23 | Mode: explore | Action: 3
Sticking to last point.
Cheapest frontier cost: 2.95m
Step: 24 | Mode: explore | Action: 1
Sticking to last point.
Cheapest frontier cost: 2.60m
Step: 25 | Mode: explore | Action: 1
Sticking to last point.
Cheapest frontier cost: 2.30m
Step: 26 | Mode: explore | Action: 1
Sticking to last point.
Cheapest frontier cost: 1.90m
Step: 27 | Mode: explore | Action: 1
Sticking to last point.
Cheapest frontier cost: 1.55m
Step: 28 | Mode: explore | Action: 1
Sticking to last point.
Cheapest frontier cost: 1.25m
Step: 29 | Mode: explore | Action: 1
Sticking to last point.
Cheapest frontier cost: 1.15m
Step: 30 | Mode: explore | Action: 3
Sticking to last point.
Cheapest frontier cost: 1.15m
Step: 31 | Mode: explore | Action: 1
Sticking to last point.
Cheapest frontier cost: 0.90m
Step: 32 | Mode: explore | Action: 2
Sticking to last point.
Cheapest frontier cost: 0.60m
Step: 33 | Mode: explore | Action: 1
Cheapest frontier cost: 0.75m
Step: 34 | Mode: explore | Action: 1
Cheapest frontier cost: 0.80m
Step: 35 | Mode: explore | Action: 2
Sticking to last point.
Cheapest frontier cost: 0.80m
Step: 36 | Mode: explore | Action: 2
Sticking to last point.
Cheapest frontier cost: 0.75m
Step: 37 | Mode: explore | Action: 2
Cheapest frontier cost: 2.90m
Step: 38 | Mode: explore | Action: 3
Sticking to last point.
Cheapest frontier cost: 2.90m
Step: 39 | Mode: explore | Action: 3
Sticking to last point.
Cheapest frontier cost: 2.90m
Step: 40 | Mode: explore | Action: 3
Sticking to last point.
Cheapest frontier cost: 2.90m
Step: 41 | Mode: explore | Action: 1
Sticking to last point.
Cheapest frontier cost: 2.65m
Step: 42 | Mode: explore | Action: 1
Sticking to last point.
Cheapest frontier cost: 2.25m
Step: 43 | Mode: explore | Action: 1
Sticking to last point.
Cheapest frontier cost: 2.00m
Step: 44 | Mode: explore | Action: 1
Sticking to last point.
Cheapest frontier cost: 1.65m
Step: 45 | Mode: explore | Action: 1
Sticking to last point.
Cheapest frontier cost: 1.35m
Step: 46 | Mode: explore | Action: 2
Sticking to last point.
Cheapest frontier cost: 1.35m
Step: 47 | Mode: explore | Action: 3
Sticking to last point.
Cheapest frontier cost: 1.35m
Step: 48 | Mode: explore | Action: 1
Sticking to last point.
Cheapest frontier cost: 1.10m
Step: 49 | Mode: explore | Action: 2
Cheapest frontier cost: 1.20m
Step: 50 | Mode: explore | Action: 1
Cheapest frontier cost: 2.55m
Step: 51 | Mode: explore | Action: 2
Sticking to last point.
Cheapest frontier cost: 2.55m
Step: 52 | Mode: explore | Action: 1
Sticking to last point.
Cheapest frontier cost: 2.45m
Step: 53 | Mode: explore | Action: 1
Sticking to last point.
Cheapest frontier cost: 2.45m
Step: 54 | Mode: explore | Action: 3
Sticking to last point.
Cheapest frontier cost: 2.45m
Step: 55 | Mode: explore | Action: 1
Sticking to last point.
Cheapest frontier cost: 2.35m
Step: 56 | Mode: explore | Action: 2
Sticking to last point.
Cheapest frontier cost: 2.35m
Step: 57 | Mode: explore | Action: 1
Sticking to last point.
Cheapest frontier cost: 2.10m
Step: 58 | Mode: explore | Action: 1
Sticking to last point.
Cheapest frontier cost: 1.85m
Step: 59 | Mode: explore | Action: 2
Sticking to last point.
Cheapest frontier cost: 1.85m
Step: 60 | Mode: explore | Action: 1
Sticking to last point.
Cheapest frontier cost: 1.50m
Step: 61 | Mode: explore | Action: 1
Sticking to last point.
Cheapest frontier cost: 1.35m
Step: 62 | Mode: explore | Action: 1
Sticking to last point.
Cheapest frontier cost: 1.25m
Step: 63 | Mode: explore | Action: 3
Cheapest frontier cost: 1.05m
Step: 64 | Mode: explore | Action: 1
Cheapest frontier cost: 1.30m
Step: 65 | Mode: explore | Action: 2
Sticking to last point.
Cheapest frontier cost: 1.30m
Step: 66 | Mode: explore | Action: 2
Sticking to last point.
Cheapest frontier cost: 1.30m
Step: 67 | Mode: explore | Action: 2
Cheapest frontier cost: 1.45m
Step: 68 | Mode: explore | Action: 3
Sticking to last point.
Cheapest frontier cost: 1.45m
Step: 69 | Mode: explore | Action: 3
Sticking to last point.
Cheapest frontier cost: 1.45m
Step: 70 | Mode: explore | Action: 3
Sticking to last point.
Cheapest frontier cost: 1.45m
Step: 71 | Mode: explore | Action: 1
Sticking to last point.
Cheapest frontier cost: 1.20m
Step: 72 | Mode: explore | Action: 3
Cheapest frontier cost: 1.95m
Step: 73 | Mode: explore | Action: 2
Sticking to last point.
Cheapest frontier cost: 1.95m
Step: 74 | Mode: explore | Action: 2
Sticking to last point.
Cheapest frontier cost: 1.95m
Step: 75 | Mode: explore | Action: 2
Sticking to last point.
Cheapest frontier cost: 1.95m
Step: 76 | Mode: explore | Action: 2
Sticking to last point.
Cheapest frontier cost: 1.95m
Step: 77 | Mode: explore | Action: 2
Cheapest frontier cost: 3.30m
Step: 78 | Mode: explore | Action: 3
Sticking to last point.
Cheapest frontier cost: 3.30m
Step: 79 | Mode: explore | Action: 3
Sticking to last point.
Cheapest frontier cost: 3.30m
Step: 80 | Mode: explore | Action: 3
Sticking to last point.
Cheapest frontier cost: 3.30m
Step: 81 | Mode: explore | Action: 3
Sticking to last point.
Cheapest frontier cost: 3.30m
Step: 82 | Mode: explore | Action: 3
Sticking to last point.
Cheapest frontier cost: 3.30m
Step: 83 | Mode: explore | Action: 1
Sticking to last point.
Cheapest frontier cost: 2.95m
Step: 84 | Mode: explore | Action: 3
Sticking to last point.
Cheapest frontier cost: 2.95m
Step: 85 | Mode: explore | Action: 1
Sticking to last point.
Cheapest frontier cost: 2.60m
Step: 86 | Mode: explore | Action: 1
Sticking to last point.
Cheapest frontier cost: 2.25m
Step: 87 | Mode: explore | Action: 1
Sticking to last point.
Cheapest frontier cost: 1.90m
Step: 88 | Mode: explore | Action: 1
Sticking to last point.
Cheapest frontier cost: 1.55m
Step: 89 | Mode: explore | Action: 1
Sticking to last point.
Cheapest frontier cost: 1.30m
Step: 90 | Mode: explore | Action: 1
Sticking to last point.
Cheapest frontier cost: 1.05m
Step: 91 | Mode: explore | Action: 2
Cheapest frontier cost: 1.30m
Step: 92 | Mode: explore | Action: 3
Sticking to last point.
Cheapest frontier cost: 1.30m
Step: 93 | Mode: explore | Action: 3
Cheapest frontier cost: 1.40m
Step: 94 | Mode: explore | Action: 1
Cheapest frontier cost: 1.25m
Step: 95 | Mode: explore | Action: 3
Cheapest frontier cost: 1.35m
Step: 96 | Mode: explore | Action: 1
Cheapest frontier cost: 1.50m
Step: 97 | Mode: explore | Action: 3
Cheapest frontier cost: 1.85m
Step: 98 | Mode: explore | Action: 2
Sticking to last point.
Cheapest frontier cost: 1.85m
Step: 99 | Mode: explore | Action: 2
Sticking to last point.
Cheapest frontier cost: 1.85m
Step: 100 | Mode: explore | Action: 2
Sticking to last point.
Cheapest frontier cost: 1.85m
Step: 101 | Mode: explore | Action: 2
Sticking to last point.
Cheapest frontier cost: 1.85m
Step: 102 | Mode: explore | Action: 1
Sticking to last point.
Cheapest frontier cost: 1.80m
Step: 103 | Mode: explore | Action: 1
Sticking to last point.
Cheapest frontier cost: 1.70m
Step: 104 | Mode: explore | Action: 2
Cheapest frontier cost: 2.15m
Step: 105 | Mode: explore | Action: 3
Sticking to last point.
Cheapest frontier cost: 2.15m
Step: 106 | Mode: explore | Action: 3
Sticking to last point.
Cheapest frontier cost: 2.15m
Step: 107 | Mode: explore | Action: 3
Sticking to last point.
Cheapest frontier cost: 2.15m
Step: 108 | Mode: explore | Action: 3
Sticking to last point.
Cheapest frontier cost: 2.15m
Step: 109 | Mode: explore | Action: 3
Sticking to last point.
Cheapest frontier cost: 2.15m
Step: 110 | Mode: explore | Action: 3
Sticking to last point.
Cheapest frontier cost: 2.15m
Step: 111 | Mode: explore | Action: 1
Sticking to last point.
Cheapest frontier cost: 1.90m
Step: 112 | Mode: explore | Action: 1
Sticking to last point.
Cheapest frontier cost: 1.65m
Step: 113 | Mode: explore | Action: 1
Sticking to last point.
Cheapest frontier cost: 1.40m
Step: 114 | Mode: explore | Action: 1
Sticking to last point.
Cheapest frontier cost: 1.10m
Step: 115 | Mode: explore | Action: 2
Sticking to last point.
Cheapest frontier cost: 1.10m
Step: 116 | Mode: explore | Action: 2
Sticking to last point.
Cheapest frontier cost: 1.10m
Step: 117 | Mode: explore | Action: 3
Sticking to last point.
Cheapest frontier cost: 1.10m
Step: 118 | Mode: explore | Action: 1
Sticking to last point.
Cheapest frontier cost: 0.70m
Step: 119 | Mode: explore | Action: 1
Sticking to last point.
Cheapest frontier cost: 0.50m
Step: 120 | Mode: explore | Action: 2
Cheapest frontier cost: 0.95m
Step: 121 | Mode: explore | Action: 2
Sticking to last point.
Cheapest frontier cost: 0.95m
Step: 122 | Mode: explore | Action: 2
Sticking to last point.
Cheapest frontier cost: 0.95m
Step: 123 | Mode: explore | Action: 3
Sticking to last point.
Cheapest frontier cost: 0.95m
Step: 124 | Mode: explore | Action: 3
Sticking to last point.
Cheapest frontier cost: 0.95m
Step: 125 | Mode: explore | Action: 1
Sticking to last point.
Cheapest frontier cost: 0.90m
Step: 126 | Mode: explore | Action: 2
Sticking to last point.
Cheapest frontier cost: 0.90m
Step: 127 | Mode: explore | Action: 1
Sticking to last point.
Cheapest frontier cost: 0.90m
Step: 128 | Mode: explore | Action: 2
Sticking to last point.
Cheapest frontier cost: 0.90m
Step: 129 | Mode: explore | Action: 1
Sticking to last point.
Cheapest frontier cost: 0.90m
Step: 130 | Mode: explore | Action: 3
Sticking to last point.
Cheapest frontier cost: 0.90m
Step: 131 | Mode: explore | Action: 1
Sticking to last point.
Cheapest frontier cost: 0.90m
Step: 132 | Mode: explore | Action: 3
Sticking to last point.
Cheapest frontier cost: 0.90m
Step: 133 | Mode: explore | Action: 1
Sticking to last point.
Cheapest frontier cost: 0.90m
Step: 134 | Mode: explore | Action: 3
 10%|█         | 3/30 [01:42<17:03, 37.90s/it]Sticking to last point.
Cheapest frontier cost: 0.90m
Step: 135 | Mode: explore | Action: 1
Sticking to last point.
Cheapest frontier cost: 0.90m
Step: 136 | Mode: explore | Action: 2
Sticking to last point.
Cheapest frontier cost: 0.90m
Step: 137 | Mode: explore | Action: 2
Sticking to last point.
Cheapest frontier cost: 0.90m
Step: 138 | Mode: explore | Action: 2
Sticking to last point.
Cheapest frontier cost: 0.90m
Step: 139 | Mode: explore | Action: 1
Sticking to last point.
Cheapest frontier cost: 0.90m
Step: 140 | Mode: explore | Action: 2
Sticking to last point.
Cheapest frontier cost: 0.90m
Step: 141 | Mode: explore | Action: 1
Sticking to last point.
Cheapest frontier cost: 0.90m
Step: 142 | Mode: explore | Action: 2
Sticking to last point.
Cheapest frontier cost: 0.90m
Step: 143 | Mode: explore | Action: 1
Sticking to last point.
Cheapest frontier cost: 0.90m
Step: 144 | Mode: explore | Action: 2
Sticking to last point.
Cheapest frontier cost: 0.90m
Step: 145 | Mode: explore | Action: 2
Sticking to last point.
Cheapest frontier cost: 0.90m
Step: 146 | Mode: explore | Action: 1
Cheapest frontier cost: 1.05m
Step: 147 | Mode: explore | Action: 3
Sticking to last point.
Cheapest frontier cost: 1.05m
Step: 148 | Mode: explore | Action: 1
Cheapest frontier cost: 1.35m
Step: 149 | Mode: explore | Action: 3
Sticking to last point.
Cheapest frontier cost: 1.35m
Step: 150 | Mode: explore | Action: 1
Cheapest frontier cost: 1.60m
Step: 151 | Mode: explore | Action: 1
Cheapest frontier cost: 1.85m
Step: 152 | Mode: explore | Action: 1
Cheapest frontier cost: 2.10m
Step: 153 | Mode: explore | Action: 3
Sticking to last point.
Cheapest frontier cost: 2.10m
Step: 154 | Mode: explore | Action: 1
Cheapest frontier cost: 2.25m
Step: 155 | Mode: explore | Action: 3
Sticking to last point.
Cheapest frontier cost: 2.25m
Step: 156 | Mode: explore | Action: 3
Sticking to last point.
Cheapest frontier cost: 2.25m
Step: 157 | Mode: explore | Action: 3
Sticking to last point.
Cheapest frontier cost: 2.25m
Step: 158 | Mode: explore | Action: 3
Sticking to last point.
Cheapest frontier cost: 2.25m
Step: 159 | Mode: explore | Action: 3
Sticking to last point.
Cheapest frontier cost: 2.25m
Step: 160 | Mode: explore | Action: 3
Sticking to last point.
Cheapest frontier cost: 2.25m
Step: 161 | Mode: explore | Action: 1
Sticking to last point.
Cheapest frontier cost: 2.10m
Step: 162 | Mode: explore | Action: 2
Sticking to last point.
Cheapest frontier cost: 2.10m
Step: 163 | Mode: explore | Action: 1
Sticking to last point.
Cheapest frontier cost: 1.85m
Step: 164 | Mode: explore | Action: 1
Sticking to last point.
Cheapest frontier cost: 1.60m
Step: 165 | Mode: explore | Action: 2
Sticking to last point.
Cheapest frontier cost: 1.60m
Step: 166 | Mode: explore | Action: 1
Sticking to last point.
Cheapest frontier cost: 1.20m
Step: 167 | Mode: explore | Action: 1
Sticking to last point.
Cheapest frontier cost: 0.90m
Step: 168 | Mode: explore | Action: 2
Sticking to last point.
Cheapest frontier cost: 0.90m
Step: 169 | Mode: explore | Action: 1
Sticking to last point.
Cheapest frontier cost: 0.85m
Step: 170 | Mode: explore | Action: 2
Sticking to last point.
Cheapest frontier cost: 0.85m
Step: 171 | Mode: explore | Action: 1
Sticking to last point.
Cheapest frontier cost: 0.85m
Step: 172 | Mode: explore | Action: 2
Sticking to last point.
Cheapest frontier cost: 0.85m
Step: 173 | Mode: explore | Action: 1
Sticking to last point.
Cheapest frontier cost: 0.85m
Step: 174 | Mode: explore | Action: 3
Sticking to last point.
Cheapest frontier cost: 0.85m
Step: 175 | Mode: explore | Action: 3
Sticking to last point.
Cheapest frontier cost: 0.85m
Step: 176 | Mode: explore | Action: 3
Sticking to last point.
Cheapest frontier cost: 0.85m
Step: 177 | Mode: explore | Action: 1
Sticking to last point.
Cheapest frontier cost: 0.85m
Step: 178 | Mode: explore | Action: 3
Sticking to last point.
Cheapest frontier cost: 0.85m
Step: 179 | Mode: explore | Action: 1
Cheapest frontier cost: 1.10m
Step: 180 | Mode: explore | Action: 2
Sticking to last point.
Cheapest frontier cost: 1.10m
Step: 181 | Mode: explore | Action: 2
Sticking to last point.
Cheapest frontier cost: 1.10m
Step: 182 | Mode: explore | Action: 1
Sticking to last point.
Cheapest frontier cost: 1.10m
Step: 183 | Mode: explore | Action: 2
Sticking to last point.
Cheapest frontier cost: 1.10m
Step: 184 | Mode: explore | Action: 1
Sticking to last point.
Cheapest frontier cost: 1.10m
Step: 185 | Mode: explore | Action: 2
Sticking to last point.
Cheapest frontier cost: 1.10m
Step: 186 | Mode: explore | Action: 1
Sticking to last point.
Cheapest frontier cost: 1.10m
Step: 187 | Mode: explore | Action: 1
Sticking to last point.
Cheapest frontier cost: 1.10m
Step: 188 | Mode: explore | Action: 3
Sticking to last point.
Cheapest frontier cost: 1.10m
Step: 189 | Mode: explore | Action: 1
Sticking to last point.
Cheapest frontier cost: 1.10m
Step: 190 | Mode: explore | Action: 3
Sticking to last point.
Cheapest frontier cost: 1.10m
Step: 191 | Mode: explore | Action: 1
Sticking to last point.
Cheapest frontier cost: 1.10m
Step: 192 | Mode: explore | Action: 2
Sticking to last point.
Cheapest frontier cost: 1.10m
Step: 193 | Mode: explore | Action: 2
Sticking to last point.
Cheapest frontier cost: 1.10m
Step: 194 | Mode: explore | Action: 1
Sticking to last point.
Cheapest frontier cost: 1.10m
Step: 195 | Mode: explore | Action: 2
Sticking to last point.
Cheapest frontier cost: 1.10m
Step: 196 | Mode: explore | Action: 1
Sticking to last point.
Cheapest frontier cost: 1.10m
Step: 197 | Mode: explore | Action: 2
Sticking to last point.
Cheapest frontier cost: 1.10m
Step: 198 | Mode: explore | Action: 1
Sticking to last point.
Cheapest frontier cost: 1.00m
Step: 199 | Mode: explore | Action: 2
Sticking to last point.
Cheapest frontier cost: 1.00m
Step: 200 | Mode: explore | Action: 1
Sticking to last point.
Cheapest frontier cost: 0.90m
Step: 201 | Mode: explore | Action: 3
Sticking to last point.
Cheapest frontier cost: 0.90m
Step: 202 | Mode: explore | Action: 3
Sticking to last point.
Cheapest frontier cost: 0.90m
Step: 203 | Mode: explore | Action: 3
Sticking to last point.
Cheapest frontier cost: 0.90m
Step: 204 | Mode: explore | Action: 3
Sticking to last point.
Cheapest frontier cost: 0.90m
Step: 205 | Mode: explore | Action: 1
Sticking to last point.
Cheapest frontier cost: 0.90m
Step: 206 | Mode: explore | Action: 3
Sticking to last point.
Cheapest frontier cost: 0.90m
Step: 207 | Mode: explore | Action: 1
Sticking to last point.
Cheapest frontier cost: 0.90m
Step: 208 | Mode: explore | Action: 3
Sticking to last point.
Cheapest frontier cost: 0.90m
Step: 209 | Mode: explore | Action: 1
Sticking to last point.
Cheapest frontier cost: 0.90m
Step: 210 | Mode: explore | Action: 0
Success rate: 66.67% (2 out of 3)
Episode 0 in scene TEEsavR23oF failed due to 'never_saw_target_did_not_travel_stairs_likely_infeasible'.
Logging episode 0000 to results/pilot/greedy_frontier_jsons/0_TEEsavR23oF.json
Step: 0 | Mode: initialize | Action: 2
Step: 1 | Mode: initialize | Action: 2
Step: 2 | Mode: initialize | Action: 2
Step: 3 | Mode: initialize | Action: 2
Step: 4 | Mode: initialize | Action: 2
Step: 5 | Mode: initialize | Action: 2
Step: 6 | Mode: initialize | Action: 2
Step: 7 | Mode: initialize | Action: 2
Step: 8 | Mode: initialize | Action: 2
Step: 9 | Mode: initialize | Action: 2
Step: 10 | Mode: initialize | Action: 2
Step: 11 | Mode: initialize | Action: 2
Cheapest frontier cost: 0.80m
Step: 12 | Mode: explore | Action: 3
Sticking to last point.
Cheapest frontier cost: 0.80m
Step: 13 | Mode: explore | Action: 2
Sticking to last point.
Cheapest frontier cost: 0.80m
Step: 14 | Mode: explore | Action: 2
Sticking to last point.
Cheapest frontier cost: 0.80m
Step: 15 | Mode: explore | Action: 2
Sticking to last point.
Cheapest frontier cost: 0.80m
Step: 16 | Mode: explore | Action: 2
Sticking to last point.
Cheapest frontier cost: 0.80m
Step: 17 | Mode: explore | Action: 2
Sticking to last point.
Cheapest frontier cost: 0.80m
Step: 18 | Mode: explore | Action: 1
Sticking to last point.
Cheapest frontier cost: 0.75m
 13%|█▎        | 4/30 [02:06<14:02, 32.40s/it]Step: 19 | Mode: explore | Action: 3
Sticking to last point.
Cheapest frontier cost: 0.75m
Step: 20 | Mode: explore | Action: 3
Sticking to last point.
Cheapest frontier cost: 0.75m
Step: 21 | Mode: explore | Action: 1
Sticking to last point.
Cheapest frontier cost: 0.40m
Step: 22 | Mode: explore | Action: 1
Cheapest frontier cost: 1.00m
Step: 23 | Mode: explore | Action: 2
Cheapest frontier cost: 1.05m
Step: 24 | Mode: explore | Action: 1
Sticking to last point.
Cheapest frontier cost: 1.05m
Step: 25 | Mode: explore | Action: 1
Sticking to last point.
Cheapest frontier cost: 1.05m
Step: 26 | Mode: explore | Action: 1
Sticking to last point.
Cheapest frontier cost: 1.05m
Step: 27 | Mode: explore | Action: 3
Sticking to last point.
Cheapest frontier cost: 1.05m
Step: 28 | Mode: explore | Action: 1
Sticking to last point.
Cheapest frontier cost: 0.90m
Step: 29 | Mode: explore | Action: 2
Cheapest frontier cost: 0.95m
Step: 30 | Mode: explore | Action: 3
Sticking to last point.
Cheapest frontier cost: 0.95m
Step: 31 | Mode: explore | Action: 3
Cheapest frontier cost: 1.00m
Step: 32 | Mode: explore | Action: 1
Cheapest frontier cost: 1.15m
Step: 33 | Mode: explore | Action: 2
Sticking to last point.
Cheapest frontier cost: 1.15m
Step: 34 | Mode: explore | Action: 2
Sticking to last point.
Cheapest frontier cost: 1.15m
Step: 35 | Mode: explore | Action: 2
Cheapest frontier cost: 2.10m
Step: 36 | Mode: explore | Action: 1
Cheapest frontier cost: 2.05m
Step: 37 | Mode: explore | Action: 2
Cheapest frontier cost: 1.25m
Step: 38 | Mode: explore | Action: 1
Sticking to last point.
Cheapest frontier cost: 1.20m
Step: 39 | Mode: explore | Action: 2
Cheapest frontier cost: 2.10m
Step: 40 | Mode: explore | Action: 2
Step: 41 | Mode: navigate | Action: 3
Step: 42 | Mode: navigate | Action: 3
Step: 43 | Mode: navigate | Action: 1
Step: 44 | Mode: navigate | Action: 1
Step: 45 | Mode: navigate | Action: 2
Step: 46 | Mode: navigate | Action: 1
Step: 47 | Mode: navigate | Action: 1
Step: 48 | Mode: navigate | Action: 1
Step: 49 | Mode: navigate | Action: 1
Step: 50 | Mode: navigate | Action: 1
Step: 51 | Mode: navigate | Action: 2
Step: 52 | Mode: navigate | Action: 2
Step: 53 | Mode: navigate | Action: 3
Step: 54 | Mode: navigate | Action: 1
Step: 55 | Mode: navigate | Action: 2
Step: 56 | Mode: navigate | Action: 3
Step: 57 | Mode: navigate | Action: 3
Step: 58 | Mode: navigate | Action: 1
Step: 59 | Mode: navigate | Action: 2
Step: 60 | Mode: navigate | Action: 2
Step: 61 | Mode: navigate | Action: 2
Step: 62 | Mode: navigate | Action: 1
Step: 63 | Mode: navigate | Action: 1
Step: 64 | Mode: navigate | Action: 3
Step: 65 | Mode: navigate | Action: 3
Step: 66 | Mode: navigate | Action: 2
Step: 67 | Mode: navigate | Action: 1
Step: 68 | Mode: navigate | Action: 1
Step: 69 | Mode: navigate | Action: 1
Step: 70 | Mode: navigate | Action: 1
Step: 71 | Mode: navigate | Action: 3
Step: 72 | Mode: navigate | Action: 1
Step: 73 | Mode: navigate | Action: 1
Step: 74 | Mode: navigate | Action: 3
Step: 75 | Mode: navigate | Action: 3
Step: 76 | Mode: navigate | Action: 3
Step: 77 | Mode: navigate | Action: 3
Step: 78 | Mode: navigate | Action: 3
Step: 79 | Mode: navigate | Action: 3
Step: 80 | Mode: navigate | Action: 1
Step: 81 | Mode: navigate | Action: 1
Step: 82 | Mode: navigate | Action: 2
Step: 83 | Mode: navigate | Action: 1
Step: 84 | Mode: navigate | Action: 1
Step: 85 | Mode: navigate | Action: 2
Step: 86 | Mode: navigate | Action: 1
Step: 87 | Mode: navigate | Action: 1
Step: 88 | Mode: navigate | Action: 1
Step: 89 | Mode: navigate | Action: 3
Step: 90 | Mode: navigate | Action: 1
Step: 91 | Mode: navigate | Action: 2
Step: 92 | Mode: navigate | Action: 1
Step: 93 | Mode: navigate | Action: 2
Step: 94 | Mode: navigate | Action: 2
Step: 95 | Mode: navigate | Action: 2
Step: 96 | Mode: navigate | Action: 1
Step: 97 | Mode: navigate | Action: 1
Step: 98 | Mode: navigate | Action: 2
Step: 99 | Mode: navigate | Action: 1
Step: 100 | Mode: navigate | Action: 3
Step: 101 | Mode: navigate | Action: 1
Step: 102 | Mode: navigate | Action: 1
Step: 103 | Mode: navigate | Action: 3
Step: 104 | Mode: navigate | Action: 1
Step: 105 | Mode: navigate | Action: 0
Success rate: 50.00% (2 out of 4)
Episode 11 in scene TEEsavR23oF failed due to 'false_positive'.
Logging episode 0011 to results/pilot/greedy_frontier_jsons/11_TEEsavR23oF.json
Step: 0 | Mode: initialize | Action: 2
Step: 1 | Mode: initialize | Action: 2
Step: 2 | Mode: initialize | Action: 2
Step: 3 | Mode: initialize | Action: 2
Step: 4 | Mode: initialize | Action: 2
Step: 5 | Mode: initialize | Action: 2
Step: 6 | Mode: initialize | Action: 2
Step: 7 | Mode: initialize | Action: 2
Step: 8 | Mode: initialize | Action: 2
Step: 9 | Mode: initialize | Action: 2
Step: 10 | Mode: initialize | Action: 2
Step: 11 | Mode: initialize | Action: 2
Cheapest frontier cost: 3.30m
Step: 12 | Mode: explore | Action: 2
Sticking to last point.
Cheapest frontier cost: 3.30m
Step: 13 | Mode: explore | Action: 2
Sticking to last point.
Cheapest frontier cost: 3.30m
Step: 14 | Mode: explore | Action: 2
Sticking to last point.
Cheapest frontier cost: 3.30m
Step: 15 | Mode: explore | Action: 1
Cheapest frontier cost: 3.55m
Step: 16 | Mode: explore | Action: 2
Sticking to last point.
Cheapest frontier cost: 3.55m
Step: 17 | Mode: explore | Action: 1
Cheapest frontier cost: 3.65m
Step: 18 | Mode: explore | Action: 2
Sticking to last point.
Cheapest frontier cost: 3.65m
Step: 19 | Mode: explore | Action: 1
Sticking to last point.
Cheapest frontier cost: 3.55m
Step: 20 | Mode: explore | Action: 1
Sticking to last point.
Cheapest frontier cost: 3.45m
Step: 21 | Mode: explore | Action: 2
Cheapest frontier cost: 3.25m
Step: 22 | Mode: explore | Action: 3
Sticking to last point.
Cheapest frontier cost: 3.25m
Step: 23 | Mode: explore | Action: 1
Sticking to last point.
Cheapest frontier cost: 2.90m
Step: 24 | Mode: explore | Action: 3
Cheapest frontier cost: 3.20m
Step: 25 | Mode: explore | Action: 1
Sticking to last point.
Cheapest frontier cost: 3.20m
Step: 26 | Mode: explore | Action: 1
Sticking to last point.
Cheapest frontier cost: 3.15m
Step: 27 | Mode: explore | Action: 1
Sticking to last point.
Cheapest frontier cost: 3.05m
Step: 28 | Mode: explore | Action: 1
Sticking to last point.
Cheapest frontier cost: 2.95m
Step: 29 | Mode: explore | Action: 3
Cheapest frontier cost: 3.00m
Step: 30 | Mode: explore | Action: 1
Sticking to last point.
Cheapest frontier cost: 2.75m
Step: 31 | Mode: explore | Action: 1
Sticking to last point.
Cheapest frontier cost: 2.50m
Step: 32 | Mode: explore | Action: 1
Sticking to last point.
Cheapest frontier cost: 2.35m
Step: 33 | Mode: explore | Action: 1
Sticking to last point.
Cheapest frontier cost: 2.35m
Step: 34 | Mode: explore | Action: 3
Sticking to last point.
Cheapest frontier cost: 2.35m
Step: 35 | Mode: explore | Action: 1
Sticking to last point.
Cheapest frontier cost: 2.20m
Step: 36 | Mode: explore | Action: 2
Sticking to last point.
Cheapest frontier cost: 2.20m
Step: 37 | Mode: explore | Action: 1
Sticking to last point.
Cheapest frontier cost: 1.95m
Step: 38 | Mode: explore | Action: 1
Sticking to last point.
Cheapest frontier cost: 1.80m
Step: 39 | Mode: explore | Action: 1
Sticking to last point.
Cheapest frontier cost: 1.80m
Step: 40 | Mode: explore | Action: 2
Cheapest frontier cost: 1.95m
Step: 41 | Mode: explore | Action: 2
Sticking to last point.
Cheapest frontier cost: 1.95m
Step: 42 | Mode: explore | Action: 3
Sticking to last point.
Cheapest frontier cost: 1.95m
Step: 43 | Mode: explore | Action: 1
Sticking to last point.
Cheapest frontier cost: 1.05m
Step: 44 | Mode: explore | Action: 2
Cheapest frontier cost: 1.95m
Step: 45 | Mode: explore | Action: 3
Sticking to last point.
Cheapest frontier cost: 1.95m
Step: 46 | Mode: explore | Action: 3
Sticking to last point.
Cheapest frontier cost: 1.95m
Step: 47 | Mode: explore | Action: 3
Sticking to last point.
Cheapest frontier cost: 1.95m
Step: 48 | Mode: explore | Action: 1
Sticking to last point.
Cheapest frontier cost: 1.85m
Step: 49 | Mode: explore | Action: 3
Cheapest frontier cost: 3.00m
Step: 50 | Mode: explore | Action: 1
Sticking to last point.
Cheapest frontier cost: 2.95m
Step: 51 | Mode: explore | Action: 1
Sticking to last point.
Cheapest frontier cost: 2.80m
Step: 52 | Mode: explore | Action: 3
Cheapest frontier cost: 1.45m
Step: 53 | Mode: explore | Action: 1
Sticking to last point.
Cheapest frontier cost: 1.20m
Step: 54 | Mode: explore | Action: 1
Sticking to last point.
Cheapest frontier cost: 0.95m
Step: 55 | Mode: explore | Action: 3
Cheapest frontier cost: 3.30m
Step: 56 | Mode: explore | Action: 2
Sticking to last point.
Cheapest frontier cost: 3.30m
Step: 57 | Mode: explore | Action: 1
Sticking to last point.
Cheapest frontier cost: 3.05m
Step: 58 | Mode: explore | Action: 1
Sticking to last point.
Cheapest frontier cost: 2.80m
Step: 59 | Mode: explore | Action: 1
Sticking to last point.
Cheapest frontier cost: 2.55m
Step: 60 | Mode: explore | Action: 1
Sticking to last point.
Cheapest frontier cost: 2.35m
Step: 61 | Mode: explore | Action: 1
Sticking to last point.
Cheapest frontier cost: 2.10m
Step: 62 | Mode: explore | Action: 1
Sticking to last point.
Cheapest frontier cost: 1.90m
Step: 63 | Mode: explore | Action: 1
Sticking to last point.
Cheapest frontier cost: 1.65m
Step: 64 | Mode: explore | Action: 1
Sticking to last point.
Cheapest frontier cost: 1.45m
Step: 65 | Mode: explore | Action: 2
Sticking to last point.
Cheapest frontier cost: 1.45m
Step: 66 | Mode: explore | Action: 1
Sticking to last point.
Cheapest frontier cost: 1.15m
Step: 67 | Mode: explore | Action: 1
Cheapest frontier cost: 1.35m
Step: 68 | Mode: explore | Action: 2
Sticking to last point.
Cheapest frontier cost: 1.35m
Step: 69 | Mode: explore | Action: 1
Sticking to last point.
Cheapest frontier cost: 1.05m
Step: 70 | Mode: explore | Action: 1
Sticking to last point.
Cheapest frontier cost: 1.05m
Step: 71 | Mode: explore | Action: 1
Sticking to last point.
Cheapest frontier cost: 1.00m
Step: 72 | Mode: explore | Action: 2
Cheapest frontier cost: 1.10m
Step: 73 | Mode: explore | Action: 1
Sticking to last point.
Cheapest frontier cost: 0.85m
Step: 74 | Mode: explore | Action: 2
Cheapest frontier cost: 1.40m
Step: 75 | Mode: explore | Action: 2
Cheapest frontier cost: 2.25m
Step: 76 | Mode: explore | Action: 2
Sticking to last point.
Cheapest frontier cost: 2.25m
Step: 77 | Mode: explore | Action: 3
Sticking to last point.
Cheapest frontier cost: 2.25m
Step: 78 | Mode: explore | Action: 3
Sticking to last point.
Cheapest frontier cost: 2.25m
Step: 79 | Mode: explore | Action: 1
Sticking to last point.
Cheapest frontier cost: 1.85m
Step: 80 | Mode: explore | Action: 2
Sticking to last point.
Cheapest frontier cost: 1.85m
Step: 81 | Mode: explore | Action: 2
Sticking to last point.
Cheapest frontier cost: 1.85m
Step: 82 | Mode: explore | Action: 1
Sticking to last point.
Cheapest frontier cost: 1.65m
Step: 83 | Mode: explore | Action: 1
Sticking to last point.
Cheapest frontier cost: 1.55m
Step: 84 | Mode: explore | Action: 3
Sticking to last point.
Cheapest frontier cost: 1.55m
Step: 85 | Mode: explore | Action: 1
Sticking to last point.
Cheapest frontier cost: 1.20m
Step: 86 | Mode: explore | Action: 3
Sticking to last point.
Cheapest frontier cost: 1.20m
Step: 87 | Mode: explore | Action: 2
Sticking to last point.
Cheapest frontier cost: 1.20m
Step: 88 | Mode: explore | Action: 1
Sticking to last point.
Cheapest frontier cost: 0.90m
Step: 89 | Mode: explore | Action: 3
Sticking to last point.
Cheapest frontier cost: 0.85m
Step: 90 | Mode: explore | Action: 3
Cheapest frontier cost: 5.80m
Step: 91 | Mode: explore | Action: 3
Sticking to last point.
Cheapest frontier cost: 5.80m
Step: 92 | Mode: explore | Action: 3
Sticking to last point.
Cheapest frontier cost: 5.80m
Step: 93 | Mode: explore | Action: 3
Sticking to last point.
Cheapest frontier cost: 5.80m
Step: 94 | Mode: explore | Action: 3
Sticking to last point.
Cheapest frontier cost: 5.80m
Step: 95 | Mode: explore | Action: 1
Sticking to last point.
Cheapest frontier cost: 5.40m
Step: 96 | Mode: explore | Action: 1
Sticking to last point.
Cheapest frontier cost: 5.10m
Step: 97 | Mode: explore | Action: 1
Sticking to last point.
Cheapest frontier cost: 5.10m
Step: 98 | Mode: explore | Action: 1
Sticking to last point.
Cheapest frontier cost: 5.10m
Step: 99 | Mode: explore | Action: 3
Sticking to last point.
Cheapest frontier cost: 5.10m
Step: 100 | Mode: explore | Action: 1
Sticking to last point.
Cheapest frontier cost: 5.10m
Step: 101 | Mode: explore | Action: 3
Sticking to last point.
Cheapest frontier cost: 5.10m
Step: 102 | Mode: explore | Action: 1
Sticking to last point.
Cheapest frontier cost: 5.10m
Step: 103 | Mode: explore | Action: 2
Sticking to last point.
Cheapest frontier cost: 5.10m
Step: 104 | Mode: explore | Action: 2
Sticking to last point.
Cheapest frontier cost: 5.10m
Step: 105 | Mode: explore | Action: 2
Sticking to last point.
Cheapest frontier cost: 5.10m
Step: 106 | Mode: explore | Action: 1
Sticking to last point.
Cheapest frontier cost: 4.85m
Step: 107 | Mode: explore | Action: 3
Sticking to last point.
Cheapest frontier cost: 4.85m
Step: 108 | Mode: explore | Action: 1
Sticking to last point.
Cheapest frontier cost: 4.60m
Step: 109 | Mode: explore | Action: 3
Sticking to last point.
Cheapest frontier cost: 4.60m
Step: 110 | Mode: explore | Action: 1
Sticking to last point.
Cheapest frontier cost: 4.55m
Step: 111 | Mode: explore | Action: 3
Sticking to last point.
Cheapest frontier cost: 4.55m
Step: 112 | Mode: explore | Action: 1
Sticking to last point.
Cheapest frontier cost: 4.30m
Step: 113 | Mode: explore | Action: 3
Sticking to last point.
Cheapest frontier cost: 4.30m
Step: 114 | Mode: explore | Action: 1
Sticking to last point.
Cheapest frontier cost: 3.95m
Step: 115 | Mode: explore | Action: 1
Sticking to last point.
Cheapest frontier cost: 3.60m
Step: 116 | Mode: explore | Action: 1
Sticking to last point.
Cheapest frontier cost: 3.45m
Step: 117 | Mode: explore | Action: 2
Sticking to last point.
Cheapest frontier cost: 3.45m
Step: 118 | Mode: explore | Action: 1
Sticking to last point.
Cheapest frontier cost: 3.20m
Step: 119 | Mode: explore | Action: 1
Sticking to last point.
Cheapest frontier cost: 2.95m
Step: 120 | Mode: explore | Action: 1
Sticking to last point.
Cheapest frontier cost: 2.70m
Step: 121 | Mode: explore | Action: 2
Sticking to last point.
Cheapest frontier cost: 2.70m
Step: 122 | Mode: explore | Action: 1
Sticking to last point.
Cheapest frontier cost: 2.35m
Step: 123 | Mode: explore | Action: 1
Sticking to last point.
Cheapest frontier cost: 2.00m
Step: 124 | Mode: explore | Action: 1
Sticking to last point.
Cheapest frontier cost: 1.65m
Step: 125 | Mode: explore | Action: 1
Sticking to last point.
Cheapest frontier cost: 1.60m
Step: 126 | Mode: explore | Action: 2
Cheapest frontier cost: 1.50m
Step: 127 | Mode: explore | Action: 1
Sticking to last point.
Cheapest frontier cost: 1.45m
Step: 128 | Mode: explore | Action: 2
Cheapest frontier cost: 0.70m
Step: 129 | Mode: explore | Action: 1
Sticking to last point.
Cheapest frontier cost: 0.45m
Step: 130 | Mode: explore | Action: 1
Cheapest frontier cost: 0.60m
Step: 131 | Mode: explore | Action: 2
Sticking to last point.
Cheapest frontier cost: 0.60m
Step: 132 | Mode: explore | Action: 2
Cheapest frontier cost: 2.40m
Step: 133 | Mode: explore | Action: 3
Sticking to last point.
Cheapest frontier cost: 2.40m
Step: 134 | Mode: explore | Action: 1
Cheapest frontier cost: 2.35m
Step: 135 | Mode: explore | Action: 1
Sticking to last point.
Cheapest frontier cost: 2.10m
Step: 136 | Mode: explore | Action: 2
Cheapest frontier cost: 1.40m
Step: 137 | Mode: explore | Action: 1
Sticking to last point.
Cheapest frontier cost: 1.00m
Step: 138 | Mode: explore | Action: 2
Sticking to last point.
Cheapest frontier cost: 0.90m
Step: 139 | Mode: explore | Action: 3
Sticking to last point.
Cheapest frontier cost: 0.90m
Step: 140 | Mode: explore | Action: 1
Sticking to last point.
Cheapest frontier cost: 0.75m
Step: 141 | Mode: explore | Action: 1
Sticking to last point.
Cheapest frontier cost: 0.70m
Step: 142 | Mode: explore | Action: 2
Cheapest frontier cost: 0.75m
Step: 143 | Mode: explore | Action: 2
 17%|█▋        | 5/30 [02:39<13:30, 32.41s/it]Cheapest frontier cost: 4.00m
Step: 144 | Mode: explore | Action: 3
Sticking to last point.
Cheapest frontier cost: 4.00m
Step: 145 | Mode: explore | Action: 3
Sticking to last point.
Cheapest frontier cost: 4.00m
Step: 146 | Mode: explore | Action: 3
Step: 147 | Mode: navigate | Action: 3
Step: 148 | Mode: navigate | Action: 3
Step: 149 | Mode: navigate | Action: 1
Step: 150 | Mode: navigate | Action: 0
Success rate: 60.00% (3 out of 5)
Logging episode 0010 to results/pilot/greedy_frontier_jsons/10_TEEsavR23oF.json
Step: 0 | Mode: initialize | Action: 2
Step: 1 | Mode: initialize | Action: 2
Step: 2 | Mode: initialize | Action: 2
Step: 3 | Mode: initialize | Action: 2
Step: 4 | Mode: initialize | Action: 2
Step: 5 | Mode: initialize | Action: 2
Step: 6 | Mode: initialize | Action: 2
Step: 7 | Mode: initialize | Action: 2
Step: 8 | Mode: initialize | Action: 2
Step: 9 | Mode: initialize | Action: 2
Step: 10 | Mode: initialize | Action: 2
Step: 11 | Mode: initialize | Action: 2
Cheapest frontier cost: 7.20m
Step: 12 | Mode: explore | Action: 2
Sticking to last point.
Cheapest frontier cost: 7.20m
Step: 13 | Mode: explore | Action: 2
Sticking to last point.
Cheapest frontier cost: 7.20m
Step: 14 | Mode: explore | Action: 1
Sticking to last point.
Cheapest frontier cost: 7.20m
Step: 15 | Mode: explore | Action: 1
Cheapest frontier cost: 6.45m
Step: 16 | Mode: explore | Action: 1
Sticking to last point.
Cheapest frontier cost: 6.35m
Step: 17 | Mode: explore | Action: 1
Cheapest frontier cost: 5.30m
Step: 18 | Mode: explore | Action: 1
Sticking to last point.
Cheapest frontier cost: 4.95m
Step: 19 | Mode: explore | Action: 1
Sticking to last point.
Cheapest frontier cost: 4.55m
Step: 20 | Mode: explore | Action: 1
Sticking to last point.
Cheapest frontier cost: 4.25m
Step: 21 | Mode: explore | Action: 1
Sticking to last point.
Cheapest frontier cost: 3.80m
Step: 22 | Mode: explore | Action: 1
Sticking to last point.
Cheapest frontier cost: 3.60m
Step: 23 | Mode: explore | Action: 1
Sticking to last point.
Cheapest frontier cost: 3.30m
Step: 24 | Mode: explore | Action: 1
Sticking to last point.
Cheapest frontier cost: 3.00m
Step: 25 | Mode: explore | Action: 1
Sticking to last point.
Cheapest frontier cost: 2.80m
Step: 26 | Mode: explore | Action: 1
Sticking to last point.
Cheapest frontier cost: 2.80m
Step: 27 | Mode: explore | Action: 1
Cheapest frontier cost: 3.20m
Step: 28 | Mode: explore | Action: 1
Sticking to last point.
Cheapest frontier cost: 3.10m
Step: 29 | Mode: explore | Action: 1
Sticking to last point.
Cheapest frontier cost: 3.05m
Step: 30 | Mode: explore | Action: 2
Cheapest frontier cost: 3.55m
Step: 31 | Mode: explore | Action: 1
Sticking to last point.
Cheapest frontier cost: 3.30m
Step: 32 | Mode: explore | Action: 1
Sticking to last point.
Cheapest frontier cost: 3.05m
Step: 33 | Mode: explore | Action: 1
Sticking to last point.
Cheapest frontier cost: 2.80m
Step: 34 | Mode: explore | Action: 1
Sticking to last point.
Cheapest frontier cost: 2.60m
Step: 35 | Mode: explore | Action: 2
Sticking to last point.
Cheapest frontier cost: 2.55m
Step: 36 | Mode: explore | Action: 1
Sticking to last point.
Cheapest frontier cost: 2.20m
Step: 37 | Mode: explore | Action: 1
Sticking to last point.
Cheapest frontier cost: 1.90m
Step: 38 | Mode: explore | Action: 1
Sticking to last point.
Cheapest frontier cost: 1.55m
Step: 39 | Mode: explore | Action: 1
Sticking to last point.
Cheapest frontier cost: 1.05m
Step: 40 | Mode: explore | Action: 2
Cheapest frontier cost: 1.40m
Step: 41 | Mode: explore | Action: 3
Sticking to last point.
Cheapest frontier cost: 1.40m
Step: 42 | Mode: explore | Action: 1
Sticking to last point.
Cheapest frontier cost: 1.05m
Step: 43 | Mode: explore | Action: 1
Sticking to last point.
Cheapest frontier cost: 0.85m
Step: 44 | Mode: explore | Action: 1
Sticking to last point.
Cheapest frontier cost: 0.70m
Step: 45 | Mode: explore | Action: 2
Sticking to last point.
Cheapest frontier cost: 0.70m
Step: 46 | Mode: explore | Action: 1
Sticking to last point.
Cheapest frontier cost: 0.70m
Step: 47 | Mode: explore | Action: 3
Sticking to last point.
Cheapest frontier cost: 0.70m
Step: 48 | Mode: explore | Action: 3
Sticking to last point.
Cheapest frontier cost: 0.70m
Step: 49 | Mode: explore | Action: 3
Sticking to last point.
Cheapest frontier cost: 0.70m
Step: 50 | Mode: explore | Action: 1
Sticking to last point.
Cheapest frontier cost: 0.35m
Step: 51 | Mode: explore | Action: 1
Sticking to last point.
Cheapest frontier cost: 0.35m
Step: 52 | Mode: explore | Action: 2
Sticking to last point.
Cheapest frontier cost: 0.35m
Step: 53 | Mode: explore | Action: 1
Sticking to last point.
Cheapest frontier cost: 0.35m
Step: 54 | Mode: explore | Action: 2
Cheapest frontier cost: 0.40m
Step: 55 | Mode: explore | Action: 1
Cheapest frontier cost: 4.90m
Step: 56 | Mode: explore | Action: 3
Sticking to last point.
Cheapest frontier cost: 4.90m
Step: 57 | Mode: explore | Action: 3
Sticking to last point.
Cheapest frontier cost: 4.90m
Step: 58 | Mode: explore | Action: 3
Sticking to last point.
Cheapest frontier cost: 4.90m
Step: 59 | Mode: explore | Action: 3
Sticking to last point.
Cheapest frontier cost: 4.90m
Step: 60 | Mode: explore | Action: 3
Sticking to last point.
Cheapest frontier cost: 4.90m
Step: 61 | Mode: explore | Action: 3
Sticking to last point.
Cheapest frontier cost: 4.90m
Step: 62 | Mode: explore | Action: 3
Sticking to last point.
Cheapest frontier cost: 4.90m
Step: 63 | Mode: explore | Action: 1
Sticking to last point.
Cheapest frontier cost: 4.65m
Step: 64 | Mode: explore | Action: 2
Sticking to last point.
Cheapest frontier cost: 4.65m
Step: 65 | Mode: explore | Action: 1
Sticking to last point.
Cheapest frontier cost: 4.30m
Step: 66 | Mode: explore | Action: 1
Sticking to last point.
Cheapest frontier cost: 4.00m
Step: 67 | Mode: explore | Action: 2
Sticking to last point.
Cheapest frontier cost: 4.00m
Step: 68 | Mode: explore | Action: 1
Sticking to last point.
Cheapest frontier cost: 3.80m
Step: 69 | Mode: explore | Action: 2
Sticking to last point.
Cheapest frontier cost: 3.80m
Step: 70 | Mode: explore | Action: 1
Sticking to last point.
Cheapest frontier cost: 3.55m
Step: 71 | Mode: explore | Action: 1
Sticking to last point.
Cheapest frontier cost: 3.30m
Step: 72 | Mode: explore | Action: 2
Sticking to last point.
Cheapest frontier cost: 3.30m
Step: 73 | Mode: explore | Action: 1
Sticking to last point.
Cheapest frontier cost: 2.95m
Step: 74 | Mode: explore | Action: 1
Sticking to last point.
Cheapest frontier cost: 2.65m
Step: 75 | Mode: explore | Action: 2
Sticking to last point.
Cheapest frontier cost: 2.65m
Step: 76 | Mode: explore | Action: 1
Sticking to last point.
Cheapest frontier cost: 2.25m
Step: 77 | Mode: explore | Action: 1
Sticking to last point.
Cheapest frontier cost: 1.95m
Step: 78 | Mode: explore | Action: 1
Sticking to last point.
Cheapest frontier cost: 1.60m
Step: 79 | Mode: explore | Action: 1
Sticking to last point.
Cheapest frontier cost: 1.25m
Step: 80 | Mode: explore | Action: 1
Sticking to last point.
Cheapest frontier cost: 0.90m
Step: 81 | Mode: explore | Action: 1
Sticking to last point.
Cheapest frontier cost: 0.65m
Step: 82 | Mode: explore | Action: 2
Sticking to last point.
Cheapest frontier cost: 0.65m
Step: 83 | Mode: explore | Action: 1
Sticking to last point.
Cheapest frontier cost: 0.55m
Step: 84 | Mode: explore | Action: 1
Sticking to last point.
Cheapest frontier cost: 0.55m
Step: 85 | Mode: explore | Action: 3
Sticking to last point.
Cheapest frontier cost: 0.55m
Step: 86 | Mode: explore | Action: 1
Sticking to last point.
Cheapest frontier cost: 0.55m
Step: 87 | Mode: explore | Action: 3
Sticking to last point.
Cheapest frontier cost: 0.55m
Step: 88 | Mode: explore | Action: 1
Cheapest frontier cost: 0.65m
Step: 89 | Mode: explore | Action: 2
Sticking to last point.
Cheapest frontier cost: 0.65m
Step: 90 | Mode: explore | Action: 2
Sticking to last point.
Cheapest frontier cost: 0.65m
Step: 91 | Mode: explore | Action: 2
Cheapest frontier cost: 3.05m
Step: 92 | Mode: explore | Action: 3
Sticking to last point.
Cheapest frontier cost: 3.05m
 20%|██        | 6/30 [03:13<13:18, 33.26s/it] 23%|██▎       | 7/30 [03:24<09:52, 25.75s/it]Step: 93 | Mode: explore | Action: 3
Sticking to last point.
Cheapest frontier cost: 3.05m
Step: 94 | Mode: explore | Action: 1
Sticking to last point.
Cheapest frontier cost: 2.80m
Step: 95 | Mode: explore | Action: 1
Sticking to last point.
Cheapest frontier cost: 2.45m
Step: 96 | Mode: explore | Action: 3
Sticking to last point.
Cheapest frontier cost: 2.45m
Step: 97 | Mode: explore | Action: 1
Step: 98 | Mode: navigate | Action: 2
Step: 99 | Mode: navigate | Action: 1
Step: 100 | Mode: navigate | Action: 3
Step: 101 | Mode: navigate | Action: 1
Step: 102 | Mode: navigate | Action: 2
Step: 103 | Mode: navigate | Action: 1
Step: 104 | Mode: navigate | Action: 1
Step: 105 | Mode: navigate | Action: 1
Step: 106 | Mode: navigate | Action: 2
Step: 107 | Mode: navigate | Action: 1
Step: 108 | Mode: navigate | Action: 2
Step: 109 | Mode: navigate | Action: 1
Step: 110 | Mode: navigate | Action: 1
Step: 111 | Mode: navigate | Action: 2
Step: 112 | Mode: navigate | Action: 1
Step: 113 | Mode: navigate | Action: 1
Step: 114 | Mode: navigate | Action: 3
Step: 115 | Mode: navigate | Action: 1
Step: 116 | Mode: navigate | Action: 1
Step: 117 | Mode: navigate | Action: 1
Step: 118 | Mode: navigate | Action: 3
Step: 119 | Mode: navigate | Action: 1
Step: 120 | Mode: navigate | Action: 1
Step: 121 | Mode: navigate | Action: 3
Step: 122 | Mode: navigate | Action: 3
Step: 123 | Mode: navigate | Action: 3
Step: 124 | Mode: navigate | Action: 3
Step: 125 | Mode: navigate | Action: 3
Step: 126 | Mode: navigate | Action: 3
Step: 127 | Mode: navigate | Action: 1
Step: 128 | Mode: navigate | Action: 1
Step: 129 | Mode: navigate | Action: 2
Step: 130 | Mode: navigate | Action: 1
Step: 131 | Mode: navigate | Action: 1
Step: 132 | Mode: navigate | Action: 2
Step: 133 | Mode: navigate | Action: 1
Step: 134 | Mode: navigate | Action: 1
Step: 135 | Mode: navigate | Action: 2
Step: 136 | Mode: navigate | Action: 1
Step: 137 | Mode: navigate | Action: 2
Step: 138 | Mode: navigate | Action: 1
Step: 139 | Mode: navigate | Action: 3
Step: 140 | Mode: navigate | Action: 3
Step: 141 | Mode: navigate | Action: 1
Step: 142 | Mode: navigate | Action: 3
Step: 143 | Mode: navigate | Action: 1
Step: 144 | Mode: navigate | Action: 2
Step: 145 | Mode: navigate | Action: 2
Step: 146 | Mode: navigate | Action: 1
Step: 147 | Mode: navigate | Action: 2
Step: 148 | Mode: navigate | Action: 1
Step: 149 | Mode: navigate | Action: 2
Step: 150 | Mode: navigate | Action: 1
Step: 151 | Mode: navigate | Action: 2
Step: 152 | Mode: navigate | Action: 1
Step: 153 | Mode: navigate | Action: 1
Step: 154 | Mode: navigate | Action: 3
Step: 155 | Mode: navigate | Action: 1
Step: 156 | Mode: navigate | Action: 0
Success rate: 50.00% (3 out of 6)
Episode 3 in scene TEEsavR23oF failed due to 'false_positive'.
Logging episode 0003 to results/pilot/greedy_frontier_jsons/3_TEEsavR23oF.json
Step: 0 | Mode: initialize | Action: 2
Step: 1 | Mode: initialize | Action: 2
Step: 2 | Mode: initialize | Action: 2
Step: 3 | Mode: initialize | Action: 2
Step: 4 | Mode: initialize | Action: 2
Step: 5 | Mode: initialize | Action: 2
Step: 6 | Mode: initialize | Action: 2
Step: 7 | Mode: initialize | Action: 2
Step: 8 | Mode: initialize | Action: 2
Step: 9 | Mode: initialize | Action: 2
Step: 10 | Mode: initialize | Action: 2
Step: 11 | Mode: initialize | Action: 2
Step: 12 | Mode: navigate | Action: 2
Step: 13 | Mode: navigate | Action: 2
Step: 14 | Mode: navigate | Action: 2
Step: 15 | Mode: navigate | Action: 1
Step: 16 | Mode: navigate | Action: 2
Step: 17 | Mode: navigate | Action: 1
Step: 18 | Mode: navigate | Action: 3
Step: 19 | Mode: navigate | Action: 3
Step: 20 | Mode: navigate | Action: 1
Step: 21 | Mode: navigate | Action: 1
Step: 22 | Mode: navigate | Action: 1
Step: 23 | Mode: navigate | Action: 1
Step: 24 | Mode: navigate | Action: 1
Step: 25 | Mode: navigate | Action: 1
Step: 26 | Mode: navigate | Action: 1
Step: 27 | Mode: navigate | Action: 1
Step: 28 | Mode: navigate | Action: 3
Step: 29 | Mode: navigate | Action: 1
Step: 30 | Mode: navigate | Action: 3
Step: 31 | Mode: navigate | Action: 1
Step: 32 | Mode: navigate | Action: 1
Step: 33 | Mode: navigate | Action: 1
Step: 34 | Mode: navigate | Action: 1
Step: 35 | Mode: navigate | Action: 1
Step: 36 | Mode: navigate | Action: 1
Step: 37 | Mode: navigate | Action: 1
Step: 38 | Mode: navigate | Action: 1
Step: 39 | Mode: navigate | Action: 0
Success rate: 57.14% (4 out of 7)
Logging episode 0008 to results/pilot/greedy_frontier_jsons/8_TEEsavR23oF.json
Step: 0 | Mode: initialize | Action: 2
Step: 1 | Mode: initialize | Action: 2
Step: 2 | Mode: initialize | Action: 2
Step: 3 | Mode: initialize | Action: 2
Step: 4 | Mode: initialize | Action: 2
Step: 5 | Mode: initialize | Action: 2
Step: 6 | Mode: initialize | Action: 2
Step: 7 | Mode: initialize | Action: 2
Step: 8 | Mode: initialize | Action: 2
Step: 9 | Mode: initialize | Action: 2
Step: 10 | Mode: initialize | Action: 2
Step: 11 | Mode: initialize | Action: 2
Cheapest frontier cost: 2.00m
Step: 12 | Mode: explore | Action: 2
Sticking to last point.
Cheapest frontier cost: 2.00m
Step: 13 | Mode: explore | Action: 1
Sticking to last point.
Cheapest frontier cost: 1.85m
Step: 14 | Mode: explore | Action: 1
Cheapest frontier cost: 1.70m
Step: 15 | Mode: explore | Action: 2
Cheapest frontier cost: 2.15m
Step: 16 | Mode: explore | Action: 1
Cheapest frontier cost: 2.40m
Step: 17 | Mode: explore | Action: 1
Sticking to last point.
Cheapest frontier cost: 2.30m
Step: 18 | Mode: explore | Action: 1
Sticking to last point.
Cheapest frontier cost: 2.20m
Step: 19 | Mode: explore | Action: 2
Cheapest frontier cost: 1.30m
Step: 20 | Mode: explore | Action: 2
Cheapest frontier cost: 2.60m
Step: 21 | Mode: explore | Action: 3
Sticking to last point.
Cheapest frontier cost: 2.60m
Step: 22 | Mode: explore | Action: 3
Sticking to last point.
Cheapest frontier cost: 2.60m
Step: 23 | Mode: explore | Action: 3
Sticking to last point.
Cheapest frontier cost: 2.60m
Step: 24 | Mode: explore | Action: 1
Sticking to last point.
Cheapest frontier cost: 2.50m
Step: 25 | Mode: explore | Action: 3
Sticking to last point.
Cheapest frontier cost: 2.45m
Step: 26 | Mode: explore | Action: 1
Sticking to last point.
Cheapest frontier cost: 2.20m
Step: 27 | Mode: explore | Action: 1
Sticking to last point.
Cheapest frontier cost: 1.95m
Step: 28 | Mode: explore | Action: 3
Cheapest frontier cost: 2.30m
Step: 29 | Mode: explore | Action: 1
Sticking to last point.
Cheapest frontier cost: 1.95m
Step: 30 | Mode: explore | Action: 3
Cheapest frontier cost: 2.50m
Step: 31 | Mode: explore | Action: 1
Sticking to last point.
Cheapest frontier cost: 2.20m
Step: 32 | Mode: explore | Action: 1
Sticking to last point.
Cheapest frontier cost: 1.80m
Step: 33 | Mode: explore | Action: 2
Sticking to last point.
Cheapest frontier cost: 1.80m
Step: 34 | Mode: explore | Action: 1
Sticking to last point.
Cheapest frontier cost: 1.50m
Step: 35 | Mode: explore | Action: 1
Sticking to last point.
Cheapest frontier cost: 1.15m
Step: 36 | Mode: explore | Action: 1
Sticking to last point.
Cheapest frontier cost: 1.10m
Step: 37 | Mode: explore | Action: 3
Sticking to last point.
Cheapest frontier cost: 1.10m
Step: 38 | Mode: explore | Action: 1
Sticking to last point.
Cheapest frontier cost: 1.10m
Step: 39 | Mode: explore | Action: 3
Sticking to last point.
Cheapest frontier cost: 1.10m
Step: 40 | Mode: explore | Action: 1
Sticking to last point.
Cheapest frontier cost: 1.05m
Step: 41 | Mode: explore | Action: 2
Sticking to last point.
Cheapest frontier cost: 1.05m
Step: 42 | Mode: explore | Action: 2
Cheapest frontier cost: 1.15m
Step: 43 | Mode: explore | Action: 1
Sticking to last point.
Cheapest frontier cost: 1.05m
Step: 44 | Mode: explore | Action: 2
Sticking to last point.
Cheapest frontier cost: 1.00m
Step: 45 | Mode: explore | Action: 1
Sticking to last point.
Cheapest frontier cost: 0.80m
Step: 46 | Mode: explore | Action: 2
Cheapest frontier cost: 1.65m
Step: 47 | Mode: explore | Action: 3
Sticking to last point.
Cheapest frontier cost: 1.65m
Step: 48 | Mode: explore | Action: 1
Sticking to last point.
Cheapest frontier cost: 1.40m
 27%|██▋       | 8/30 [03:54<09:57, 27.17s/it]Step: 49 | Mode: explore | Action: 3
Sticking to last point.
Cheapest frontier cost: 1.40m
Step: 50 | Mode: explore | Action: 1
Sticking to last point.
Cheapest frontier cost: 1.00m
Step: 51 | Mode: explore | Action: 3
Sticking to last point.
Cheapest frontier cost: 1.00m
Step: 52 | Mode: explore | Action: 1
Sticking to last point.
Cheapest frontier cost: 0.70m
Step: 53 | Mode: explore | Action: 2
Cheapest frontier cost: 1.05m
Step: 54 | Mode: explore | Action: 2
Cheapest frontier cost: 1.15m
Step: 55 | Mode: explore | Action: 3
Sticking to last point.
Cheapest frontier cost: 1.15m
Step: 56 | Mode: explore | Action: 1
Sticking to last point.
Cheapest frontier cost: 1.10m
Step: 57 | Mode: explore | Action: 2
Cheapest frontier cost: 1.35m
Step: 58 | Mode: explore | Action: 1
Sticking to last point.
Cheapest frontier cost: 1.30m
Step: 59 | Mode: explore | Action: 1
Sticking to last point.
Cheapest frontier cost: 1.05m
Step: 60 | Mode: explore | Action: 2
Cheapest frontier cost: 1.15m
Step: 61 | Mode: explore | Action: 1
Sticking to last point.
Cheapest frontier cost: 0.95m
Step: 62 | Mode: explore | Action: 2
Cheapest frontier cost: 1.25m
Step: 63 | Mode: explore | Action: 2
Cheapest frontier cost: 2.15m
Step: 64 | Mode: explore | Action: 1
Sticking to last point.
Cheapest frontier cost: 1.90m
Step: 65 | Mode: explore | Action: 3
Sticking to last point.
Cheapest frontier cost: 1.90m
Step: 66 | Mode: explore | Action: 1
Sticking to last point.
Cheapest frontier cost: 1.80m
Step: 67 | Mode: explore | Action: 2
Sticking to last point.
Cheapest frontier cost: 1.80m
Step: 68 | Mode: explore | Action: 1
Sticking to last point.
Cheapest frontier cost: 1.55m
Step: 69 | Mode: explore | Action: 2
Sticking to last point.
Cheapest frontier cost: 1.55m
Step: 70 | Mode: explore | Action: 1
Sticking to last point.
Cheapest frontier cost: 1.25m
Step: 71 | Mode: explore | Action: 1
Sticking to last point.
Cheapest frontier cost: 0.90m
Step: 72 | Mode: explore | Action: 1
Sticking to last point.
Cheapest frontier cost: 0.80m
Step: 73 | Mode: explore | Action: 3
Cheapest frontier cost: 0.95m
Step: 74 | Mode: explore | Action: 3
Cheapest frontier cost: 5.65m
Step: 75 | Mode: explore | Action: 3
Sticking to last point.
Cheapest frontier cost: 5.65m
Step: 76 | Mode: explore | Action: 3
Sticking to last point.
Cheapest frontier cost: 5.65m
Step: 77 | Mode: explore | Action: 3
Sticking to last point.
Cheapest frontier cost: 5.65m
Step: 78 | Mode: explore | Action: 3
Cheapest frontier cost: 5.75m
Step: 79 | Mode: explore | Action: 1
Sticking to last point.
Cheapest frontier cost: 5.55m
Step: 80 | Mode: explore | Action: 1
Sticking to last point.
Cheapest frontier cost: 5.45m
Step: 81 | Mode: explore | Action: 3
Sticking to last point.
Cheapest frontier cost: 5.45m
Step: 82 | Mode: explore | Action: 1
Sticking to last point.
Cheapest frontier cost: 5.20m
Step: 83 | Mode: explore | Action: 1
Sticking to last point.
Cheapest frontier cost: 5.15m
Step: 84 | Mode: explore | Action: 2
Sticking to last point.
Cheapest frontier cost: 5.15m
Step: 85 | Mode: explore | Action: 1
Sticking to last point.
Cheapest frontier cost: 5.15m
Step: 86 | Mode: explore | Action: 2
Sticking to last point.
Cheapest frontier cost: 5.15m
Step: 87 | Mode: explore | Action: 1
Cheapest frontier cost: 5.25m
Step: 88 | Mode: explore | Action: 3
Sticking to last point.
Cheapest frontier cost: 5.25m
Step: 89 | Mode: explore | Action: 3
Sticking to last point.
Cheapest frontier cost: 5.25m
Step: 90 | Mode: explore | Action: 3
Sticking to last point.
Cheapest frontier cost: 5.25m
Step: 91 | Mode: explore | Action: 1
Sticking to last point.
Cheapest frontier cost: 4.85m
Step: 92 | Mode: explore | Action: 1
Sticking to last point.
Cheapest frontier cost: 4.55m
Step: 93 | Mode: explore | Action: 3
Sticking to last point.
Cheapest frontier cost: 4.55m
Step: 94 | Mode: explore | Action: 1
Sticking to last point.
Cheapest frontier cost: 4.25m
Step: 95 | Mode: explore | Action: 1
Sticking to last point.
Cheapest frontier cost: 3.85m
Step: 96 | Mode: explore | Action: 1
Sticking to last point.
Cheapest frontier cost: 3.55m
Step: 97 | Mode: explore | Action: 1
Sticking to last point.
Cheapest frontier cost: 3.20m
Step: 98 | Mode: explore | Action: 1
Sticking to last point.
Cheapest frontier cost: 2.85m
Step: 99 | Mode: explore | Action: 2
Sticking to last point.
Cheapest frontier cost: 2.85m
Step: 100 | Mode: explore | Action: 1
Sticking to last point.
Cheapest frontier cost: 2.50m
Step: 101 | Mode: explore | Action: 1
Sticking to last point.
Cheapest frontier cost: 2.15m
Step: 102 | Mode: explore | Action: 1
Sticking to last point.
Cheapest frontier cost: 2.05m
Step: 103 | Mode: explore | Action: 2
Sticking to last point.
Cheapest frontier cost: 2.05m
Step: 104 | Mode: explore | Action: 1
Sticking to last point.
Cheapest frontier cost: 1.80m
Step: 105 | Mode: explore | Action: 1
Cheapest frontier cost: 1.95m
Step: 106 | Mode: explore | Action: 2
Sticking to last point.
Cheapest frontier cost: 1.95m
Step: 107 | Mode: explore | Action: 1
Cheapest frontier cost: 1.90m
Step: 108 | Mode: explore | Action: 1
Sticking to last point.
Cheapest frontier cost: 1.75m
Step: 109 | Mode: explore | Action: 1
Sticking to last point.
Cheapest frontier cost: 1.45m
Step: 110 | Mode: explore | Action: 2
Cheapest frontier cost: 1.85m
Step: 111 | Mode: explore | Action: 1
Sticking to last point.
Cheapest frontier cost: 1.80m
Step: 112 | Mode: explore | Action: 1
Sticking to last point.
Cheapest frontier cost: 1.70m
Step: 113 | Mode: explore | Action: 2
Cheapest frontier cost: 2.20m
Step: 114 | Mode: explore | Action: 2
Sticking to last point.
Cheapest frontier cost: 1.85m
Step: 115 | Mode: explore | Action: 1
Sticking to last point.
Cheapest frontier cost: 1.45m
Step: 116 | Mode: explore | Action: 1
Sticking to last point.
Cheapest frontier cost: 1.05m
Step: 117 | Mode: explore | Action: 1
Sticking to last point.
Cheapest frontier cost: 0.70m
Step: 118 | Mode: explore | Action: 1
Sticking to last point.
Cheapest frontier cost: 0.55m
Step: 119 | Mode: explore | Action: 2
Cheapest frontier cost: 0.65m
Step: 120 | Mode: explore | Action: 2
Cheapest frontier cost: 3.30m
Step: 121 | Mode: explore | Action: 3
Sticking to last point.
Cheapest frontier cost: 3.30m
Step: 122 | Mode: explore | Action: 3
Sticking to last point.
Cheapest frontier cost: 3.30m
Step: 123 | Mode: explore | Action: 3
Step: 124 | Mode: navigate | Action: 3
Step: 125 | Mode: navigate | Action: 2
Step: 126 | Mode: navigate | Action: 2
Step: 127 | Mode: navigate | Action: 1
Step: 128 | Mode: navigate | Action: 3
Step: 129 | Mode: navigate | Action: 1
Step: 130 | Mode: navigate | Action: 1
Step: 131 | Mode: navigate | Action: 1
Step: 132 | Mode: navigate | Action: 3
Step: 133 | Mode: navigate | Action: 1
Step: 134 | Mode: navigate | Action: 3
Step: 135 | Mode: navigate | Action: 0
Success rate: 50.00% (4 out of 8)
Episode 14 in scene TEEsavR23oF failed due to 'bad_stop_true_positive'.
Logging episode 0014 to results/pilot/greedy_frontier_jsons/14_TEEsavR23oF.json
Step: 0 | Mode: initialize | Action: 2
Step: 1 | Mode: initialize | Action: 2
Step: 2 | Mode: initialize | Action: 2
Step: 3 | Mode: initialize | Action: 2
Step: 4 | Mode: initialize | Action: 2
Step: 5 | Mode: initialize | Action: 2
Step: 6 | Mode: initialize | Action: 2
Step: 7 | Mode: initialize | Action: 2
Step: 8 | Mode: initialize | Action: 2
Step: 9 | Mode: initialize | Action: 2
Step: 10 | Mode: initialize | Action: 2
Step: 11 | Mode: initialize | Action: 2
Cheapest frontier cost: 3.90m
Step: 12 | Mode: explore | Action: 1
Cheapest frontier cost: 4.15m
Step: 13 | Mode: explore | Action: 3
Sticking to last point.
Cheapest frontier cost: 4.15m
Step: 14 | Mode: explore | Action: 1
Cheapest frontier cost: 3.90m
Step: 15 | Mode: explore | Action: 1
Sticking to last point.
Cheapest frontier cost: 3.50m
Step: 16 | Mode: explore | Action: 1
Sticking to last point.
Cheapest frontier cost: 3.10m
Step: 17 | Mode: explore | Action: 1
Sticking to last point.
Cheapest frontier cost: 2.80m
Step: 18 | Mode: explore | Action: 1
Sticking to last point.
Cheapest frontier cost: 2.35m
Step: 19 | Mode: explore | Action: 1
 30%|███       | 9/30 [04:19<09:15, 26.46s/it]Sticking to last point.
Cheapest frontier cost: 2.05m
Step: 20 | Mode: explore | Action: 1
Sticking to last point.
Cheapest frontier cost: 1.80m
Step: 21 | Mode: explore | Action: 1
Sticking to last point.
Cheapest frontier cost: 1.60m
Step: 22 | Mode: explore | Action: 1
Sticking to last point.
Cheapest frontier cost: 1.55m
Step: 23 | Mode: explore | Action: 2
Cheapest frontier cost: 1.55m
Step: 24 | Mode: explore | Action: 1
Sticking to last point.
Cheapest frontier cost: 1.30m
Step: 25 | Mode: explore | Action: 1
Sticking to last point.
Cheapest frontier cost: 1.05m
Step: 26 | Mode: explore | Action: 1
Sticking to last point.
Cheapest frontier cost: 0.95m
Step: 27 | Mode: explore | Action: 3
Cheapest frontier cost: 1.05m
Step: 28 | Mode: explore | Action: 1
Cheapest frontier cost: 1.15m
Step: 29 | Mode: explore | Action: 3
Cheapest frontier cost: 1.35m
Step: 30 | Mode: explore | Action: 1
Cheapest frontier cost: 3.75m
Step: 31 | Mode: explore | Action: 3
Sticking to last point.
Cheapest frontier cost: 3.75m
Step: 32 | Mode: explore | Action: 3
Sticking to last point.
Cheapest frontier cost: 3.75m
Step: 33 | Mode: explore | Action: 3
Sticking to last point.
Cheapest frontier cost: 3.75m
Step: 34 | Mode: explore | Action: 3
Sticking to last point.
Cheapest frontier cost: 3.75m
Step: 35 | Mode: explore | Action: 3
Sticking to last point.
Cheapest frontier cost: 3.75m
Step: 36 | Mode: explore | Action: 1
Sticking to last point.
Cheapest frontier cost: 3.75m
Step: 37 | Mode: explore | Action: 3
Sticking to last point.
Cheapest frontier cost: 3.75m
Step: 38 | Mode: explore | Action: 1
Sticking to last point.
Cheapest frontier cost: 3.50m
Step: 39 | Mode: explore | Action: 2
Sticking to last point.
Cheapest frontier cost: 3.50m
Step: 40 | Mode: explore | Action: 2
Sticking to last point.
Cheapest frontier cost: 3.50m
Step: 41 | Mode: explore | Action: 1
Sticking to last point.
Cheapest frontier cost: 3.25m
Step: 42 | Mode: explore | Action: 1
Sticking to last point.
Cheapest frontier cost: 3.00m
Step: 43 | Mode: explore | Action: 2
Sticking to last point.
Cheapest frontier cost: 3.00m
Step: 44 | Mode: explore | Action: 1
Sticking to last point.
Cheapest frontier cost: 2.80m
Step: 45 | Mode: explore | Action: 2
Sticking to last point.
Cheapest frontier cost: 2.80m
Step: 46 | Mode: explore | Action: 1
Cheapest frontier cost: 2.60m
Step: 47 | Mode: explore | Action: 1
Sticking to last point.
Cheapest frontier cost: 2.60m
Step: 48 | Mode: explore | Action: 2
Sticking to last point.
Cheapest frontier cost: 2.60m
Step: 49 | Mode: explore | Action: 1
Sticking to last point.
Cheapest frontier cost: 2.60m
Step: 50 | Mode: explore | Action: 3
Sticking to last point.
Cheapest frontier cost: 2.60m
Step: 51 | Mode: explore | Action: 1
Sticking to last point.
Cheapest frontier cost: 2.60m
Step: 52 | Mode: explore | Action: 3
Sticking to last point.
Cheapest frontier cost: 2.60m
Step: 53 | Mode: explore | Action: 1
Cheapest frontier cost: 2.65m
Step: 54 | Mode: explore | Action: 2
Sticking to last point.
Cheapest frontier cost: 2.65m
Step: 55 | Mode: explore | Action: 2
Sticking to last point.
Cheapest frontier cost: 2.65m
Step: 56 | Mode: explore | Action: 1
Sticking to last point.
Cheapest frontier cost: 2.40m
Step: 57 | Mode: explore | Action: 1
Sticking to last point.
Cheapest frontier cost: 2.15m
Step: 58 | Mode: explore | Action: 1
Sticking to last point.
Cheapest frontier cost: 1.90m
Step: 59 | Mode: explore | Action: 1
Sticking to last point.
Cheapest frontier cost: 1.65m
Step: 60 | Mode: explore | Action: 1
Sticking to last point.
Cheapest frontier cost: 1.40m
Step: 61 | Mode: explore | Action: 2
Sticking to last point.
Cheapest frontier cost: 1.40m
Step: 62 | Mode: explore | Action: 1
Sticking to last point.
Cheapest frontier cost: 1.10m
Step: 63 | Mode: explore | Action: 1
Sticking to last point.
Cheapest frontier cost: 0.75m
Step: 64 | Mode: explore | Action: 1
Sticking to last point.
Cheapest frontier cost: 0.55m
Step: 65 | Mode: explore | Action: 1
Sticking to last point.
Cheapest frontier cost: 0.55m
Step: 66 | Mode: explore | Action: 3
Sticking to last point.
Cheapest frontier cost: 0.55m
Step: 67 | Mode: explore | Action: 1
Sticking to last point.
Cheapest frontier cost: 0.30m
Step: 68 | Mode: explore | Action: 2
Cheapest frontier cost: 0.60m
Step: 69 | Mode: explore | Action: 2
Cheapest frontier cost: 3.15m
Step: 70 | Mode: explore | Action: 3
Sticking to last point.
Cheapest frontier cost: 3.15m
Step: 71 | Mode: explore | Action: 3
Sticking to last point.
Cheapest frontier cost: 3.15m
Step: 72 | Mode: explore | Action: 1
Sticking to last point.
Cheapest frontier cost: 3.00m
Step: 73 | Mode: explore | Action: 3
Sticking to last point.
Cheapest frontier cost: 3.00m
Step: 74 | Mode: explore | Action: 1
Sticking to last point.
Cheapest frontier cost: 2.65m
Step: 75 | Mode: explore | Action: 2
Sticking to last point.
Cheapest frontier cost: 2.65m
Step: 76 | Mode: explore | Action: 1
Sticking to last point.
Cheapest frontier cost: 2.50m
Step: 77 | Mode: explore | Action: 1
Cheapest frontier cost: 2.55m
Step: 78 | Mode: explore | Action: 1
Step: 79 | Mode: navigate | Action: 1
Step: 80 | Mode: navigate | Action: 1
Step: 81 | Mode: navigate | Action: 2
Step: 82 | Mode: navigate | Action: 1
Step: 83 | Mode: navigate | Action: 1
Step: 84 | Mode: navigate | Action: 2
Step: 85 | Mode: navigate | Action: 3
Step: 86 | Mode: navigate | Action: 3
Step: 87 | Mode: navigate | Action: 1
Step: 88 | Mode: navigate | Action: 1
Step: 89 | Mode: navigate | Action: 2
Step: 90 | Mode: navigate | Action: 1
Step: 91 | Mode: navigate | Action: 2
Step: 92 | Mode: navigate | Action: 3
Step: 93 | Mode: navigate | Action: 3
Step: 94 | Mode: navigate | Action: 2
Step: 95 | Mode: navigate | Action: 1
Step: 96 | Mode: navigate | Action: 3
Step: 97 | Mode: navigate | Action: 1
Step: 98 | Mode: navigate | Action: 1
Step: 99 | Mode: navigate | Action: 1
Step: 100 | Mode: navigate | Action: 2
Step: 101 | Mode: navigate | Action: 1
Step: 102 | Mode: navigate | Action: 0
Success rate: 44.44% (4 out of 9)
Episode 12 in scene TEEsavR23oF failed due to 'false_positive'.
Logging episode 0012 to results/pilot/greedy_frontier_jsons/12_TEEsavR23oF.json
Step: 0 | Mode: initialize | Action: 2
Step: 1 | Mode: initialize | Action: 2
Step: 2 | Mode: initialize | Action: 2
Step: 3 | Mode: initialize | Action: 2
Step: 4 | Mode: initialize | Action: 2
Step: 5 | Mode: initialize | Action: 2
Step: 6 | Mode: initialize | Action: 2
Step: 7 | Mode: initialize | Action: 2
Step: 8 | Mode: initialize | Action: 2
Step: 9 | Mode: initialize | Action: 2
Step: 10 | Mode: initialize | Action: 2
Step: 11 | Mode: initialize | Action: 2
Cheapest frontier cost: 1.05m
Step: 12 | Mode: explore | Action: 1
Cheapest frontier cost: 1.10m
Step: 13 | Mode: explore | Action: 1
Sticking to last point.
Cheapest frontier cost: 0.85m
Step: 14 | Mode: explore | Action: 3
Sticking to last point.
Cheapest frontier cost: 0.85m
Step: 15 | Mode: explore | Action: 3
Cheapest frontier cost: 0.90m
Step: 16 | Mode: explore | Action: 3
Cheapest frontier cost: 1.50m
Step: 17 | Mode: explore | Action: 2
Sticking to last point.
Cheapest frontier cost: 1.50m
Step: 18 | Mode: explore | Action: 2
Sticking to last point.
Cheapest frontier cost: 1.50m
Step: 19 | Mode: explore | Action: 2
Sticking to last point.
Cheapest frontier cost: 1.50m
Step: 20 | Mode: explore | Action: 1
Sticking to last point.
Cheapest frontier cost: 1.25m
Step: 21 | Mode: explore | Action: 2
Cheapest frontier cost: 1.35m
Step: 22 | Mode: explore | Action: 2
Cheapest frontier cost: 1.80m
Step: 23 | Mode: explore | Action: 2
Sticking to last point.
Cheapest frontier cost: 1.80m
Step: 24 | Mode: explore | Action: 2
Sticking to last point.
Cheapest frontier cost: 1.80m
Step: 25 | Mode: explore | Action: 2
Sticking to last point.
Cheapest frontier cost: 1.80m
Step: 26 | Mode: explore | Action: 2
Sticking to last point.
Cheapest frontier cost: 1.80m
Step: 27 | Mode: explore | Action: 1
Sticking to last point.
Cheapest frontier cost: 1.55m
Step: 28 | Mode: explore | Action: 1
Sticking to last point.
Cheapest frontier cost: 1.30m
Step: 29 | Mode: explore | Action: 1
 33%|███▎      | 10/30 [04:37<07:58, 23.95s/it]Sticking to last point.
Cheapest frontier cost: 1.05m
Step: 30 | Mode: explore | Action: 3
Sticking to last point.
Cheapest frontier cost: 1.05m
Step: 31 | Mode: explore | Action: 1
Cheapest frontier cost: 1.30m
Step: 32 | Mode: explore | Action: 3
Cheapest frontier cost: 3.80m
Step: 33 | Mode: explore | Action: 3
Step: 34 | Mode: navigate | Action: 2
Step: 35 | Mode: navigate | Action: 1
Step: 36 | Mode: navigate | Action: 1
Step: 37 | Mode: navigate | Action: 3
Step: 38 | Mode: navigate | Action: 1
Step: 39 | Mode: navigate | Action: 3
Step: 40 | Mode: navigate | Action: 1
Step: 41 | Mode: navigate | Action: 3
Step: 42 | Mode: navigate | Action: 1
Step: 43 | Mode: navigate | Action: 3
Step: 44 | Mode: navigate | Action: 1
Step: 45 | Mode: navigate | Action: 3
Step: 46 | Mode: navigate | Action: 1
Step: 47 | Mode: navigate | Action: 3
Step: 48 | Mode: navigate | Action: 1
Step: 49 | Mode: navigate | Action: 1
Step: 50 | Mode: navigate | Action: 2
Step: 51 | Mode: navigate | Action: 2
Step: 52 | Mode: navigate | Action: 1
Step: 53 | Mode: navigate | Action: 1
Step: 54 | Mode: navigate | Action: 2
Step: 55 | Mode: navigate | Action: 2
Step: 56 | Mode: navigate | Action: 1
Step: 57 | Mode: navigate | Action: 1
Step: 58 | Mode: navigate | Action: 1
Step: 59 | Mode: navigate | Action: 2
Step: 60 | Mode: navigate | Action: 2
Step: 61 | Mode: navigate | Action: 2
Step: 62 | Mode: navigate | Action: 2
Step: 63 | Mode: navigate | Action: 2
Step: 64 | Mode: navigate | Action: 2
Step: 65 | Mode: navigate | Action: 1
Step: 66 | Mode: navigate | Action: 1
Step: 67 | Mode: navigate | Action: 3
Step: 68 | Mode: navigate | Action: 1
Step: 69 | Mode: navigate | Action: 3
Step: 70 | Mode: navigate | Action: 1
Step: 71 | Mode: navigate | Action: 3
Step: 72 | Mode: navigate | Action: 1
Step: 73 | Mode: navigate | Action: 3
Step: 74 | Mode: navigate | Action: 1
Step: 75 | Mode: navigate | Action: 1
Step: 76 | Mode: navigate | Action: 2
Step: 77 | Mode: navigate | Action: 1
Step: 78 | Mode: navigate | Action: 3
Step: 79 | Mode: navigate | Action: 3
Step: 80 | Mode: navigate | Action: 1
Step: 81 | Mode: navigate | Action: 0
Success rate: 40.00% (4 out of 10)
Episode 4 in scene TEEsavR23oF failed due to 'false_positive'.
Logging episode 0004 to results/pilot/greedy_frontier_jsons/4_TEEsavR23oF.json
Step: 0 | Mode: initialize | Action: 2
Step: 1 | Mode: initialize | Action: 2
Step: 2 | Mode: initialize | Action: 2
Step: 3 | Mode: initialize | Action: 2
Step: 4 | Mode: initialize | Action: 2
Step: 5 | Mode: initialize | Action: 2
Step: 6 | Mode: initialize | Action: 2
Step: 7 | Mode: initialize | Action: 2
Step: 8 | Mode: initialize | Action: 2
Step: 9 | Mode: initialize | Action: 2
Step: 10 | Mode: initialize | Action: 2
Step: 11 | Mode: initialize | Action: 2
Cheapest frontier cost: 4.45m
Step: 12 | Mode: explore | Action: 2
Sticking to last point.
Cheapest frontier cost: 4.45m
Step: 13 | Mode: explore | Action: 1
Sticking to last point.
Cheapest frontier cost: 4.10m
Step: 14 | Mode: explore | Action: 1
Sticking to last point.
Cheapest frontier cost: 3.75m
Step: 15 | Mode: explore | Action: 1
Sticking to last point.
Cheapest frontier cost: 3.45m
Step: 16 | Mode: explore | Action: 1
Sticking to last point.
Cheapest frontier cost: 3.15m
Step: 17 | Mode: explore | Action: 1
Sticking to last point.
Cheapest frontier cost: 2.80m
Step: 18 | Mode: explore | Action: 1
Cheapest frontier cost: 2.85m
Step: 19 | Mode: explore | Action: 3
Sticking to last point.
Cheapest frontier cost: 2.85m
Step: 20 | Mode: explore | Action: 1
Sticking to last point.
Cheapest frontier cost: 2.60m
Step: 21 | Mode: explore | Action: 2
Sticking to last point.
Cheapest frontier cost: 2.60m
Step: 22 | Mode: explore | Action: 1
Cheapest frontier cost: 2.65m
Step: 23 | Mode: explore | Action: 3
Sticking to last point.
Cheapest frontier cost: 2.65m
Step: 24 | Mode: explore | Action: 2
Sticking to last point.
Cheapest frontier cost: 2.65m
Step: 25 | Mode: explore | Action: 1
Sticking to last point.
Cheapest frontier cost: 2.55m
Step: 26 | Mode: explore | Action: 3
Sticking to last point.
Cheapest frontier cost: 2.55m
Step: 27 | Mode: explore | Action: 1
Cheapest frontier cost: 6.55m
Step: 28 | Mode: explore | Action: 3
Sticking to last point.
Cheapest frontier cost: 6.55m
Step: 29 | Mode: explore | Action: 3
Sticking to last point.
Cheapest frontier cost: 6.55m
Step: 30 | Mode: explore | Action: 3
Sticking to last point.
Cheapest frontier cost: 6.55m
Step: 31 | Mode: explore | Action: 3
Sticking to last point.
Cheapest frontier cost: 6.55m
Step: 32 | Mode: explore | Action: 1
Sticking to last point.
Cheapest frontier cost: 6.20m
Step: 33 | Mode: explore | Action: 1
Sticking to last point.
Cheapest frontier cost: 5.85m
Step: 34 | Mode: explore | Action: 1
Sticking to last point.
Cheapest frontier cost: 5.50m
Step: 35 | Mode: explore | Action: 1
Sticking to last point.
Cheapest frontier cost: 5.20m
Step: 36 | Mode: explore | Action: 1
Sticking to last point.
Cheapest frontier cost: 4.80m
Step: 37 | Mode: explore | Action: 1
Sticking to last point.
Cheapest frontier cost: 4.50m
Step: 38 | Mode: explore | Action: 1
Sticking to last point.
Cheapest frontier cost: 4.15m
Step: 39 | Mode: explore | Action: 1
Sticking to last point.
Cheapest frontier cost: 3.80m
Step: 40 | Mode: explore | Action: 1
Sticking to last point.
Cheapest frontier cost: 3.45m
Step: 41 | Mode: explore | Action: 1
Sticking to last point.
Cheapest frontier cost: 3.25m
Step: 42 | Mode: explore | Action: 1
Sticking to last point.
Cheapest frontier cost: 3.15m
Step: 43 | Mode: explore | Action: 2
Sticking to last point.
Cheapest frontier cost: 3.15m
Step: 44 | Mode: explore | Action: 1
Sticking to last point.
Cheapest frontier cost: 2.90m
Step: 45 | Mode: explore | Action: 1
Sticking to last point.
Cheapest frontier cost: 2.65m
Step: 46 | Mode: explore | Action: 1
Sticking to last point.
Cheapest frontier cost: 2.45m
Step: 47 | Mode: explore | Action: 1
Cheapest frontier cost: 2.50m
Step: 48 | Mode: explore | Action: 2
Sticking to last point.
Cheapest frontier cost: 2.50m
Step: 49 | Mode: explore | Action: 1
Sticking to last point.
Cheapest frontier cost: 2.15m
Step: 50 | Mode: explore | Action: 1
Sticking to last point.
Cheapest frontier cost: 1.85m
Step: 51 | Mode: explore | Action: 1
Sticking to last point.
Cheapest frontier cost: 1.45m
Step: 52 | Mode: explore | Action: 1
Sticking to last point.
Cheapest frontier cost: 1.15m
Step: 53 | Mode: explore | Action: 2
Cheapest frontier cost: 1.50m
Step: 54 | Mode: explore | Action: 3
Sticking to last point.
Cheapest frontier cost: 1.50m
Step: 55 | Mode: explore | Action: 1
Sticking to last point.
Cheapest frontier cost: 1.20m
Step: 56 | Mode: explore | Action: 2
Sticking to last point.
Cheapest frontier cost: 1.20m
Step: 57 | Mode: explore | Action: 1
Sticking to last point.
Cheapest frontier cost: 0.85m
Step: 58 | Mode: explore | Action: 3
Cheapest frontier cost: 1.35m
Step: 59 | Mode: explore | Action: 3
Cheapest frontier cost: 1.45m
Step: 60 | Mode: explore | Action: 2
Sticking to last point.
Cheapest frontier cost: 1.45m
Step: 61 | Mode: explore | Action: 1
Sticking to last point.
Cheapest frontier cost: 1.40m
Step: 62 | Mode: explore | Action: 3
Cheapest frontier cost: 4.10m
Step: 63 | Mode: explore | Action: 3
Sticking to last point.
Cheapest frontier cost: 4.10m
Step: 64 | Mode: explore | Action: 3
Sticking to last point.
Cheapest frontier cost: 4.10m
Step: 65 | Mode: explore | Action: 3
Sticking to last point.
Cheapest frontier cost: 4.10m
Step: 66 | Mode: explore | Action: 3
Sticking to last point.
Cheapest frontier cost: 4.10m
Step: 67 | Mode: explore | Action: 1
Sticking to last point.
Cheapest frontier cost: 3.80m
Step: 68 | Mode: explore | Action: 1
Sticking to last point.
Cheapest frontier cost: 3.75m
Step: 69 | Mode: explore | Action: 2
Sticking to last point.
Cheapest frontier cost: 3.75m
Step: 70 | Mode: explore | Action: 1
Sticking to last point.
Cheapest frontier cost: 3.50m
Step: 71 | Mode: explore | Action: 1
Sticking to last point.
Cheapest frontier cost: 3.25m
Step: 72 | Mode: explore | Action: 2
Sticking to last point.
Cheapest frontier cost: 3.25m
 37%|███▋      | 11/30 [05:04<07:54, 24.97s/it]Step: 73 | Mode: explore | Action: 1
Sticking to last point.
Cheapest frontier cost: 2.85m
Step: 74 | Mode: explore | Action: 2
Sticking to last point.
Cheapest frontier cost: 2.85m
Step: 75 | Mode: explore | Action: 1
Sticking to last point.
Cheapest frontier cost: 2.55m
Step: 76 | Mode: explore | Action: 1
Sticking to last point.
Cheapest frontier cost: 2.20m
Step: 77 | Mode: explore | Action: 1
Sticking to last point.
Cheapest frontier cost: 1.85m
Step: 78 | Mode: explore | Action: 1
Sticking to last point.
Cheapest frontier cost: 1.55m
Step: 79 | Mode: explore | Action: 1
Sticking to last point.
Cheapest frontier cost: 1.25m
Step: 80 | Mode: explore | Action: 2
Sticking to last point.
Cheapest frontier cost: 1.25m
Step: 81 | Mode: explore | Action: 1
Sticking to last point.
Cheapest frontier cost: 1.00m
Step: 82 | Mode: explore | Action: 1
Sticking to last point.
Cheapest frontier cost: 0.75m
Step: 83 | Mode: explore | Action: 1
Sticking to last point.
Cheapest frontier cost: 0.60m
Step: 84 | Mode: explore | Action: 1
Sticking to last point.
Cheapest frontier cost: 0.60m
Step: 85 | Mode: explore | Action: 3
Sticking to last point.
Cheapest frontier cost: 0.60m
Step: 86 | Mode: explore | Action: 1
Sticking to last point.
Cheapest frontier cost: 0.50m
Step: 87 | Mode: explore | Action: 2
Cheapest frontier cost: 0.55m
Step: 88 | Mode: explore | Action: 2
Cheapest frontier cost: 3.35m
Step: 89 | Mode: explore | Action: 3
Sticking to last point.
Cheapest frontier cost: 3.35m
Step: 90 | Mode: explore | Action: 3
Sticking to last point.
Cheapest frontier cost: 3.35m
Step: 91 | Mode: explore | Action: 1
Sticking to last point.
Cheapest frontier cost: 3.10m
Step: 92 | Mode: explore | Action: 1
Sticking to last point.
Cheapest frontier cost: 2.85m
Step: 93 | Mode: explore | Action: 1
Sticking to last point.
Cheapest frontier cost: 2.70m
Step: 94 | Mode: explore | Action: 1
Cheapest frontier cost: 2.55m
Step: 95 | Mode: explore | Action: 1
Sticking to last point.
Cheapest frontier cost: 2.00m
Step: 96 | Mode: explore | Action: 1
Step: 97 | Mode: navigate | Action: 2
Step: 98 | Mode: navigate | Action: 3
Step: 99 | Mode: navigate | Action: 1
Step: 100 | Mode: navigate | Action: 1
Step: 101 | Mode: navigate | Action: 1
Step: 102 | Mode: navigate | Action: 2
Step: 103 | Mode: navigate | Action: 1
Step: 104 | Mode: navigate | Action: 1
Step: 105 | Mode: navigate | Action: 1
Step: 106 | Mode: navigate | Action: 3
Step: 107 | Mode: navigate | Action: 1
Step: 108 | Mode: navigate | Action: 2
Step: 109 | Mode: navigate | Action: 1
Step: 110 | Mode: navigate | Action: 1
Step: 111 | Mode: navigate | Action: 3
Step: 112 | Mode: navigate | Action: 1
Step: 113 | Mode: navigate | Action: 1
Step: 114 | Mode: navigate | Action: 0
Success rate: 36.36% (4 out of 11)
Episode 2 in scene TEEsavR23oF failed due to 'false_positive'.
Logging episode 0002 to results/pilot/greedy_frontier_jsons/2_TEEsavR23oF.json
Step: 0 | Mode: initialize | Action: 2
Step: 1 | Mode: initialize | Action: 2
Step: 2 | Mode: initialize | Action: 2
Step: 3 | Mode: initialize | Action: 2
Step: 4 | Mode: initialize | Action: 2
Step: 5 | Mode: initialize | Action: 2
Step: 6 | Mode: initialize | Action: 2
Step: 7 | Mode: initialize | Action: 2
Step: 8 | Mode: initialize | Action: 2
Step: 9 | Mode: initialize | Action: 2
Step: 10 | Mode: initialize | Action: 2
Step: 11 | Mode: initialize | Action: 2
Cheapest frontier cost: 1.75m
Step: 12 | Mode: explore | Action: 2
Sticking to last point.
Cheapest frontier cost: 1.75m
Step: 13 | Mode: explore | Action: 2
Sticking to last point.
Cheapest frontier cost: 1.75m
Step: 14 | Mode: explore | Action: 2
Sticking to last point.
Cheapest frontier cost: 1.75m
Step: 15 | Mode: explore | Action: 2
Sticking to last point.
Cheapest frontier cost: 1.75m
Step: 16 | Mode: explore | Action: 1
Sticking to last point.
Cheapest frontier cost: 1.45m
Step: 17 | Mode: explore | Action: 1
Sticking to last point.
Cheapest frontier cost: 1.05m
Step: 18 | Mode: explore | Action: 1
Sticking to last point.
Cheapest frontier cost: 0.85m
Step: 19 | Mode: explore | Action: 1
Sticking to last point.
Cheapest frontier cost: 0.80m
Step: 20 | Mode: explore | Action: 3
Cheapest frontier cost: 1.05m
Step: 21 | Mode: explore | Action: 3
Sticking to last point.
Cheapest frontier cost: 1.05m
Step: 22 | Mode: explore | Action: 1
Sticking to last point.
Cheapest frontier cost: 1.05m
Step: 23 | Mode: explore | Action: 1
Sticking to last point.
Cheapest frontier cost: 1.05m
Step: 24 | Mode: explore | Action: 1
Sticking to last point.
Cheapest frontier cost: 1.05m
Step: 25 | Mode: explore | Action: 3
Cheapest frontier cost: 1.25m
Step: 26 | Mode: explore | Action: 2
Sticking to last point.
Cheapest frontier cost: 1.25m
Step: 27 | Mode: explore | Action: 1
Sticking to last point.
Cheapest frontier cost: 1.25m
Step: 28 | Mode: explore | Action: 2
Sticking to last point.
Cheapest frontier cost: 1.25m
Step: 29 | Mode: explore | Action: 1
Sticking to last point.
Cheapest frontier cost: 1.00m
Step: 30 | Mode: explore | Action: 3
Cheapest frontier cost: 2.00m
Step: 31 | Mode: explore | Action: 3
Sticking to last point.
Cheapest frontier cost: 1.65m
Step: 32 | Mode: explore | Action: 1
Cheapest frontier cost: 3.10m
Step: 33 | Mode: explore | Action: 3
Sticking to last point.
Cheapest frontier cost: 3.10m
Step: 34 | Mode: explore | Action: 3
Sticking to last point.
Cheapest frontier cost: 3.10m
Step: 35 | Mode: explore | Action: 3
Sticking to last point.
Cheapest frontier cost: 3.10m
Step: 36 | Mode: explore | Action: 3
Sticking to last point.
Cheapest frontier cost: 3.10m
Step: 37 | Mode: explore | Action: 3
Sticking to last point.
Cheapest frontier cost: 3.10m
Step: 38 | Mode: explore | Action: 1
Sticking to last point.
Cheapest frontier cost: 2.80m
Step: 39 | Mode: explore | Action: 1
Sticking to last point.
Cheapest frontier cost: 2.80m
Step: 40 | Mode: explore | Action: 3
Sticking to last point.
Cheapest frontier cost: 2.80m
Step: 41 | Mode: explore | Action: 1
Sticking to last point.
Cheapest frontier cost: 2.80m
Step: 42 | Mode: explore | Action: 3
Sticking to last point.
Cheapest frontier cost: 2.80m
Step: 43 | Mode: explore | Action: 1
Cheapest frontier cost: 2.95m
Step: 44 | Mode: explore | Action: 2
Sticking to last point.
Cheapest frontier cost: 2.95m
Step: 45 | Mode: explore | Action: 2
Sticking to last point.
Cheapest frontier cost: 2.95m
Step: 46 | Mode: explore | Action: 2
Sticking to last point.
Cheapest frontier cost: 2.95m
Step: 47 | Mode: explore | Action: 1
Sticking to last point.
Cheapest frontier cost: 2.70m
Step: 48 | Mode: explore | Action: 1
Sticking to last point.
Cheapest frontier cost: 2.45m
Step: 49 | Mode: explore | Action: 1
Sticking to last point.
Cheapest frontier cost: 2.20m
Step: 50 | Mode: explore | Action: 2
Sticking to last point.
Cheapest frontier cost: 2.20m
Step: 51 | Mode: explore | Action: 1
Sticking to last point.
Cheapest frontier cost: 1.85m
Step: 52 | Mode: explore | Action: 1
Sticking to last point.
Cheapest frontier cost: 1.65m
Step: 53 | Mode: explore | Action: 1
Sticking to last point.
Cheapest frontier cost: 1.55m
Step: 54 | Mode: explore | Action: 3
Sticking to last point.
Cheapest frontier cost: 1.55m
Step: 55 | Mode: explore | Action: 1
Sticking to last point.
Cheapest frontier cost: 1.55m
Step: 56 | Mode: explore | Action: 1
Sticking to last point.
Cheapest frontier cost: 1.30m
Step: 57 | Mode: explore | Action: 3
Cheapest frontier cost: 3.30m
Step: 58 | Mode: explore | Action: 1
Sticking to last point.
Cheapest frontier cost: 2.95m
Step: 59 | Mode: explore | Action: 3
Sticking to last point.
Cheapest frontier cost: 2.95m
Step: 60 | Mode: explore | Action: 1
Sticking to last point.
Cheapest frontier cost: 2.60m
Step: 61 | Mode: explore | Action: 1
Sticking to last point.
Cheapest frontier cost: 2.30m
Step: 62 | Mode: explore | Action: 1
Sticking to last point.
Cheapest frontier cost: 1.95m
Step: 63 | Mode: explore | Action: 1
Sticking to last point.
Cheapest frontier cost: 1.65m
Step: 64 | Mode: explore | Action: 1
Sticking to last point.
Cheapest frontier cost: 1.40m
Step: 65 | Mode: explore | Action: 1
Sticking to last point.
Cheapest frontier cost: 1.10m
Step: 66 | Mode: explore | Action: 2
Cheapest frontier cost: 1.30m
Step: 67 | Mode: explore | Action: 1
Cheapest frontier cost: 1.40m
Step: 68 | Mode: explore | Action: 3
Sticking to last point.
Cheapest frontier cost: 1.40m
Step: 69 | Mode: explore | Action: 3
Sticking to last point.
Cheapest frontier cost: 1.40m
Step: 70 | Mode: explore | Action: 3
Cheapest frontier cost: 1.50m
Step: 71 | Mode: explore | Action: 2
Sticking to last point.
Cheapest frontier cost: 1.50m
Step: 72 | Mode: explore | Action: 2
Sticking to last point.
Cheapest frontier cost: 1.50m
Step: 73 | Mode: explore | Action: 2
Sticking to last point.
Cheapest frontier cost: 1.50m
Step: 74 | Mode: explore | Action: 1
Cheapest frontier cost: 1.65m
Step: 75 | Mode: explore | Action: 3
Sticking to last point.
Cheapest frontier cost: 1.65m
Step: 76 | Mode: explore | Action: 1
Sticking to last point.
Cheapest frontier cost: 1.55m
Step: 77 | Mode: explore | Action: 3
Sticking to last point.
Cheapest frontier cost: 1.55m
Step: 78 | Mode: explore | Action: 3
Sticking to last point.
Cheapest frontier cost: 1.55m
Step: 79 | Mode: explore | Action: 3
Cheapest frontier cost: 1.75m
Step: 80 | Mode: explore | Action: 3
Sticking to last point.
Cheapest frontier cost: 1.75m
Step: 81 | Mode: explore | Action: 1
Sticking to last point.
Cheapest frontier cost: 1.50m
Step: 82 | Mode: explore | Action: 1
Sticking to last point.
Cheapest frontier cost: 1.25m
Step: 83 | Mode: explore | Action: 2
Sticking to last point.
Cheapest frontier cost: 1.25m
Step: 84 | Mode: explore | Action: 1
Cheapest frontier cost: 1.90m
Step: 85 | Mode: explore | Action: 2
Sticking to last point.
Cheapest frontier cost: 1.90m
Step: 86 | Mode: explore | Action: 2
Sticking to last point.
Cheapest frontier cost: 1.90m
Step: 87 | Mode: explore | Action: 2
Sticking to last point.
Cheapest frontier cost: 1.90m
Step: 88 | Mode: explore | Action: 1
Sticking to last point.
Cheapest frontier cost: 1.80m
Step: 89 | Mode: explore | Action: 1
Cheapest frontier cost: 2.15m
Step: 90 | Mode: explore | Action: 1
Cheapest frontier cost: 2.45m
Step: 91 | Mode: explore | Action: 1
Sticking to last point.
Cheapest frontier cost: 2.10m
Step: 92 | Mode: explore | Action: 1
Sticking to last point.
Cheapest frontier cost: 1.80m
Step: 93 | Mode: explore | Action: 1
Sticking to last point.
Cheapest frontier cost: 1.65m
Step: 94 | Mode: explore | Action: 1
Sticking to last point.
Cheapest frontier cost: 1.55m
Step: 95 | Mode: explore | Action: 3
Cheapest frontier cost: 1.60m
Step: 96 | Mode: explore | Action: 1
Sticking to last point.
Cheapest frontier cost: 1.40m
Step: 97 | Mode: explore | Action: 1
Sticking to last point.
Cheapest frontier cost: 1.35m
Step: 98 | Mode: explore | Action: 3
Cheapest frontier cost: 1.55m
Step: 99 | Mode: explore | Action: 1
Sticking to last point.
Cheapest frontier cost: 1.40m
Step: 100 | Mode: explore | Action: 3
Sticking to last point.
Cheapest frontier cost: 1.35m
Step: 101 | Mode: explore | Action: 2
Sticking to last point.
Cheapest frontier cost: 1.35m
Step: 102 | Mode: explore | Action: 1
Sticking to last point.
Cheapest frontier cost: 1.25m
Step: 103 | Mode: explore | Action: 3
Sticking to last point.
Cheapest frontier cost: 1.15m
Step: 104 | Mode: explore | Action: 1
Sticking to last point.
Cheapest frontier cost: 0.85m
Step: 105 | Mode: explore | Action: 1
Sticking to last point.
Cheapest frontier cost: 0.75m
Step: 106 | Mode: explore | Action: 3
Sticking to last point.
Cheapest frontier cost: 0.75m
Step: 107 | Mode: explore | Action: 3
Cheapest frontier cost: 3.40m
Step: 108 | Mode: explore | Action: 3
Sticking to last point.
Cheapest frontier cost: 3.40m
Step: 109 | Mode: explore | Action: 3
Sticking to last point.
Cheapest frontier cost: 3.40m
Step: 110 | Mode: explore | Action: 3
Sticking to last point.
Cheapest frontier cost: 3.20m
Step: 111 | Mode: explore | Action: 3
Cheapest frontier cost: 6.75m
Step: 112 | Mode: explore | Action: 1
Sticking to last point.
Cheapest frontier cost: 6.70m
Step: 113 | Mode: explore | Action: 3
Cheapest frontier cost: 6.75m
Step: 114 | Mode: explore | Action: 1
Sticking to last point.
Cheapest frontier cost: 6.15m
Step: 115 | Mode: explore | Action: 1
Sticking to last point.
Cheapest frontier cost: 6.00m
Step: 116 | Mode: explore | Action: 1
Sticking to last point.
Cheapest frontier cost: 5.40m
Step: 117 | Mode: explore | Action: 1
Sticking to last point.
Cheapest frontier cost: 5.15m
Step: 118 | Mode: explore | Action: 1
Sticking to last point.
Cheapest frontier cost: 4.90m
Step: 119 | Mode: explore | Action: 3
Cheapest frontier cost: 3.85m
Step: 120 | Mode: explore | Action: 1
Sticking to last point.
Cheapest frontier cost: 3.50m
Step: 121 | Mode: explore | Action: 1
Sticking to last point.
Cheapest frontier cost: 3.15m
Step: 122 | Mode: explore | Action: 3
Cheapest frontier cost: 4.85m
Step: 123 | Mode: explore | Action: 1
Sticking to last point.
Cheapest frontier cost: 4.60m
Step: 124 | Mode: explore | Action: 1
Sticking to last point.
Cheapest frontier cost: 4.20m
Step: 125 | Mode: explore | Action: 1
Sticking to last point.
Cheapest frontier cost: 3.95m
Step: 126 | Mode: explore | Action: 1
Sticking to last point.
Cheapest frontier cost: 3.65m
Step: 127 | Mode: explore | Action: 1
Sticking to last point.
Cheapest frontier cost: 3.45m
Step: 128 | Mode: explore | Action: 1
Sticking to last point.
Cheapest frontier cost: 3.40m
Step: 129 | Mode: explore | Action: 1
Sticking to last point.
Cheapest frontier cost: 3.30m
Step: 130 | Mode: explore | Action: 3
Sticking to last point.
Cheapest frontier cost: 3.30m
Step: 131 | Mode: explore | Action: 1
Sticking to last point.
Cheapest frontier cost: 3.10m
Step: 132 | Mode: explore | Action: 1
Sticking to last point.
Cheapest frontier cost: 2.85m
Step: 133 | Mode: explore | Action: 1
Sticking to last point.
Cheapest frontier cost: 2.65m
Step: 134 | Mode: explore | Action: 1
Sticking to last point.
Cheapest frontier cost: 2.40m
Step: 135 | Mode: explore | Action: 1
Sticking to last point.
Cheapest frontier cost: 2.20m
Step: 136 | Mode: explore | Action: 1
Sticking to last point.
Cheapest frontier cost: 2.00m
Step: 137 | Mode: explore | Action: 1
Sticking to last point.
Cheapest frontier cost: 1.90m
Step: 138 | Mode: explore | Action: 3
Sticking to last point.
Cheapest frontier cost: 1.90m
Step: 139 | Mode: explore | Action: 2
Sticking to last point.
Cheapest frontier cost: 1.90m
Step: 140 | Mode: explore | Action: 1
Cheapest frontier cost: 2.45m
Step: 141 | Mode: explore | Action: 3
Sticking to last point.
Cheapest frontier cost: 2.45m
Step: 142 | Mode: explore | Action: 2
Sticking to last point.
Cheapest frontier cost: 2.45m
Step: 143 | Mode: explore | Action: 1
Sticking to last point.
Cheapest frontier cost: 2.20m
Step: 144 | Mode: explore | Action: 3
Cheapest frontier cost: 2.30m
Step: 145 | Mode: explore | Action: 3
Cheapest frontier cost: 14.70m
Step: 146 | Mode: explore | Action: 2
Sticking to last point.
Cheapest frontier cost: 14.70m
Step: 147 | Mode: explore | Action: 3
Sticking to last point.
Cheapest frontier cost: 14.70m
Step: 148 | Mode: explore | Action: 3
Sticking to last point.
Cheapest frontier cost: 14.70m
Step: 149 | Mode: explore | Action: 3
Sticking to last point.
Cheapest frontier cost: 14.70m
Step: 150 | Mode: explore | Action: 3
Sticking to last point.
Cheapest frontier cost: 14.70m
Step: 151 | Mode: explore | Action: 3
Sticking to last point.
Cheapest frontier cost: 14.70m
Step: 152 | Mode: explore | Action: 1
Sticking to last point.
Cheapest frontier cost: 14.45m
Step: 153 | Mode: explore | Action: 1
Sticking to last point.
Cheapest frontier cost: 14.20m
Step: 154 | Mode: explore | Action: 1
Sticking to last point.
Cheapest frontier cost: 13.95m
Step: 155 | Mode: explore | Action: 1
Sticking to last point.
Cheapest frontier cost: 13.70m
Step: 156 | Mode: explore | Action: 1
Sticking to last point.
Cheapest frontier cost: 13.45m
Step: 157 | Mode: explore | Action: 1
Sticking to last point.
Cheapest frontier cost: 13.20m
Step: 158 | Mode: explore | Action: 1
Sticking to last point.
Cheapest frontier cost: 12.95m
Step: 159 | Mode: explore | Action: 1
 40%|████      | 12/30 [05:58<10:05, 33.62s/it] 43%|████▎     | 13/30 [06:03<07:04, 24.97s/it]Sticking to last point.
Cheapest frontier cost: 12.70m
Step: 160 | Mode: explore | Action: 1
Sticking to last point.
Cheapest frontier cost: 12.45m
Step: 161 | Mode: explore | Action: 1
Sticking to last point.
Cheapest frontier cost: 12.20m
Step: 162 | Mode: explore | Action: 1
Sticking to last point.
Cheapest frontier cost: 11.95m
Step: 163 | Mode: explore | Action: 1
Sticking to last point.
Cheapest frontier cost: 11.70m
Step: 164 | Mode: explore | Action: 1
Sticking to last point.
Cheapest frontier cost: 11.45m
Step: 165 | Mode: explore | Action: 1
Sticking to last point.
Cheapest frontier cost: 11.20m
Step: 166 | Mode: explore | Action: 1
Sticking to last point.
Cheapest frontier cost: 10.95m
Step: 167 | Mode: explore | Action: 1
Sticking to last point.
Cheapest frontier cost: 10.70m
Step: 168 | Mode: explore | Action: 1
Sticking to last point.
Cheapest frontier cost: 10.45m
Step: 169 | Mode: explore | Action: 1
Sticking to last point.
Cheapest frontier cost: 10.20m
Step: 170 | Mode: explore | Action: 2
Sticking to last point.
Cheapest frontier cost: 10.20m
Step: 171 | Mode: explore | Action: 2
Sticking to last point.
Cheapest frontier cost: 10.20m
Step: 172 | Mode: explore | Action: 1
Sticking to last point.
Cheapest frontier cost: 9.85m
Step: 173 | Mode: explore | Action: 2
Sticking to last point.
Cheapest frontier cost: 9.85m
Step: 174 | Mode: explore | Action: 1
Sticking to last point.
Cheapest frontier cost: 9.60m
Step: 175 | Mode: explore | Action: 1
Sticking to last point.
Cheapest frontier cost: 9.35m
Step: 176 | Mode: explore | Action: 1
Sticking to last point.
Cheapest frontier cost: 9.10m
Step: 177 | Mode: explore | Action: 1
Sticking to last point.
Cheapest frontier cost: 8.85m
Step: 178 | Mode: explore | Action: 1
Sticking to last point.
Cheapest frontier cost: 8.60m
Step: 179 | Mode: explore | Action: 3
Sticking to last point.
Cheapest frontier cost: 8.60m
Step: 180 | Mode: explore | Action: 1
Sticking to last point.
Cheapest frontier cost: 8.30m
Step: 181 | Mode: explore | Action: 3
Sticking to last point.
Cheapest frontier cost: 8.30m
Step: 182 | Mode: explore | Action: 1
Sticking to last point.
Cheapest frontier cost: 7.90m
Step: 183 | Mode: explore | Action: 1
Sticking to last point.
Cheapest frontier cost: 7.60m
Step: 184 | Mode: explore | Action: 1
Sticking to last point.
Cheapest frontier cost: 7.25m
Step: 185 | Mode: explore | Action: 1
Sticking to last point.
Cheapest frontier cost: 6.90m
Step: 186 | Mode: explore | Action: 1
Sticking to last point.
Cheapest frontier cost: 6.55m
Step: 187 | Mode: explore | Action: 1
Sticking to last point.
Cheapest frontier cost: 6.25m
Step: 188 | Mode: explore | Action: 1
Sticking to last point.
Cheapest frontier cost: 5.85m
Step: 189 | Mode: explore | Action: 1
Sticking to last point.
Cheapest frontier cost: 5.55m
Step: 190 | Mode: explore | Action: 1
Sticking to last point.
Cheapest frontier cost: 5.30m
Step: 191 | Mode: explore | Action: 1
Sticking to last point.
Cheapest frontier cost: 4.95m
Step: 192 | Mode: explore | Action: 1
Sticking to last point.
Cheapest frontier cost: 4.90m
Step: 193 | Mode: explore | Action: 3
Step: 194 | Mode: navigate | Action: 2
Step: 195 | Mode: navigate | Action: 1
Step: 196 | Mode: navigate | Action: 3
Step: 197 | Mode: navigate | Action: 1
Step: 198 | Mode: navigate | Action: 2
Step: 199 | Mode: navigate | Action: 1
Step: 200 | Mode: navigate | Action: 1
Step: 201 | Mode: navigate | Action: 1
Step: 202 | Mode: navigate | Action: 1
Step: 203 | Mode: navigate | Action: 2
Step: 204 | Mode: navigate | Action: 2
Step: 205 | Mode: navigate | Action: 1
Step: 206 | Mode: navigate | Action: 3
Step: 207 | Mode: navigate | Action: 3
Step: 208 | Mode: navigate | Action: 1
Step: 209 | Mode: navigate | Action: 1
Step: 210 | Mode: navigate | Action: 1
Step: 211 | Mode: navigate | Action: 1
Step: 212 | Mode: navigate | Action: 2
Step: 213 | Mode: navigate | Action: 3
Step: 214 | Mode: navigate | Action: 1
Step: 215 | Mode: navigate | Action: 1
Step: 216 | Mode: navigate | Action: 1
Step: 217 | Mode: navigate | Action: 0
Success rate: 33.33% (4 out of 12)
Episode 1 in scene TEEsavR23oF failed due to 'false_positive'.
Logging episode 0001 to results/pilot/greedy_frontier_jsons/1_TEEsavR23oF.json
Step: 0 | Mode: initialize | Action: 2
Step: 1 | Mode: initialize | Action: 2
Step: 2 | Mode: initialize | Action: 2
Step: 3 | Mode: initialize | Action: 2
Step: 4 | Mode: initialize | Action: 2
Step: 5 | Mode: initialize | Action: 2
Step: 6 | Mode: initialize | Action: 2
Step: 7 | Mode: initialize | Action: 2
Step: 8 | Mode: initialize | Action: 2
Step: 9 | Mode: initialize | Action: 2
Step: 10 | Mode: initialize | Action: 2
Step: 11 | Mode: initialize | Action: 2
Step: 12 | Mode: navigate | Action: 3
Step: 13 | Mode: navigate | Action: 3
Step: 14 | Mode: navigate | Action: 3
Step: 15 | Mode: navigate | Action: 3
Step: 16 | Mode: navigate | Action: 1
Step: 17 | Mode: navigate | Action: 3
Step: 18 | Mode: navigate | Action: 1
Step: 19 | Mode: navigate | Action: 1
Step: 20 | Mode: navigate | Action: 1
Step: 21 | Mode: navigate | Action: 0
Success rate: 30.77% (4 out of 13)
Episode 7 in scene TEEsavR23oF failed due to 'false_positive'.
Logging episode 0007 to results/pilot/greedy_frontier_jsons/7_TEEsavR23oF.json
Step: 0 | Mode: initialize | Action: 2
Step: 1 | Mode: initialize | Action: 2
Step: 2 | Mode: initialize | Action: 2
Step: 3 | Mode: initialize | Action: 2
Step: 4 | Mode: initialize | Action: 2
Step: 5 | Mode: initialize | Action: 2
Step: 6 | Mode: initialize | Action: 2
Step: 7 | Mode: initialize | Action: 2
Step: 8 | Mode: initialize | Action: 2
Step: 9 | Mode: initialize | Action: 2
Step: 10 | Mode: initialize | Action: 2
Step: 11 | Mode: initialize | Action: 2
Cheapest frontier cost: 2.85m
Step: 12 | Mode: explore | Action: 1
Sticking to last point.
Cheapest frontier cost: 2.60m
Step: 13 | Mode: explore | Action: 1
Sticking to last point.
Cheapest frontier cost: 2.35m
Step: 14 | Mode: explore | Action: 3
Sticking to last point.
Cheapest frontier cost: 2.35m
Step: 15 | Mode: explore | Action: 1
Sticking to last point.
Cheapest frontier cost: 2.05m
Step: 16 | Mode: explore | Action: 1
Sticking to last point.
Cheapest frontier cost: 1.65m
Step: 17 | Mode: explore | Action: 1
Sticking to last point.
Cheapest frontier cost: 1.35m
Step: 18 | Mode: explore | Action: 1
Sticking to last point.
Cheapest frontier cost: 1.25m
Step: 19 | Mode: explore | Action: 2
Sticking to last point.
Cheapest frontier cost: 1.25m
Step: 20 | Mode: explore | Action: 3
Sticking to last point.
Cheapest frontier cost: 1.25m
Step: 21 | Mode: explore | Action: 1
Sticking to last point.
Cheapest frontier cost: 1.15m
Step: 22 | Mode: explore | Action: 2
Sticking to last point.
Cheapest frontier cost: 1.15m
Step: 23 | Mode: explore | Action: 1
Sticking to last point.
Cheapest frontier cost: 1.15m
Step: 24 | Mode: explore | Action: 1
Sticking to last point.
Cheapest frontier cost: 0.90m
Step: 25 | Mode: explore | Action: 2
Cheapest frontier cost: 1.25m
Step: 26 | Mode: explore | Action: 1
Sticking to last point.
Cheapest frontier cost: 0.95m
Step: 27 | Mode: explore | Action: 2
Cheapest frontier cost: 2.05m
Step: 28 | Mode: explore | Action: 2
Sticking to last point.
Cheapest frontier cost: 2.05m
Step: 29 | Mode: explore | Action: 3
Sticking to last point.
Cheapest frontier cost: 2.05m
Step: 30 | Mode: explore | Action: 3
Sticking to last point.
Cheapest frontier cost: 2.05m
Step: 31 | Mode: explore | Action: 1
Sticking to last point.
Cheapest frontier cost: 1.70m
Step: 32 | Mode: explore | Action: 2
Sticking to last point.
Cheapest frontier cost: 1.70m
Step: 33 | Mode: explore | Action: 1
Sticking to last point.
Cheapest frontier cost: 1.55m
Step: 34 | Mode: explore | Action: 1
Sticking to last point.
Cheapest frontier cost: 1.45m
Step: 35 | Mode: explore | Action: 2
Sticking to last point.
Cheapest frontier cost: 1.45m
Step: 36 | Mode: explore | Action: 2
Sticking to last point.
Cheapest frontier cost: 1.45m
Step: 37 | Mode: explore | Action: 1
Sticking to last point.
Cheapest frontier cost: 1.15m
Step: 38 | Mode: explore | Action: 1
Sticking to last point.
Cheapest frontier cost: 1.10m
 47%|████▋     | 14/30 [06:27<06:35, 24.74s/it]Step: 39 | Mode: explore | Action: 2
Sticking to last point.
Cheapest frontier cost: 1.10m
Step: 40 | Mode: explore | Action: 1
Sticking to last point.
Cheapest frontier cost: 1.10m
Step: 41 | Mode: explore | Action: 2
Sticking to last point.
Cheapest frontier cost: 1.10m
Step: 42 | Mode: explore | Action: 1
Cheapest frontier cost: 1.15m
Step: 43 | Mode: explore | Action: 3
Sticking to last point.
Cheapest frontier cost: 1.15m
Step: 44 | Mode: explore | Action: 3
Sticking to last point.
Cheapest frontier cost: 1.15m
Step: 45 | Mode: explore | Action: 3
Cheapest frontier cost: 1.25m
Step: 46 | Mode: explore | Action: 1
Sticking to last point.
Cheapest frontier cost: 1.15m
Step: 47 | Mode: explore | Action: 3
Cheapest frontier cost: 6.35m
Step: 48 | Mode: explore | Action: 3
Sticking to last point.
Cheapest frontier cost: 6.35m
Step: 49 | Mode: explore | Action: 3
Sticking to last point.
Cheapest frontier cost: 6.35m
Step: 50 | Mode: explore | Action: 3
Sticking to last point.
Cheapest frontier cost: 6.35m
Step: 51 | Mode: explore | Action: 3
Sticking to last point.
Cheapest frontier cost: 6.35m
Step: 52 | Mode: explore | Action: 3
Sticking to last point.
Cheapest frontier cost: 6.35m
Step: 53 | Mode: explore | Action: 1
Sticking to last point.
Cheapest frontier cost: 6.10m
Step: 54 | Mode: explore | Action: 1
Sticking to last point.
Cheapest frontier cost: 5.85m
Step: 55 | Mode: explore | Action: 1
Sticking to last point.
Cheapest frontier cost: 5.70m
Step: 56 | Mode: explore | Action: 3
Sticking to last point.
Cheapest frontier cost: 5.70m
Step: 57 | Mode: explore | Action: 1
Sticking to last point.
Cheapest frontier cost: 5.70m
Step: 58 | Mode: explore | Action: 2
Sticking to last point.
Cheapest frontier cost: 5.70m
Step: 59 | Mode: explore | Action: 2
Sticking to last point.
Cheapest frontier cost: 5.70m
Step: 60 | Mode: explore | Action: 1
Sticking to last point.
Cheapest frontier cost: 5.60m
Step: 61 | Mode: explore | Action: 3
Sticking to last point.
Cheapest frontier cost: 5.60m
Step: 62 | Mode: explore | Action: 3
Sticking to last point.
Cheapest frontier cost: 5.60m
Step: 63 | Mode: explore | Action: 1
Sticking to last point.
Cheapest frontier cost: 5.25m
Step: 64 | Mode: explore | Action: 3
Sticking to last point.
Cheapest frontier cost: 5.25m
Step: 65 | Mode: explore | Action: 1
Sticking to last point.
Cheapest frontier cost: 4.90m
Step: 66 | Mode: explore | Action: 3
Sticking to last point.
Cheapest frontier cost: 4.90m
Step: 67 | Mode: explore | Action: 1
Sticking to last point.
Cheapest frontier cost: 4.65m
Step: 68 | Mode: explore | Action: 1
Sticking to last point.
Cheapest frontier cost: 4.40m
Step: 69 | Mode: explore | Action: 1
Sticking to last point.
Cheapest frontier cost: 4.15m
Step: 70 | Mode: explore | Action: 1
Sticking to last point.
Cheapest frontier cost: 3.90m
Step: 71 | Mode: explore | Action: 2
Cheapest frontier cost: 5.25m
Step: 72 | Mode: explore | Action: 1
Sticking to last point.
Cheapest frontier cost: 4.90m
Step: 73 | Mode: explore | Action: 1
Sticking to last point.
Cheapest frontier cost: 4.60m
Step: 74 | Mode: explore | Action: 1
Sticking to last point.
Cheapest frontier cost: 4.20m
Step: 75 | Mode: explore | Action: 2
Sticking to last point.
Cheapest frontier cost: 4.05m
Step: 76 | Mode: explore | Action: 1
Sticking to last point.
Cheapest frontier cost: 3.75m
Step: 77 | Mode: explore | Action: 1
Sticking to last point.
Cheapest frontier cost: 3.40m
Step: 78 | Mode: explore | Action: 1
Sticking to last point.
Cheapest frontier cost: 3.25m
Step: 79 | Mode: explore | Action: 2
Cheapest frontier cost: 0.80m
Step: 80 | Mode: explore | Action: 1
Sticking to last point.
Cheapest frontier cost: 0.65m
Step: 81 | Mode: explore | Action: 1
Sticking to last point.
Cheapest frontier cost: 0.65m
Step: 82 | Mode: explore | Action: 2
Cheapest frontier cost: 2.00m
Step: 83 | Mode: explore | Action: 1
Sticking to last point.
Cheapest frontier cost: 2.00m
Step: 84 | Mode: explore | Action: 3
Sticking to last point.
Cheapest frontier cost: 2.00m
Step: 85 | Mode: explore | Action: 1
Sticking to last point.
Cheapest frontier cost: 2.00m
Step: 86 | Mode: explore | Action: 3
Sticking to last point.
Cheapest frontier cost: 2.00m
Step: 87 | Mode: explore | Action: 1
Sticking to last point.
Cheapest frontier cost: 1.90m
Step: 88 | Mode: explore | Action: 2
Sticking to last point.
Cheapest frontier cost: 1.90m
Step: 89 | Mode: explore | Action: 2
Cheapest frontier cost: 2.20m
Step: 90 | Mode: explore | Action: 1
Cheapest frontier cost: 2.40m
Step: 91 | Mode: explore | Action: 2
Sticking to last point.
Cheapest frontier cost: 2.40m
Step: 92 | Mode: explore | Action: 3
Sticking to last point.
Cheapest frontier cost: 2.40m
Step: 93 | Mode: explore | Action: 1
Sticking to last point.
Cheapest frontier cost: 1.95m
Step: 94 | Mode: explore | Action: 1
Sticking to last point.
Cheapest frontier cost: 1.55m
Step: 95 | Mode: explore | Action: 1
Sticking to last point.
Cheapest frontier cost: 1.45m
Step: 96 | Mode: explore | Action: 2
Cheapest frontier cost: 2.10m
Step: 97 | Mode: explore | Action: 2
Sticking to last point.
Cheapest frontier cost: 1.80m
Step: 98 | Mode: explore | Action: 1
Sticking to last point.
Cheapest frontier cost: 1.60m
Step: 99 | Mode: explore | Action: 1
Sticking to last point.
Cheapest frontier cost: 1.30m
Step: 100 | Mode: explore | Action: 2
Sticking to last point.
Cheapest frontier cost: 1.30m
Step: 101 | Mode: explore | Action: 1
Sticking to last point.
Cheapest frontier cost: 0.85m
Step: 102 | Mode: explore | Action: 1
Cheapest frontier cost: 3.85m
Step: 103 | Mode: explore | Action: 3
Sticking to last point.
Cheapest frontier cost: 3.85m
Step: 104 | Mode: explore | Action: 3
Sticking to last point.
Cheapest frontier cost: 3.85m
Step: 105 | Mode: explore | Action: 3
Sticking to last point.
Cheapest frontier cost: 3.85m
Step: 106 | Mode: explore | Action: 3
Sticking to last point.
Cheapest frontier cost: 3.85m
Step: 107 | Mode: explore | Action: 1
Sticking to last point.
Cheapest frontier cost: 3.60m
Step: 108 | Mode: explore | Action: 3
Step: 109 | Mode: navigate | Action: 1
Step: 110 | Mode: navigate | Action: 1
Step: 111 | Mode: navigate | Action: 1
Step: 112 | Mode: navigate | Action: 1
Step: 113 | Mode: navigate | Action: 1
Step: 114 | Mode: navigate | Action: 1
Step: 115 | Mode: navigate | Action: 1
Step: 116 | Mode: navigate | Action: 1
Step: 117 | Mode: navigate | Action: 0
Success rate: 35.71% (5 out of 14)
Logging episode 0009 to results/pilot/greedy_frontier_jsons/9_TEEsavR23oF.json
Step: 0 | Mode: initialize | Action: 2
Step: 1 | Mode: initialize | Action: 2
Step: 2 | Mode: initialize | Action: 2
Step: 3 | Mode: initialize | Action: 2
Step: 4 | Mode: initialize | Action: 2
Step: 5 | Mode: initialize | Action: 2
Step: 6 | Mode: initialize | Action: 2
Step: 7 | Mode: initialize | Action: 2
Step: 8 | Mode: initialize | Action: 2
Step: 9 | Mode: initialize | Action: 2
Step: 10 | Mode: initialize | Action: 2
Step: 11 | Mode: initialize | Action: 2
Cheapest frontier cost: 5.00m
Step: 12 | Mode: explore | Action: 1
Cheapest frontier cost: 5.10m
Step: 13 | Mode: explore | Action: 2
Sticking to last point.
Cheapest frontier cost: 5.10m
Step: 14 | Mode: explore | Action: 2
Sticking to last point.
Cheapest frontier cost: 5.10m
Step: 15 | Mode: explore | Action: 1
Sticking to last point.
Cheapest frontier cost: 5.10m
Step: 16 | Mode: explore | Action: 2
Sticking to last point.
Cheapest frontier cost: 5.10m
Step: 17 | Mode: explore | Action: 1
Sticking to last point.
Cheapest frontier cost: 4.95m
Step: 18 | Mode: explore | Action: 1
Sticking to last point.
Cheapest frontier cost: 4.65m
Step: 19 | Mode: explore | Action: 1
Sticking to last point.
Cheapest frontier cost: 4.45m
Step: 20 | Mode: explore | Action: 1
Sticking to last point.
Cheapest frontier cost: 4.25m
Step: 21 | Mode: explore | Action: 1
Sticking to last point.
Cheapest frontier cost: 4.00m
Step: 22 | Mode: explore | Action: 1
Sticking to last point.
Cheapest frontier cost: 3.80m
Step: 23 | Mode: explore | Action: 1
Sticking to last point.
Cheapest frontier cost: 3.60m
Step: 24 | Mode: explore | Action: 1
Sticking to last point.
Cheapest frontier cost: 3.35m
Step: 25 | Mode: explore | Action: 1
Cheapest frontier cost: 3.15m
Step: 26 | Mode: explore | Action: 1
Sticking to last point.
Cheapest frontier cost: 2.90m
Step: 27 | Mode: explore | Action: 3
Sticking to last point.
Cheapest frontier cost: 2.90m
Step: 28 | Mode: explore | Action: 1
Sticking to last point.
Cheapest frontier cost: 2.50m
Step: 29 | Mode: explore | Action: 1
Sticking to last point.
Cheapest frontier cost: 2.20m
Step: 30 | Mode: explore | Action: 3
Cheapest frontier cost: 3.45m
Step: 31 | Mode: explore | Action: 2
Sticking to last point.
Cheapest frontier cost: 3.45m
Step: 32 | Mode: explore | Action: 1
Sticking to last point.
Cheapest frontier cost: 3.40m
Step: 33 | Mode: explore | Action: 2
Sticking to last point.
Cheapest frontier cost: 3.40m
Step: 34 | Mode: explore | Action: 1
Sticking to last point.
Cheapest frontier cost: 3.15m
Step: 35 | Mode: explore | Action: 1
Sticking to last point.
Cheapest frontier cost: 2.90m
Step: 36 | Mode: explore | Action: 2
Cheapest frontier cost: 3.25m
Step: 37 | Mode: explore | Action: 1
Sticking to last point.
Cheapest frontier cost: 2.75m
Step: 38 | Mode: explore | Action: 1
Sticking to last point.
Cheapest frontier cost: 2.45m
Step: 39 | Mode: explore | Action: 2
Sticking to last point.
Cheapest frontier cost: 2.40m
Step: 40 | Mode: explore | Action: 1
Sticking to last point.
Cheapest frontier cost: 2.05m
Step: 41 | Mode: explore | Action: 1
Cheapest frontier cost: 2.10m
Step: 42 | Mode: explore | Action: 1
Sticking to last point.
Cheapest frontier cost: 1.80m
Step: 43 | Mode: explore | Action: 1
Sticking to last point.
Cheapest frontier cost: 1.45m
Step: 44 | Mode: explore | Action: 1
Sticking to last point.
Cheapest frontier cost: 1.05m
Step: 45 | Mode: explore | Action: 1
Sticking to last point.
Cheapest frontier cost: 0.80m
Step: 46 | Mode: explore | Action: 1
Sticking to last point.
Cheapest frontier cost: 0.60m
Step: 47 | Mode: explore | Action: 3
Cheapest frontier cost: 1.20m
Step: 48 | Mode: explore | Action: 3
Cheapest frontier cost: 1.35m
Step: 49 | Mode: explore | Action: 1
Cheapest frontier cost: 4.30m
Step: 50 | Mode: explore | Action: 3
Sticking to last point.
Cheapest frontier cost: 4.30m
Step: 51 | Mode: explore | Action: 3
Sticking to last point.
Cheapest frontier cost: 4.30m
Step: 52 | Mode: explore | Action: 3
Sticking to last point.
Cheapest frontier cost: 4.30m
Step: 53 | Mode: explore | Action: 3
Sticking to last point.
Cheapest frontier cost: 4.30m
Step: 54 | Mode: explore | Action: 3
Sticking to last point.
Cheapest frontier cost: 4.30m
Step: 55 | Mode: explore | Action: 1
Sticking to last point.
Cheapest frontier cost: 4.30m
Step: 56 | Mode: explore | Action: 1
Sticking to last point.
Cheapest frontier cost: 4.30m
Step: 57 | Mode: explore | Action: 3
Sticking to last point.
Cheapest frontier cost: 4.30m
Step: 58 | Mode: explore | Action: 1
Sticking to last point.
Cheapest frontier cost: 4.05m
Step: 59 | Mode: explore | Action: 2
Sticking to last point.
Cheapest frontier cost: 4.05m
Step: 60 | Mode: explore | Action: 2
Sticking to last point.
Cheapest frontier cost: 4.05m
Step: 61 | Mode: explore | Action: 1
Sticking to last point.
Cheapest frontier cost: 3.85m
Step: 62 | Mode: explore | Action: 2
Sticking to last point.
Cheapest frontier cost: 3.85m
Step: 63 | Mode: explore | Action: 1
Sticking to last point.
Cheapest frontier cost: 3.60m
Step: 64 | Mode: explore | Action: 1
Sticking to last point.
Cheapest frontier cost: 3.35m
Step: 65 | Mode: explore | Action: 1
Sticking to last point.
Cheapest frontier cost: 3.10m
Step: 66 | Mode: explore | Action: 1
Sticking to last point.
Cheapest frontier cost: 2.85m
Step: 67 | Mode: explore | Action: 2
Sticking to last point.
Cheapest frontier cost: 2.85m
Step: 68 | Mode: explore | Action: 2
Sticking to last point.
Cheapest frontier cost: 2.85m
Step: 69 | Mode: explore | Action: 1
Sticking to last point.
Cheapest frontier cost: 2.55m
Step: 70 | Mode: explore | Action: 1
Sticking to last point.
Cheapest frontier cost: 2.20m
Step: 71 | Mode: explore | Action: 1
Sticking to last point.
Cheapest frontier cost: 1.85m
Step: 72 | Mode: explore | Action: 1
Sticking to last point.
Cheapest frontier cost: 1.60m
Step: 73 | Mode: explore | Action: 2
Sticking to last point.
Cheapest frontier cost: 1.60m
Step: 74 | Mode: explore | Action: 1
Sticking to last point.
Cheapest frontier cost: 1.35m
Step: 75 | Mode: explore | Action: 1
Sticking to last point.
Cheapest frontier cost: 1.15m
Step: 76 | Mode: explore | Action: 1
Sticking to last point.
Cheapest frontier cost: 0.90m
Step: 77 | Mode: explore | Action: 1
Sticking to last point.
Cheapest frontier cost: 0.70m
Step: 78 | Mode: explore | Action: 1
Sticking to last point.
Cheapest frontier cost: 0.60m
Step: 79 | Mode: explore | Action: 2
Cheapest frontier cost: 3.45m
Step: 80 | Mode: explore | Action: 3
Sticking to last point.
Cheapest frontier cost: 3.45m
Step: 81 | Mode: explore | Action: 3
Cheapest frontier cost: 3.55m
Step: 82 | Mode: explore | Action: 1
Sticking to last point.
Cheapest frontier cost: 3.30m
Step: 83 | Mode: explore | Action: 1
Sticking to last point.
Cheapest frontier cost: 2.95m
Step: 84 | Mode: explore | Action: 1
Sticking to last point.
Cheapest frontier cost: 2.75m
Step: 85 | Mode: explore | Action: 1
Sticking to last point.
Cheapest frontier cost: 2.50m
Step: 86 | Mode: explore | Action: 1
Cheapest frontier cost: 2.05m
Step: 87 | Mode: explore | Action: 1
Sticking to last point.
Cheapest frontier cost: 1.40m
Step: 88 | Mode: explore | Action: 2
Sticking to last point.
Cheapest frontier cost: 1.40m
Step: 89 | Mode: explore | Action: 3
Sticking to last point.
Cheapest frontier cost: 1.40m
Step: 90 | Mode: explore | Action: 1
Sticking to last point.
Cheapest frontier cost: 1.25m
Step: 91 | Mode: explore | Action: 2
Sticking to last point.
Cheapest frontier cost: 1.25m
Step: 92 | Mode: explore | Action: 1
Sticking to last point.
Cheapest frontier cost: 1.05m
Step: 93 | Mode: explore | Action: 1
Sticking to last point.
Cheapest frontier cost: 0.95m
Step: 94 | Mode: explore | Action: 2
Sticking to last point.
Cheapest frontier cost: 0.95m
Step: 95 | Mode: explore | Action: 1
Sticking to last point.
Cheapest frontier cost: 0.95m
Step: 96 | Mode: explore | Action: 3
Sticking to last point.
Cheapest frontier cost: 0.95m
Step: 97 | Mode: explore | Action: 1
Sticking to last point.
Cheapest frontier cost: 0.95m
Step: 98 | Mode: explore | Action: 3
Sticking to last point.
Cheapest frontier cost: 0.95m
Step: 99 | Mode: explore | Action: 1
Sticking to last point.
Cheapest frontier cost: 0.90m
Step: 100 | Mode: explore | Action: 2
Sticking to last point.
Cheapest frontier cost: 0.90m
Step: 101 | Mode: explore | Action: 2
Cheapest frontier cost: 1.35m
Step: 102 | Mode: explore | Action: 2
Cheapest frontier cost: 1.45m
Step: 103 | Mode: explore | Action: 1
Sticking to last point.
Cheapest frontier cost: 1.30m
Step: 104 | Mode: explore | Action: 3
Sticking to last point.
Cheapest frontier cost: 1.30m
Step: 105 | Mode: explore | Action: 3
Sticking to last point.
Cheapest frontier cost: 1.30m
Step: 106 | Mode: explore | Action: 1
Sticking to last point.
Cheapest frontier cost: 1.05m
Step: 107 | Mode: explore | Action: 3
Sticking to last point.
Cheapest frontier cost: 1.05m
Step: 108 | Mode: explore | Action: 1
Sticking to last point.
Cheapest frontier cost: 0.75m
Step: 109 | Mode: explore | Action: 1
Sticking to last point.
Cheapest frontier cost: 0.65m
Step: 110 | Mode: explore | Action: 2
Cheapest frontier cost: 0.70m
Step: 111 | Mode: explore | Action: 2
Cheapest frontier cost: 2.50m
Step: 112 | Mode: explore | Action: 2
Sticking to last point.
Cheapest frontier cost: 2.50m
Step: 113 | Mode: explore | Action: 2
Sticking to last point.
Cheapest frontier cost: 2.50m
Step: 114 | Mode: explore | Action: 2
Sticking to last point.
Cheapest frontier cost: 2.50m
Step: 115 | Mode: explore | Action: 2
Sticking to last point.
Cheapest frontier cost: 2.50m
Step: 116 | Mode: explore | Action: 1
Sticking to last point.
Cheapest frontier cost: 2.20m
Step: 117 | Mode: explore | Action: 3
Sticking to last point.
Cheapest frontier cost: 2.20m
[12:27:30:236613]:[Physics] PhysicsManager.cpp(54)::~PhysicsManager : Deconstructing PhysicsManager
[12:27:30:236649]:[Scene] SceneManager.h(21)::~SceneManager : Deconstructing SceneManager
[12:27:30:236652]:[Scene] SceneGraph.h(25)::~SceneGraph : Deconstructing SceneGraph
[12:27:30:236852]:[Sensor] Sensor.cpp(69)::~Sensor : Deconstructing Sensor
[12:27:30:237005]:[Sensor] Sensor.cpp(69)::~Sensor : Deconstructing Sensor
[12:27:30:237011]:[Scene] SceneGraph.h(25)::~SceneGraph : Deconstructing SceneGraph
[12:27:30:237097]:[Scene] SemanticScene.h(48)::~SemanticScene : Deconstructing SemanticScene
[12:27:30:239018]:[Gfx] Renderer.cpp(71)::~Impl : Deconstructing Renderer
[12:27:30:239036]:[Gfx] WindowlessContext.h(17)::~WindowlessContext : Deconstructing WindowlessContext
[12:27:30:241507]:[Metadata] MetadataMediator.cpp(66)::setSimulatorConfiguration : Set new simulator config for scene/stage : data/scene_datasets/hm3d/val/00802-wcojb4TFT35/wcojb4TFT35.basis.glb and dataset : ./data/scene_datasets/hm3d/hm3d_annotated_basis.scene_dataset_config.json which is currently active dataset.
Renderer: NVIDIA GeForce RTX 5060 Ti/PCIe/SSE2 by NVIDIA Corporation
OpenGL version: 4.6.0 NVIDIA 590.48.01
Using optional features:
    GL_ARB_vertex_array_object
    GL_ARB_separate_shader_objects
    GL_ARB_robustness
    GL_ARB_texture_storage
    GL_ARB_texture_view
    GL_ARB_framebuffer_no_attachments
    GL_ARB_invalidate_subdata
    GL_ARB_texture_storage_multisample
    GL_ARB_multi_bind
    GL_ARB_direct_state_access
    GL_ARB_get_texture_sub_image
    GL_ARB_texture_filter_anisotropic
    GL_KHR_debug
    GL_KHR_parallel_shader_compile
    GL_NV_depth_buffer_float
Using driver workarounds:
    no-forward-compatible-core-context
    nv-egl-incorrect-gl11-function-pointers
    no-layout-qualifiers-on-old-glsl
    nv-zero-context-profile-mask
    nv-implementation-color-read-format-dsa-broken
    nv-cubemap-inconsistent-compressed-image-size
    nv-cubemap-broken-full-compressed-image-query
    nv-compressed-block-size-in-bits
[12:27:30:243776]:[Metadata] MetadataMediator.cpp(279)::getSceneInstanceAttributesByName : No existing scene instance attributes containing name data/scene_datasets/hm3d/val/00802-wcojb4TFT35/wcojb4TFT35.basis.glb found in Dataset : ./data/scene_datasets/hm3d/hm3d_annotated_basis.scene_dataset_config.json but 1 StageAttributes found.  Using ./data/scene_datasets/hm3d/val/00802-wcojb4TFT35/wcojb4TFT35.basis.glb as stage and to construct a SceneInstanceAttributes with same name that will be added to Dataset.
[12:27:30:243814]:[Metadata] SceneDatasetAttributes.cpp(47)::addNewSceneInstanceToDataset : Dataset : 'hm3d_annotated_basis' : Stage Attributes './data/scene_datasets/hm3d/val/00802-wcojb4TFT35/wcojb4TFT35.basis.glb' specified in Scene Attributes exists in dataset library.
[12:27:30:243818]:[Metadata] SceneDatasetAttributes.cpp(90)::addNewSceneInstanceToDataset : Dataset : 'hm3d_annotated_basis' :  Lighting Layout Attributes no_lights specified in Scene Attributes exists in dataset library.
[12:27:30:243825]:[Sim] Simulator.cpp(235)::createSceneInstance : Navmesh file location in scene instance : ./data/scene_datasets/hm3d/val/00802-wcojb4TFT35/wcojb4TFT35.basis.navmesh
[12:27:30:243830]:[Sim] Simulator.cpp(240)::createSceneInstance : Loading navmesh from ./data/scene_datasets/hm3d/val/00802-wcojb4TFT35/wcojb4TFT35.basis.navmesh
[12:27:30:243916]:[Sim] Simulator.cpp(242)::createSceneInstance : Navmesh Loaded.
[12:27:30:243922]:[Scene] SceneGraph.h(85)::createDrawableGroup : Created DrawableGroup: 
[12:27:30:243928]:[Assets] ResourceManager.cpp(308)::loadSemanticSceneDescriptor : SceneInstance : data/scene_datasets/hm3d/val/00802-wcojb4TFT35/wcojb4TFT35.basis.glb proposed Semantic Scene Descriptor filename : ./data/scene_datasets/hm3d/val/00802-wcojb4TFT35/wcojb4TFT35.semantic.txt
[12:27:30:245135]:[Assets] ResourceManager.cpp(319)::loadSemanticSceneDescriptor : SSD with SceneInstanceAttributes-provided name  ./data/scene_datasets/hm3d/val/00802-wcojb4TFT35/wcojb4TFT35.semantic.txt successfully found and loaded
[12:27:30:245151]:[Assets] ResourceManager.cpp(1666)::configureImporterManagerGLExtensions : Importing Basis files as BC7.
[12:27:30:245274]:[Sim] Simulator.cpp(309)::createSceneInstance : Using scene instance-specified Light key : - no_lights -
[12:27:30:245280]:[Metadata] MetadataMediator.cpp(66)::setSimulatorConfiguration : Set new simulator config for scene/stage : data/scene_datasets/hm3d/val/00802-wcojb4TFT35/wcojb4TFT35.basis.glb and dataset : ./data/scene_datasets/hm3d/hm3d_annotated_basis.scene_dataset_config.json which is currently active dataset.
[12:27:30:245304]:[Sim] Simulator.cpp(419)::instanceStageForSceneAttributes : Start to load stage named : ./data/scene_datasets/hm3d/val/00802-wcojb4TFT35/wcojb4TFT35.basis.glb with render asset : ./data/scene_datasets/hm3d/val/00802-wcojb4TFT35/wcojb4TFT35.basis.glb and collision asset : ./data/scene_datasets/hm3d/val/00802-wcojb4TFT35/wcojb4TFT35.basis.glb
[12:27:30:245325]:[Assets] ResourceManager.cpp(702)::createStageAssetInfosFromAttributes : Frame :{"up":[0,0,1],"front":[0,1,0],"origin":[0,0,0]} for render mesh named : ./data/scene_datasets/hm3d/val/00802-wcojb4TFT35/wcojb4TFT35.basis.glb|{"up":[0,0,1],"front":[0,1,0],"origin":[0,0,0]} for semantic mesh named : ./data/scene_datasets/hm3d/val/00802-wcojb4TFT35/wcojb4TFT35.semantic.glb with type specified as semantic|Semantic Txtrs : True
[12:27:30:245330]:[Assets] ResourceManager.cpp(442)::loadStage : Loading Semantic Stage mesh : ./data/scene_datasets/hm3d/val/00802-wcojb4TFT35/wcojb4TFT35.semantic.glb
[12:27:30:245335]:[Scene] SceneGraph.h(85)::createDrawableGroup : Created DrawableGroup: 
[12:27:30:245340]:[Assets] ResourceManager.cpp(984)::loadStageInternal : Attempting to load stage ./data/scene_datasets/hm3d/val/00802-wcojb4TFT35/wcojb4TFT35.semantic.glb 
[12:27:30:245345]:[Assets] ResourceManager.cpp(863)::loadRenderAsset : Loading Semantic Mesh asset named: ./data/scene_datasets/hm3d/val/00802-wcojb4TFT35/wcojb4TFT35.semantic.glb
[12:27:30:245349]:[Assets] ResourceManager.cpp(1666)::configureImporterManagerGLExtensions : Importing Basis files as BC7.
[12:27:32:586605]:[Assets] ResourceManager.cpp(2105)::loadMaterials : Building 65 materials for asset named 'wcojb4TFT35.semantic.glb' : 
[12:27:32:631489]:[Assets] ResourceManager.cpp(475)::loadStage : Semantic Stage mesh : ./data/scene_datasets/hm3d/val/00802-wcojb4TFT35/wcojb4TFT35.semantic.glb loaded.
[12:27:32:631515]:[Assets] ResourceManager.cpp(518)::loadStage : Start load render asset ./data/scene_datasets/hm3d/val/00802-wcojb4TFT35/wcojb4TFT35.basis.glb .
[12:27:32:631519]:[Assets] ResourceManager.cpp(984)::loadStageInternal : Attempting to load stage ./data/scene_datasets/hm3d/val/00802-wcojb4TFT35/wcojb4TFT35.basis.glb 
[12:27:32:631527]:[Assets] ResourceManager.cpp(866)::loadRenderAsset : Loading general asset named: ./data/scene_datasets/hm3d/val/00802-wcojb4TFT35/wcojb4TFT35.basis.glb
[12:27:32:631533]:[Assets] ResourceManager.cpp(1666)::configureImporterManagerGLExtensions : Importing Basis files as BC7.
[12:27:33:835819]:[Assets] ResourceManager.cpp(2105)::loadMaterials : Building 65 materials for asset named 'wcojb4TFT35.basis.glb' : 
[12:27:33:835870]:[Assets] ResourceManager.cpp(2210)::loadMaterials : Idx 00:Flat.
[12:27:33:835880]:[Assets] ResourceManager.cpp(2210)::loadMaterials : Idx 01:Flat.
[12:27:33:835887]:[Assets] ResourceManager.cpp(2210)::loadMaterials : Idx 02:Flat.
[12:27:33:835893]:[Assets] ResourceManager.cpp(2210)::loadMaterials : Idx 03:Flat.
[12:27:33:835898]:[Assets] ResourceManager.cpp(2210)::loadMaterials : Idx 04:Flat.
[12:27:33:835905]:[Assets] ResourceManager.cpp(2210)::loadMaterials : Idx 05:Flat.
[12:27:33:835912]:[Assets] ResourceManager.cpp(2210)::loadMaterials : Idx 06:Flat.
[12:27:33:835917]:[Assets] ResourceManager.cpp(2210)::loadMaterials : Idx 07:Flat.
[12:27:33:835923]:[Assets] ResourceManager.cpp(2210)::loadMaterials : Idx 08:Flat.
[12:27:33:835928]:[Assets] ResourceManager.cpp(2210)::loadMaterials : Idx 09:Flat.
[12:27:33:835934]:[Assets] ResourceManager.cpp(2210)::loadMaterials : Idx 10:Flat.
[12:27:33:835941]:[Assets] ResourceManager.cpp(2210)::loadMaterials : Idx 11:Flat.
[12:27:33:835946]:[Assets] ResourceManager.cpp(2210)::loadMaterials : Idx 12:Flat.
[12:27:33:835951]:[Assets] ResourceManager.cpp(2210)::loadMaterials : Idx 13:Flat.
[12:27:33:835958]:[Assets] ResourceManager.cpp(2210)::loadMaterials : Idx 14:Flat.
[12:27:33:835964]:[Assets] ResourceManager.cpp(2210)::loadMaterials : Idx 15:Flat.
[12:27:33:835971]:[Assets] ResourceManager.cpp(2210)::loadMaterials : Idx 16:Flat.
[12:27:33:835976]:[Assets] ResourceManager.cpp(2210)::loadMaterials : Idx 17:Flat.
[12:27:33:835982]:[Assets] ResourceManager.cpp(2210)::loadMaterials : Idx 18:Flat.
[12:27:33:835989]:[Assets] ResourceManager.cpp(2210)::loadMaterials : Idx 19:Flat.
[12:27:33:835995]:[Assets] ResourceManager.cpp(2210)::loadMaterials : Idx 20:Flat.
[12:27:33:836001]:[Assets] ResourceManager.cpp(2210)::loadMaterials : Idx 21:Flat.
[12:27:33:836006]:[Assets] ResourceManager.cpp(2210)::loadMaterials : Idx 22:Flat.
[12:27:33:836012]:[Assets] ResourceManager.cpp(2210)::loadMaterials : Idx 23:Flat.
[12:27:33:836018]:[Assets] ResourceManager.cpp(2210)::loadMaterials : Idx 24:Flat.
[12:27:33:836024]:[Assets] ResourceManager.cpp(2210)::loadMaterials : Idx 25:Flat.
[12:27:33:836029]:[Assets] ResourceManager.cpp(2210)::loadMaterials : Idx 26:Flat.
[12:27:33:836036]:[Assets] ResourceManager.cpp(2210)::loadMaterials : Idx 27:Flat.
[12:27:33:836042]:[Assets] ResourceManager.cpp(2210)::loadMaterials : Idx 28:Flat.
[12:27:33:836047]:[Assets] ResourceManager.cpp(2210)::loadMaterials : Idx 29:Flat.
[12:27:33:836053]:[Assets] ResourceManager.cpp(2210)::loadMaterials : Idx 30:Flat.
[12:27:33:836059]:[Assets] ResourceManager.cpp(2210)::loadMaterials : Idx 31:Flat.
[12:27:33:836065]:[Assets] ResourceManager.cpp(2210)::loadMaterials : Idx 32:Flat.
[12:27:33:836071]:[Assets] ResourceManager.cpp(2210)::loadMaterials : Idx 33:Flat.
[12:27:33:836078]:[Assets] ResourceManager.cpp(2210)::loadMaterials : Idx 34:Flat.
[12:27:33:836082]:[Assets] ResourceManager.cpp(2210)::loadMaterials : Idx 35:Flat.
[12:27:33:836087]:[Assets] ResourceManager.cpp(2210)::loadMaterials : Idx 36:Flat.
[12:27:33:836091]:[Assets] ResourceManager.cpp(2210)::loadMaterials : Idx 37:Flat.
[12:27:33:836095]:[Assets] ResourceManager.cpp(2210)::loadMaterials : Idx 38:Flat.
[12:27:33:836099]:[Assets] ResourceManager.cpp(2210)::loadMaterials : Idx 39:Flat.
[12:27:33:836103]:[Assets] ResourceManager.cpp(2210)::loadMaterials : Idx 40:Flat.
[12:27:33:836108]:[Assets] ResourceManager.cpp(2210)::loadMaterials : Idx 41:Flat.
[12:27:33:836115]:[Assets] ResourceManager.cpp(2210)::loadMaterials : Idx 42:Flat.
[12:27:33:836120]:[Assets] ResourceManager.cpp(2210)::loadMaterials : Idx 43:Flat.
[12:27:33:836124]:[Assets] ResourceManager.cpp(2210)::loadMaterials : Idx 44:Flat.
[12:27:33:836128]:[Assets] ResourceManager.cpp(2210)::loadMaterials : Idx 45:Flat.
[12:27:33:836132]:[Assets] ResourceManager.cpp(2210)::loadMaterials : Idx 46:Flat.
[12:27:33:836137]:[Assets] ResourceManager.cpp(2210)::loadMaterials : Idx 47:Flat.
[12:27:33:836141]:[Assets] ResourceManager.cpp(2210)::loadMaterials : Idx 48:Flat.
[12:27:33:836146]:[Assets] ResourceManager.cpp(2210)::loadMaterials : Idx 49:Flat.
[12:27:33:836152]:[Assets] ResourceManager.cpp(2210)::loadMaterials : Idx 50:Flat.
[12:27:33:836157]:[Assets] ResourceManager.cpp(2210)::loadMaterials : Idx 51:Flat.
[12:27:33:836162]:[Assets] ResourceManager.cpp(2210)::loadMaterials : Idx 52:Flat.
[12:27:33:836166]:[Assets] ResourceManager.cpp(2210)::loadMaterials : Idx 53:Flat.
[12:27:33:836170]:[Assets] ResourceManager.cpp(2210)::loadMaterials : Idx 54:Flat.
[12:27:33:836175]:[Assets] ResourceManager.cpp(2210)::loadMaterials : Idx 55:Flat.
[12:27:33:836179]:[Assets] ResourceManager.cpp(2210)::loadMaterials : Idx 56:Flat.
[12:27:33:836183]:[Assets] ResourceManager.cpp(2210)::loadMaterials : Idx 57:Flat.
[12:27:33:836188]:[Assets] ResourceManager.cpp(2210)::loadMaterials : Idx 58:Flat.
[12:27:33:836192]:[Assets] ResourceManager.cpp(2210)::loadMaterials : Idx 59:Flat.
[12:27:33:836204]:[Assets] ResourceManager.cpp(2210)::loadMaterials : Idx 60:Flat.
[12:27:33:836209]:[Assets] ResourceManager.cpp(2210)::loadMaterials : Idx 61:Flat.
[12:27:33:836215]:[Assets] ResourceManager.cpp(2210)::loadMaterials : Idx 62:Flat.
[12:27:33:836221]:[Assets] ResourceManager.cpp(2210)::loadMaterials : Idx 63:Flat.
[12:27:33:836227]:[Assets] ResourceManager.cpp(2210)::loadMaterials : Idx 64:Flat.
[12:27:33:911559]:[Sim] Simulator.cpp(446)::instanceStageForSceneAttributes : Successfully loaded stage named : ./data/scene_datasets/hm3d/val/00802-wcojb4TFT35/wcojb4TFT35.basis.glb
[12:27:33:911599]:[Sim] Simulator.cpp(203)::reconfigure : CreateSceneInstance success == true for active scene name : data/scene_datasets/hm3d/val/00802-wcojb4TFT35/wcojb4TFT35.basis.glb  with renderer.
[12:27:33:921117]:[Nav] PathFinder.cpp(571)::build : Building navmesh with 215 x 415 cells
[12:27:34:029873]:[Nav] PathFinder.cpp(845)::build : Created navmesh with 571 vertices 289 polygons
[12:27:34:029939]:[Sim] Simulator.cpp(908)::recomputeNavMesh : reconstruct navmesh successful
 50%|█████     | 15/30 [07:04<07:04, 28.31s/it]Step: 118 | Mode: explore | Action: 1
Sticking to last point.
Cheapest frontier cost: 2.00m
Step: 119 | Mode: explore | Action: 3
Sticking to last point.
Cheapest frontier cost: 2.00m
Step: 120 | Mode: explore | Action: 1
Sticking to last point.
Cheapest frontier cost: 1.75m
Step: 121 | Mode: explore | Action: 1
Sticking to last point.
Cheapest frontier cost: 1.45m
Step: 122 | Mode: explore | Action: 3
Sticking to last point.
Cheapest frontier cost: 1.45m
Step: 123 | Mode: explore | Action: 1
Step: 124 | Mode: navigate | Action: 1
Step: 125 | Mode: navigate | Action: 3
Step: 126 | Mode: navigate | Action: 1
Step: 127 | Mode: navigate | Action: 1
Step: 128 | Mode: navigate | Action: 2
Step: 129 | Mode: navigate | Action: 1
Step: 130 | Mode: navigate | Action: 2
Step: 131 | Mode: navigate | Action: 1
Step: 132 | Mode: navigate | Action: 3
Step: 133 | Mode: navigate | Action: 3
Step: 134 | Mode: navigate | Action: 3
Step: 135 | Mode: navigate | Action: 1
Step: 136 | Mode: navigate | Action: 3
Step: 137 | Mode: navigate | Action: 1
Step: 138 | Mode: navigate | Action: 1
Step: 139 | Mode: navigate | Action: 2
Step: 140 | Mode: navigate | Action: 1
Step: 141 | Mode: navigate | Action: 1
Step: 142 | Mode: navigate | Action: 1
Step: 143 | Mode: navigate | Action: 2
Step: 144 | Mode: navigate | Action: 1
Step: 145 | Mode: navigate | Action: 1
Step: 146 | Mode: navigate | Action: 0
Success rate: 40.00% (6 out of 15)
Logging episode 0013 to results/pilot/greedy_frontier_jsons/13_TEEsavR23oF.json
Step: 0 | Mode: initialize | Action: 2
Step: 1 | Mode: initialize | Action: 2
Step: 2 | Mode: initialize | Action: 2
Step: 3 | Mode: initialize | Action: 2
Step: 4 | Mode: initialize | Action: 2
Step: 5 | Mode: initialize | Action: 2
Step: 6 | Mode: initialize | Action: 2
Step: 7 | Mode: initialize | Action: 2
Step: 8 | Mode: initialize | Action: 2
Step: 9 | Mode: initialize | Action: 2
Step: 10 | Mode: initialize | Action: 2
Step: 11 | Mode: initialize | Action: 2
Cheapest frontier cost: 2.95m
Step: 12 | Mode: explore | Action: 2
Sticking to last point.
Cheapest frontier cost: 2.95m
Step: 13 | Mode: explore | Action: 1
Sticking to last point.
Cheapest frontier cost: 2.55m
Step: 14 | Mode: explore | Action: 1
Cheapest frontier cost: 2.40m
Step: 15 | Mode: explore | Action: 1
Sticking to last point.
Cheapest frontier cost: 2.10m
Step: 16 | Mode: explore | Action: 2
Sticking to last point.
Cheapest frontier cost: 2.10m
Step: 17 | Mode: explore | Action: 1
Sticking to last point.
Cheapest frontier cost: 1.75m
Step: 18 | Mode: explore | Action: 1
Sticking to last point.
Cheapest frontier cost: 1.30m
Step: 19 | Mode: explore | Action: 3
Sticking to last point.
Cheapest frontier cost: 1.30m
Step: 20 | Mode: explore | Action: 1
Sticking to last point.
Cheapest frontier cost: 1.05m
Step: 21 | Mode: explore | Action: 1
Sticking to last point.
Cheapest frontier cost: 0.85m
Step: 22 | Mode: explore | Action: 3
Sticking to last point.
Cheapest frontier cost: 0.85m
Step: 23 | Mode: explore | Action: 1
Sticking to last point.
Cheapest frontier cost: 0.75m
Step: 24 | Mode: explore | Action: 1
Sticking to last point.
Cheapest frontier cost: 0.75m
Step: 25 | Mode: explore | Action: 2
Sticking to last point.
Cheapest frontier cost: 0.75m
Step: 26 | Mode: explore | Action: 1
Sticking to last point.
Cheapest frontier cost: 0.65m
Step: 27 | Mode: explore | Action: 3
Cheapest frontier cost: 1.60m
Step: 28 | Mode: explore | Action: 2
Sticking to last point.
Cheapest frontier cost: 1.60m
Step: 29 | Mode: explore | Action: 1
Sticking to last point.
Cheapest frontier cost: 1.30m
Step: 30 | Mode: explore | Action: 1
Sticking to last point.
Cheapest frontier cost: 1.00m
Step: 31 | Mode: explore | Action: 2
Cheapest frontier cost: 1.05m
Step: 32 | Mode: explore | Action: 2
Sticking to last point.
Cheapest frontier cost: 1.05m
Step: 33 | Mode: explore | Action: 3
Sticking to last point.
Cheapest frontier cost: 1.05m
Step: 34 | Mode: explore | Action: 1
Sticking to last point.
Cheapest frontier cost: 0.80m
Step: 35 | Mode: explore | Action: 2
Sticking to last point.
Cheapest frontier cost: 0.80m
Step: 36 | Mode: explore | Action: 1
Sticking to last point.
Cheapest frontier cost: 0.65m
Step: 37 | Mode: explore | Action: 2
Sticking to last point.
Cheapest frontier cost: 0.65m
Step: 38 | Mode: explore | Action: 1
Sticking to last point.
Cheapest frontier cost: 0.65m
Step: 39 | Mode: explore | Action: 3
Sticking to last point.
Cheapest frontier cost: 0.65m
Step: 40 | Mode: explore | Action: 3
Cheapest frontier cost: 0.70m
Step: 41 | Mode: explore | Action: 1
Sticking to last point.
Cheapest frontier cost: 0.65m
Step: 42 | Mode: explore | Action: 2
Sticking to last point.
Cheapest frontier cost: 0.65m
Step: 43 | Mode: explore | Action: 2
Cheapest frontier cost: 2.05m
Step: 44 | Mode: explore | Action: 2
Sticking to last point.
Cheapest frontier cost: 2.05m
Step: 45 | Mode: explore | Action: 1
Sticking to last point.
Cheapest frontier cost: 1.65m
Step: 46 | Mode: explore | Action: 1
Sticking to last point.
Cheapest frontier cost: 1.35m
Step: 47 | Mode: explore | Action: 1
Sticking to last point.
Cheapest frontier cost: 1.35m
Step: 48 | Mode: explore | Action: 3
Cheapest frontier cost: 1.45m
Step: 49 | Mode: explore | Action: 3
Cheapest frontier cost: 1.50m
Step: 50 | Mode: explore | Action: 3
Sticking to last point.
Cheapest frontier cost: 1.50m
Step: 51 | Mode: explore | Action: 2
Sticking to last point.
Cheapest frontier cost: 1.50m
Step: 52 | Mode: explore | Action: 2
Sticking to last point.
Cheapest frontier cost: 1.50m
Step: 53 | Mode: explore | Action: 1
Sticking to last point.
Cheapest frontier cost: 1.40m
Step: 54 | Mode: explore | Action: 3
Sticking to last point.
Cheapest frontier cost: 1.40m
Step: 55 | Mode: explore | Action: 3
Cheapest frontier cost: 1.45m
Step: 56 | Mode: explore | Action: 1
Cheapest frontier cost: 3.35m
Step: 57 | Mode: explore | Action: 3
Sticking to last point.
Cheapest frontier cost: 3.35m
Step: 58 | Mode: explore | Action: 3
Sticking to last point.
Cheapest frontier cost: 3.35m
Step: 59 | Mode: explore | Action: 3
Sticking to last point.
Cheapest frontier cost: 3.35m
Step: 60 | Mode: explore | Action: 3
Sticking to last point.
Cheapest frontier cost: 3.35m
Step: 61 | Mode: explore | Action: 1
Sticking to last point.
Cheapest frontier cost: 3.35m
Step: 62 | Mode: explore | Action: 2
Sticking to last point.
Cheapest frontier cost: 3.35m
Step: 63 | Mode: explore | Action: 1
Sticking to last point.
Cheapest frontier cost: 3.20m
Step: 64 | Mode: explore | Action: 3
Sticking to last point.
Cheapest frontier cost: 3.20m
Step: 65 | Mode: explore | Action: 1
Sticking to last point.
Cheapest frontier cost: 2.90m
Step: 66 | Mode: explore | Action: 3
Sticking to last point.
Cheapest frontier cost: 2.90m
Step: 67 | Mode: explore | Action: 1
Sticking to last point.
Cheapest frontier cost: 2.65m
Step: 68 | Mode: explore | Action: 1
Sticking to last point.
Cheapest frontier cost: 2.65m
Step: 69 | Mode: explore | Action: 2
Sticking to last point.
Cheapest frontier cost: 2.65m
Step: 70 | Mode: explore | Action: 1
Sticking to last point.
Cheapest frontier cost: 2.65m
Step: 71 | Mode: explore | Action: 2
Sticking to last point.
Cheapest frontier cost: 2.65m
Step: 72 | Mode: explore | Action: 1
Cheapest frontier cost: 2.75m
Step: 73 | Mode: explore | Action: 3
Sticking to last point.
Cheapest frontier cost: 2.75m
Step: 74 | Mode: explore | Action: 3
Sticking to last point.
Cheapest frontier cost: 2.75m
Step: 75 | Mode: explore | Action: 3
Sticking to last point.
Cheapest frontier cost: 2.75m
Step: 76 | Mode: explore | Action: 1
Sticking to last point.
Cheapest frontier cost: 2.75m
Step: 77 | Mode: explore | Action: 3
Sticking to last point.
Cheapest frontier cost: 2.75m
Step: 78 | Mode: explore | Action: 1
Sticking to last point.
Cheapest frontier cost: 2.40m
Step: 79 | Mode: explore | Action: 2
Sticking to last point.
Cheapest frontier cost: 2.40m
Step: 80 | Mode: explore | Action: 1
Sticking to last point.
Cheapest frontier cost: 2.40m
Step: 81 | Mode: explore | Action: 2
Sticking to last point.
Cheapest frontier cost: 2.40m
Step: 82 | Mode: explore | Action: 1
Sticking to last point.
Cheapest frontier cost: 2.25m
Step: 83 | Mode: explore | Action: 3
Sticking to last point.
Cheapest frontier cost: 2.25m
Step: 84 | Mode: explore | Action: 1
Sticking to last point.
Cheapest frontier cost: 2.25m
Step: 85 | Mode: explore | Action: 3
Sticking to last point.
Cheapest frontier cost: 2.25m
Step: 86 | Mode: explore | Action: 1
Sticking to last point.
Cheapest frontier cost: 2.10m
Step: 87 | Mode: explore | Action: 2
Sticking to last point.
Cheapest frontier cost: 2.10m
Step: 88 | Mode: explore | Action: 2
Cheapest frontier cost: 1.70m
Step: 89 | Mode: explore | Action: 2
Sticking to last point.
Cheapest frontier cost: 1.70m
Step: 90 | Mode: explore | Action: 3
Sticking to last point.
Cheapest frontier cost: 1.70m
Step: 91 | Mode: explore | Action: 1
Sticking to last point.
Cheapest frontier cost: 1.45m
Step: 92 | Mode: explore | Action: 2
Sticking to last point.
Cheapest frontier cost: 1.45m
Step: 93 | Mode: explore | Action: 1
Sticking to last point.
Cheapest frontier cost: 1.20m
Step: 94 | Mode: explore | Action: 1
Cheapest frontier cost: 1.25m
Step: 95 | Mode: explore | Action: 1
Sticking to last point.
Cheapest frontier cost: 1.15m
Step: 96 | Mode: explore | Action: 3
Cheapest frontier cost: 1.50m
Step: 97 | Mode: explore | Action: 3
Cheapest frontier cost: 3.05m
Step: 98 | Mode: explore | Action: 2
Sticking to last point.
Cheapest frontier cost: 3.05m
Step: 99 | Mode: explore | Action: 2
Sticking to last point.
Cheapest frontier cost: 3.05m
Step: 100 | Mode: explore | Action: 1
Sticking to last point.
Cheapest frontier cost: 2.70m
Step: 101 | Mode: explore | Action: 2
Sticking to last point.
Cheapest frontier cost: 2.70m
Step: 102 | Mode: explore | Action: 1
Sticking to last point.
Cheapest frontier cost: 2.35m
Step: 103 | Mode: explore | Action: 1
Sticking to last point.
Cheapest frontier cost: 2.00m
Step: 104 | Mode: explore | Action: 1
Sticking to last point.
Cheapest frontier cost: 1.60m
Step: 105 | Mode: explore | Action: 1
Sticking to last point.
Cheapest frontier cost: 1.30m
Step: 106 | Mode: explore | Action: 3
Cheapest frontier cost: 1.40m
Step: 107 | Mode: explore | Action: 1
Sticking to last point.
Cheapest frontier cost: 1.35m
Step: 108 | Mode: explore | Action: 1
Sticking to last point.
Cheapest frontier cost: 1.20m
Step: 109 | Mode: explore | Action: 3
Cheapest frontier cost: 0.90m
Step: 110 | Mode: explore | Action: 1
Sticking to last point.
Cheapest frontier cost: 0.75m
Step: 111 | Mode: explore | Action: 2
Sticking to last point.
Cheapest frontier cost: 0.75m
Step: 112 | Mode: explore | Action: 2
Cheapest frontier cost: 1.00m
Step: 113 | Mode: explore | Action: 2
Cheapest frontier cost: 1.10m
Step: 114 | Mode: explore | Action: 1
Sticking to last point.
Cheapest frontier cost: 0.85m
Step: 115 | Mode: explore | Action: 1
Cheapest frontier cost: 1.35m
Step: 116 | Mode: explore | Action: 2
Sticking to last point.
Cheapest frontier cost: 1.35m
Step: 117 | Mode: explore | Action: 1
Sticking to last point.
Cheapest frontier cost: 1.25m
Step: 118 | Mode: explore | Action: 1
Sticking to last point.
Cheapest frontier cost: 1.25m
Step: 119 | Mode: explore | Action: 1
Sticking to last point.
Cheapest frontier cost: 1.25m
Step: 120 | Mode: explore | Action: 1
Sticking to last point.
Cheapest frontier cost: 1.25m
Step: 121 | Mode: explore | Action: 3
Sticking to last point.
Cheapest frontier cost: 1.25m
Step: 122 | Mode: explore | Action: 1
Sticking to last point.
Cheapest frontier cost: 1.00m
Step: 123 | Mode: explore | Action: 2
Sticking to last point.
Cheapest frontier cost: 0.50m
Step: 124 | Mode: explore | Action: 1
Sticking to last point.
Cheapest frontier cost: 0.50m
Step: 125 | Mode: explore | Action: 2
Cheapest frontier cost: 2.70m
Step: 126 | Mode: explore | Action: 3
Sticking to last point.
Cheapest frontier cost: 2.70m
Step: 127 | Mode: explore | Action: 3
Sticking to last point.
Cheapest frontier cost: 2.70m
Step: 128 | Mode: explore | Action: 3
Sticking to last point.
Cheapest frontier cost: 2.70m
Step: 129 | Mode: explore | Action: 3
Sticking to last point.
Cheapest frontier cost: 2.70m
Step: 130 | Mode: explore | Action: 3
Sticking to last point.
Cheapest frontier cost: 2.70m
Step: 131 | Mode: explore | Action: 3
Sticking to last point.
Cheapest frontier cost: 2.70m
Step: 132 | Mode: explore | Action: 3
Sticking to last point.
Cheapest frontier cost: 2.70m
Step: 133 | Mode: explore | Action: 1
Sticking to last point.
Cheapest frontier cost: 2.35m
Step: 134 | Mode: explore | Action: 2
Sticking to last point.
Cheapest frontier cost: 2.35m
Step: 135 | Mode: explore | Action: 1
Sticking to last point.
Cheapest frontier cost: 2.30m
Step: 136 | Mode: explore | Action: 2
Sticking to last point.
Cheapest frontier cost: 2.25m
Step: 137 | Mode: explore | Action: 1
Sticking to last point.
Cheapest frontier cost: 2.00m
Step: 138 | Mode: explore | Action: 2
Sticking to last point.
Cheapest frontier cost: 2.00m
Step: 139 | Mode: explore | Action: 1
Sticking to last point.
Cheapest frontier cost: 1.65m
Step: 140 | Mode: explore | Action: 1
Sticking to last point.
Cheapest frontier cost: 1.30m
Step: 141 | Mode: explore | Action: 1
Sticking to last point.
Cheapest frontier cost: 0.95m
Step: 142 | Mode: explore | Action: 1
Sticking to last point.
Cheapest frontier cost: 0.85m
Step: 143 | Mode: explore | Action: 1
Sticking to last point.
Cheapest frontier cost: 0.65m
Step: 144 | Mode: explore | Action: 3
Cheapest frontier cost: 1.45m
Step: 145 | Mode: explore | Action: 1
Sticking to last point.
Cheapest frontier cost: 1.20m
Step: 146 | Mode: explore | Action: 3
Cheapest frontier cost: 1.80m
Step: 147 | Mode: explore | Action: 1
Sticking to last point.
Cheapest frontier cost: 1.45m
Step: 148 | Mode: explore | Action: 1
Cheapest frontier cost: 2.50m
Step: 149 | Mode: explore | Action: 1
Cheapest frontier cost: 2.65m
Step: 150 | Mode: explore | Action: 2
Sticking to last point.
Cheapest frontier cost: 2.65m
Step: 151 | Mode: explore | Action: 1
Sticking to last point.
Cheapest frontier cost: 2.45m
Step: 152 | Mode: explore | Action: 2
Cheapest frontier cost: 2.80m
Step: 153 | Mode: explore | Action: 3
Sticking to last point.
Cheapest frontier cost: 2.80m
Step: 154 | Mode: explore | Action: 1
Sticking to last point.
Cheapest frontier cost: 2.80m
Step: 155 | Mode: explore | Action: 3
Sticking to last point.
Cheapest frontier cost: 2.80m
Step: 156 | Mode: explore | Action: 1
Sticking to last point.
Cheapest frontier cost: 2.50m
Step: 157 | Mode: explore | Action: 2
Sticking to last point.
Cheapest frontier cost: 2.50m
Step: 158 | Mode: explore | Action: 1
Sticking to last point.
Cheapest frontier cost: 2.30m
Step: 159 | Mode: explore | Action: 1
Sticking to last point.
Cheapest frontier cost: 2.05m
Step: 160 | Mode: explore | Action: 3
Cheapest frontier cost: 2.40m
Step: 161 | Mode: explore | Action: 1
Cheapest frontier cost: 4.30m
Step: 162 | Mode: explore | Action: 2
Sticking to last point.
Cheapest frontier cost: 4.30m
Step: 163 | Mode: explore | Action: 2
Sticking to last point.
Cheapest frontier cost: 4.30m
Step: 164 | Mode: explore | Action: 2
Sticking to last point.
Cheapest frontier cost: 4.30m
Step: 165 | Mode: explore | Action: 2
Sticking to last point.
Cheapest frontier cost: 4.30m
Step: 166 | Mode: explore | Action: 2
Sticking to last point.
Cheapest frontier cost: 4.30m
Step: 167 | Mode: explore | Action: 2
Sticking to last point.
Cheapest frontier cost: 4.30m
Step: 168 | Mode: explore | Action: 1
Sticking to last point.
Cheapest frontier cost: 3.90m
Step: 169 | Mode: explore | Action: 2
Sticking to last point.
Cheapest frontier cost: 3.90m
Step: 170 | Mode: explore | Action: 1
Sticking to last point.
Cheapest frontier cost: 3.65m
Step: 171 | Mode: explore | Action: 1
Sticking to last point.
Cheapest frontier cost: 3.40m
Step: 172 | Mode: explore | Action: 1
Sticking to last point.
Cheapest frontier cost: 3.15m
Step: 173 | Mode: explore | Action: 3
Sticking to last point.
Cheapest frontier cost: 3.15m
Step: 174 | Mode: explore | Action: 1
Sticking to last point.
Cheapest frontier cost: 2.85m
Step: 175 | Mode: explore | Action: 1
Sticking to last point.
Cheapest frontier cost: 2.50m
 53%|█████▎    | 16/30 [07:53<08:04, 34.58s/it]Step: 176 | Mode: explore | Action: 1
Sticking to last point.
Cheapest frontier cost: 2.25m
Step: 177 | Mode: explore | Action: 3
Sticking to last point.
Cheapest frontier cost: 2.25m
Step: 178 | Mode: explore | Action: 1
Sticking to last point.
Cheapest frontier cost: 2.10m
Step: 179 | Mode: explore | Action: 3
Sticking to last point.
Cheapest frontier cost: 2.10m
Step: 180 | Mode: explore | Action: 1
Sticking to last point.
Cheapest frontier cost: 1.90m
Step: 181 | Mode: explore | Action: 3
Sticking to last point.
Cheapest frontier cost: 1.90m
Step: 182 | Mode: explore | Action: 1
Sticking to last point.
Cheapest frontier cost: 1.60m
Step: 183 | Mode: explore | Action: 1
Sticking to last point.
Cheapest frontier cost: 1.20m
Step: 184 | Mode: explore | Action: 1
Sticking to last point.
Cheapest frontier cost: 1.05m
Step: 185 | Mode: explore | Action: 3
Sticking to last point.
Cheapest frontier cost: 1.05m
Step: 186 | Mode: explore | Action: 1
Sticking to last point.
Cheapest frontier cost: 0.80m
Step: 187 | Mode: explore | Action: 1
Sticking to last point.
Cheapest frontier cost: 0.65m
Step: 188 | Mode: explore | Action: 3
Cheapest frontier cost: 0.70m
Step: 189 | Mode: explore | Action: 1
Sticking to last point.
Cheapest frontier cost: 0.45m
Step: 190 | Mode: explore | Action: 3
Cheapest frontier cost: 0.80m
Step: 191 | Mode: explore | Action: 2
Sticking to last point.
Cheapest frontier cost: 0.80m
Step: 192 | Mode: explore | Action: 3
Sticking to last point.
Cheapest frontier cost: 0.80m
Step: 193 | Mode: explore | Action: 3
Sticking to last point.
Cheapest frontier cost: 0.80m
Step: 194 | Mode: explore | Action: 1
Sticking to last point.
Cheapest frontier cost: 0.50m
Step: 195 | Mode: explore | Action: 2
Cheapest frontier cost: 1.80m
Step: 196 | Mode: explore | Action: 3
Sticking to last point.
Cheapest frontier cost: 1.80m
Step: 197 | Mode: explore | Action: 3
Sticking to last point.
Cheapest frontier cost: 1.80m
Step: 198 | Mode: explore | Action: 3
Sticking to last point.
Cheapest frontier cost: 1.80m
Step: 199 | Mode: explore | Action: 2
Sticking to last point.
Cheapest frontier cost: 1.80m
Step: 200 | Mode: explore | Action: 1
Sticking to last point.
Cheapest frontier cost: 1.80m
Step: 201 | Mode: explore | Action: 2
Sticking to last point.
Cheapest frontier cost: 1.80m
Step: 202 | Mode: explore | Action: 1
Sticking to last point.
Cheapest frontier cost: 1.80m
Step: 203 | Mode: explore | Action: 2
Sticking to last point.
Cheapest frontier cost: 1.80m
Step: 204 | Mode: explore | Action: 1
Cheapest frontier cost: 2.10m
Step: 205 | Mode: explore | Action: 3
Sticking to last point.
Cheapest frontier cost: 2.10m
Step: 206 | Mode: explore | Action: 3
Sticking to last point.
Cheapest frontier cost: 2.10m
Step: 207 | Mode: explore | Action: 3
Sticking to last point.
Cheapest frontier cost: 2.10m
Step: 208 | Mode: explore | Action: 3
Sticking to last point.
Cheapest frontier cost: 2.10m
Step: 209 | Mode: explore | Action: 3
Sticking to last point.
Cheapest frontier cost: 2.10m
Step: 210 | Mode: explore | Action: 3
Step: 211 | Mode: navigate | Action: 1
Step: 212 | Mode: navigate | Action: 3
Step: 213 | Mode: navigate | Action: 1
Step: 214 | Mode: navigate | Action: 1
Step: 215 | Mode: navigate | Action: 2
Step: 216 | Mode: navigate | Action: 1
Step: 217 | Mode: navigate | Action: 1
Step: 218 | Mode: navigate | Action: 0
Success rate: 43.75% (7 out of 16)
Logging episode 0008 to results/pilot/greedy_frontier_jsons/8_wcojb4TFT35.json
Step: 0 | Mode: initialize | Action: 2
Step: 1 | Mode: initialize | Action: 2
Step: 2 | Mode: initialize | Action: 2
Step: 3 | Mode: initialize | Action: 2
Step: 4 | Mode: initialize | Action: 2
Step: 5 | Mode: initialize | Action: 2
Step: 6 | Mode: initialize | Action: 2
Step: 7 | Mode: initialize | Action: 2
Step: 8 | Mode: initialize | Action: 2
Step: 9 | Mode: initialize | Action: 2
Step: 10 | Mode: initialize | Action: 2
Step: 11 | Mode: initialize | Action: 2
Cheapest frontier cost: 1.05m
Step: 12 | Mode: explore | Action: 2
Sticking to last point.
Cheapest frontier cost: 1.05m
Step: 13 | Mode: explore | Action: 2
Sticking to last point.
Cheapest frontier cost: 1.05m
Step: 14 | Mode: explore | Action: 2
Sticking to last point.
Cheapest frontier cost: 1.05m
Step: 15 | Mode: explore | Action: 2
Sticking to last point.
Cheapest frontier cost: 1.05m
Step: 16 | Mode: explore | Action: 2
Sticking to last point.
Cheapest frontier cost: 1.05m
Step: 17 | Mode: explore | Action: 1
Sticking to last point.
Cheapest frontier cost: 0.95m
Step: 18 | Mode: explore | Action: 3
Sticking to last point.
Cheapest frontier cost: 0.95m
Step: 19 | Mode: explore | Action: 3
Sticking to last point.
Cheapest frontier cost: 0.95m
Step: 20 | Mode: explore | Action: 2
Sticking to last point.
Cheapest frontier cost: 0.95m
Step: 21 | Mode: explore | Action: 1
Sticking to last point.
Cheapest frontier cost: 0.95m
Step: 22 | Mode: explore | Action: 3
Sticking to last point.
Cheapest frontier cost: 0.95m
Step: 23 | Mode: explore | Action: 1
Sticking to last point.
Cheapest frontier cost: 0.95m
Step: 24 | Mode: explore | Action: 3
Sticking to last point.
Cheapest frontier cost: 0.95m
Step: 25 | Mode: explore | Action: 1
Sticking to last point.
Cheapest frontier cost: 0.95m
Step: 26 | Mode: explore | Action: 2
Sticking to last point.
Cheapest frontier cost: 0.95m
Step: 27 | Mode: explore | Action: 2
Sticking to last point.
Cheapest frontier cost: 0.95m
Step: 28 | Mode: explore | Action: 1
Sticking to last point.
Cheapest frontier cost: 0.95m
Step: 29 | Mode: explore | Action: 2
Sticking to last point.
Cheapest frontier cost: 0.95m
Step: 30 | Mode: explore | Action: 1
Sticking to last point.
Cheapest frontier cost: 0.95m
Step: 31 | Mode: explore | Action: 2
Sticking to last point.
Cheapest frontier cost: 0.95m
Step: 32 | Mode: explore | Action: 1
Cheapest frontier cost: 1.15m
Step: 33 | Mode: explore | Action: 3
Sticking to last point.
Cheapest frontier cost: 1.15m
Step: 34 | Mode: explore | Action: 3
Sticking to last point.
Cheapest frontier cost: 1.15m
Step: 35 | Mode: explore | Action: 3
Cheapest frontier cost: 1.25m
Step: 36 | Mode: explore | Action: 3
Sticking to last point.
Cheapest frontier cost: 1.25m
Step: 37 | Mode: explore | Action: 1
Sticking to last point.
Cheapest frontier cost: 1.05m
Step: 38 | Mode: explore | Action: 2
Sticking to last point.
Cheapest frontier cost: 1.05m
Step: 39 | Mode: explore | Action: 1
Sticking to last point.
Cheapest frontier cost: 0.85m
Step: 40 | Mode: explore | Action: 1
Sticking to last point.
Cheapest frontier cost: 0.85m
Step: 41 | Mode: explore | Action: 2
Cheapest frontier cost: 1.65m
Step: 42 | Mode: explore | Action: 2
Cheapest frontier cost: 1.80m
Step: 43 | Mode: explore | Action: 3
Sticking to last point.
Cheapest frontier cost: 1.80m
Step: 44 | Mode: explore | Action: 1
Sticking to last point.
Cheapest frontier cost: 1.50m
Step: 45 | Mode: explore | Action: 2
Sticking to last point.
Cheapest frontier cost: 1.50m
Step: 46 | Mode: explore | Action: 1
Sticking to last point.
Cheapest frontier cost: 1.15m
Step: 47 | Mode: explore | Action: 1
Sticking to last point.
Cheapest frontier cost: 0.85m
Step: 48 | Mode: explore | Action: 3
Cheapest frontier cost: 1.45m
Step: 49 | Mode: explore | Action: 3
Cheapest frontier cost: 3.05m
Step: 50 | Mode: explore | Action: 2
Sticking to last point.
Cheapest frontier cost: 3.05m
Step: 51 | Mode: explore | Action: 2
Sticking to last point.
Cheapest frontier cost: 3.05m
Step: 52 | Mode: explore | Action: 1
Sticking to last point.
Cheapest frontier cost: 2.70m
Step: 53 | Mode: explore | Action: 1
Sticking to last point.
Cheapest frontier cost: 2.45m
Step: 54 | Mode: explore | Action: 1
Sticking to last point.
Cheapest frontier cost: 2.10m
Step: 55 | Mode: explore | Action: 1
Sticking to last point.
Cheapest frontier cost: 1.80m
Step: 56 | Mode: explore | Action: 1
Sticking to last point.
Cheapest frontier cost: 1.40m
Step: 57 | Mode: explore | Action: 1
Step: 58 | Mode: navigate | Action: 1
Step: 59 | Mode: navigate | Action: 1
Step: 60 | Mode: navigate | Action: 1
Step: 61 | Mode: navigate | Action: 2
Step: 62 | Mode: navigate | Action: 1
 57%|█████▋    | 17/30 [08:10<06:22, 29.46s/it]Step: 63 | Mode: navigate | Action: 3
Step: 64 | Mode: navigate | Action: 1
Step: 65 | Mode: navigate | Action: 1
Step: 66 | Mode: navigate | Action: 1
Step: 67 | Mode: navigate | Action: 1
Step: 68 | Mode: navigate | Action: 1
Step: 69 | Mode: navigate | Action: 1
Step: 70 | Mode: navigate | Action: 1
Step: 71 | Mode: navigate | Action: 2
Step: 72 | Mode: navigate | Action: 1
Step: 73 | Mode: navigate | Action: 1
Step: 74 | Mode: navigate | Action: 3
Step: 75 | Mode: navigate | Action: 1
Step: 76 | Mode: navigate | Action: 1
Step: 77 | Mode: navigate | Action: 1
Step: 78 | Mode: navigate | Action: 0
Success rate: 47.06% (8 out of 17)
Logging episode 0007 to results/pilot/greedy_frontier_jsons/7_wcojb4TFT35.json
Step: 0 | Mode: initialize | Action: 2
Step: 1 | Mode: initialize | Action: 2
Step: 2 | Mode: initialize | Action: 2
Step: 3 | Mode: initialize | Action: 2
Step: 4 | Mode: initialize | Action: 2
Step: 5 | Mode: initialize | Action: 2
Step: 6 | Mode: initialize | Action: 2
Step: 7 | Mode: initialize | Action: 2
Step: 8 | Mode: initialize | Action: 2
Step: 9 | Mode: initialize | Action: 2
Step: 10 | Mode: initialize | Action: 2
Step: 11 | Mode: initialize | Action: 2
Cheapest frontier cost: 1.35m
Step: 12 | Mode: explore | Action: 3
Sticking to last point.
Cheapest frontier cost: 1.35m
Step: 13 | Mode: explore | Action: 1
Sticking to last point.
Cheapest frontier cost: 1.35m
Step: 14 | Mode: explore | Action: 3
Cheapest frontier cost: 1.45m
Step: 15 | Mode: explore | Action: 1
Sticking to last point.
Cheapest frontier cost: 1.35m
Step: 16 | Mode: explore | Action: 3
Cheapest frontier cost: 1.60m
Step: 17 | Mode: explore | Action: 3
Cheapest frontier cost: 1.90m
Step: 18 | Mode: explore | Action: 1
Sticking to last point.
Cheapest frontier cost: 1.55m
Step: 19 | Mode: explore | Action: 1
Sticking to last point.
Cheapest frontier cost: 1.50m
Step: 20 | Mode: explore | Action: 1
Sticking to last point.
Cheapest frontier cost: 1.20m
Step: 21 | Mode: explore | Action: 3
Cheapest frontier cost: 1.25m
Step: 22 | Mode: explore | Action: 2
Sticking to last point.
Cheapest frontier cost: 1.25m
Step: 23 | Mode: explore | Action: 1
Cheapest frontier cost: 1.50m
Step: 24 | Mode: explore | Action: 3
Cheapest frontier cost: 1.55m
Step: 25 | Mode: explore | Action: 1
Sticking to last point.
Cheapest frontier cost: 1.55m
Step: 26 | Mode: explore | Action: 1
Sticking to last point.
Cheapest frontier cost: 1.55m
Step: 27 | Mode: explore | Action: 3
Cheapest frontier cost: 1.60m
Step: 28 | Mode: explore | Action: 1
Sticking to last point.
Cheapest frontier cost: 1.40m
Step: 29 | Mode: explore | Action: 1
Sticking to last point.
Cheapest frontier cost: 1.20m
Step: 30 | Mode: explore | Action: 1
Sticking to last point.
Cheapest frontier cost: 1.05m
Step: 31 | Mode: explore | Action: 3
Sticking to last point.
Cheapest frontier cost: 1.05m
Step: 32 | Mode: explore | Action: 1
Sticking to last point.
Cheapest frontier cost: 0.80m
Step: 33 | Mode: explore | Action: 1
Cheapest frontier cost: 1.55m
Step: 34 | Mode: explore | Action: 3
Cheapest frontier cost: 2.20m
Step: 35 | Mode: explore | Action: 1
Cheapest frontier cost: 2.40m
Step: 36 | Mode: explore | Action: 1
Cheapest frontier cost: 3.35m
Step: 37 | Mode: explore | Action: 1
Cheapest frontier cost: 3.45m
Step: 38 | Mode: explore | Action: 1
Cheapest frontier cost: 3.60m
Step: 39 | Mode: explore | Action: 1
Sticking to last point.
Cheapest frontier cost: 3.20m
Step: 40 | Mode: explore | Action: 1
Sticking to last point.
Cheapest frontier cost: 2.90m
Step: 41 | Mode: explore | Action: 2
Sticking to last point.
Cheapest frontier cost: 2.90m
Step: 42 | Mode: explore | Action: 1
Sticking to last point.
Cheapest frontier cost: 2.60m
Step: 43 | Mode: explore | Action: 1
Sticking to last point.
Cheapest frontier cost: 2.45m
Step: 44 | Mode: explore | Action: 1
Sticking to last point.
Cheapest frontier cost: 2.15m
Step: 45 | Mode: explore | Action: 3
Cheapest frontier cost: 1.00m
Step: 46 | Mode: explore | Action: 1
Cheapest frontier cost: 1.10m
Step: 47 | Mode: explore | Action: 2
Sticking to last point.
Cheapest frontier cost: 1.10m
Step: 48 | Mode: explore | Action: 2
Sticking to last point.
Cheapest frontier cost: 1.10m
Step: 49 | Mode: explore | Action: 2
Cheapest frontier cost: 1.40m
Step: 50 | Mode: explore | Action: 1
Sticking to last point.
Cheapest frontier cost: 1.05m
Step: 51 | Mode: explore | Action: 2
Cheapest frontier cost: 1.20m
Step: 52 | Mode: explore | Action: 2
Cheapest frontier cost: 6.25m
Step: 53 | Mode: explore | Action: 2
Sticking to last point.
Cheapest frontier cost: 6.25m
Step: 54 | Mode: explore | Action: 2
Sticking to last point.
Cheapest frontier cost: 6.25m
Step: 55 | Mode: explore | Action: 2
Sticking to last point.
Cheapest frontier cost: 6.25m
Step: 56 | Mode: explore | Action: 1
Sticking to last point.
Cheapest frontier cost: 6.00m
Step: 57 | Mode: explore | Action: 3
Sticking to last point.
Cheapest frontier cost: 6.00m
Step: 58 | Mode: explore | Action: 1
Sticking to last point.
Cheapest frontier cost: 5.80m
Step: 59 | Mode: explore | Action: 2
Cheapest frontier cost: 5.85m
Step: 60 | Mode: explore | Action: 1
Sticking to last point.
Cheapest frontier cost: 5.60m
Step: 61 | Mode: explore | Action: 1
Cheapest frontier cost: 5.95m
Step: 62 | Mode: explore | Action: 2
Sticking to last point.
Cheapest frontier cost: 5.95m
Step: 63 | Mode: explore | Action: 1
Sticking to last point.
Cheapest frontier cost: 5.80m
Step: 64 | Mode: explore | Action: 1
Sticking to last point.
Cheapest frontier cost: 5.80m
Step: 65 | Mode: explore | Action: 3
Sticking to last point.
Cheapest frontier cost: 5.80m
Step: 66 | Mode: explore | Action: 1
Sticking to last point.
Cheapest frontier cost: 5.65m
Step: 67 | Mode: explore | Action: 2
Sticking to last point.
Cheapest frontier cost: 5.65m
Step: 68 | Mode: explore | Action: 1
Sticking to last point.
Cheapest frontier cost: 5.45m
Step: 69 | Mode: explore | Action: 1
Sticking to last point.
Cheapest frontier cost: 5.15m
Step: 70 | Mode: explore | Action: 1
Sticking to last point.
Cheapest frontier cost: 5.10m
Step: 71 | Mode: explore | Action: 3
Sticking to last point.
Cheapest frontier cost: 5.10m
Step: 72 | Mode: explore | Action: 1
Sticking to last point.
Cheapest frontier cost: 4.85m
Step: 73 | Mode: explore | Action: 1
Sticking to last point.
Cheapest frontier cost: 4.60m
Step: 74 | Mode: explore | Action: 1
Sticking to last point.
Cheapest frontier cost: 4.35m
Step: 75 | Mode: explore | Action: 1
Sticking to last point.
Cheapest frontier cost: 4.10m
Step: 76 | Mode: explore | Action: 3
Sticking to last point.
Cheapest frontier cost: 4.10m
Step: 77 | Mode: explore | Action: 1
Sticking to last point.
Cheapest frontier cost: 3.70m
Step: 78 | Mode: explore | Action: 3
Sticking to last point.
Cheapest frontier cost: 3.70m
Step: 79 | Mode: explore | Action: 1
Sticking to last point.
Cheapest frontier cost: 3.40m
Step: 80 | Mode: explore | Action: 1
Sticking to last point.
Cheapest frontier cost: 3.25m
Step: 81 | Mode: explore | Action: 2
Sticking to last point.
Cheapest frontier cost: 3.25m
Step: 82 | Mode: explore | Action: 1
Sticking to last point.
Cheapest frontier cost: 3.25m
Step: 83 | Mode: explore | Action: 2
Sticking to last point.
Cheapest frontier cost: 3.25m
Step: 84 | Mode: explore | Action: 1
Sticking to last point.
Cheapest frontier cost: 3.00m
Step: 85 | Mode: explore | Action: 3
Sticking to last point.
Cheapest frontier cost: 3.00m
Step: 86 | Mode: explore | Action: 3
Sticking to last point.
Cheapest frontier cost: 3.00m
Step: 87 | Mode: explore | Action: 3
Sticking to last point.
Cheapest frontier cost: 3.00m
Step: 88 | Mode: explore | Action: 1
Sticking to last point.
Cheapest frontier cost: 2.75m
Step: 89 | Mode: explore | Action: 1
Sticking to last point.
Cheapest frontier cost: 2.50m
Step: 90 | Mode: explore | Action: 2
Sticking to last point.
Cheapest frontier cost: 2.50m
Step: 91 | Mode: explore | Action: 1
Sticking to last point.
Cheapest frontier cost: 2.30m
Step: 92 | Mode: explore | Action: 2
Sticking to last point.
Cheapest frontier cost: 2.30m
Step: 93 | Mode: explore | Action: 1
Sticking to last point.
Cheapest frontier cost: 2.15m
Step: 94 | Mode: explore | Action: 2
Sticking to last point.
Cheapest frontier cost: 2.15m
Step: 95 | Mode: explore | Action: 1
Sticking to last point.
Cheapest frontier cost: 1.90m
Step: 96 | Mode: explore | Action: 1
Sticking to last point.
Cheapest frontier cost: 1.65m
Step: 97 | Mode: explore | Action: 2
Sticking to last point.
Cheapest frontier cost: 1.65m
Step: 98 | Mode: explore | Action: 1
Sticking to last point.
Cheapest frontier cost: 1.35m
Step: 99 | Mode: explore | Action: 1
Sticking to last point.
Cheapest frontier cost: 1.20m
Step: 100 | Mode: explore | Action: 3
Cheapest frontier cost: 3.55m
Step: 101 | Mode: explore | Action: 1
Sticking to last point.
Cheapest frontier cost: 3.30m
Step: 102 | Mode: explore | Action: 1
Sticking to last point.
Cheapest frontier cost: 3.05m
Step: 103 | Mode: explore | Action: 2
Sticking to last point.
Cheapest frontier cost: 3.05m
Step: 104 | Mode: explore | Action: 1
Sticking to last point.
Cheapest frontier cost: 2.75m
Step: 105 | Mode: explore | Action: 1
Sticking to last point.
Cheapest frontier cost: 2.40m
Step: 106 | Mode: explore | Action: 1
Sticking to last point.
Cheapest frontier cost: 2.05m
Step: 107 | Mode: explore | Action: 1
Sticking to last point.
Cheapest frontier cost: 1.80m
Step: 108 | Mode: explore | Action: 1
Sticking to last point.
Cheapest frontier cost: 1.65m
Step: 109 | Mode: explore | Action: 1
Sticking to last point.
Cheapest frontier cost: 1.40m
Step: 110 | Mode: explore | Action: 2
Cheapest frontier cost: 1.75m
Step: 111 | Mode: explore | Action: 1
Cheapest frontier cost: 2.25m
Step: 112 | Mode: explore | Action: 1
Sticking to last point.
Cheapest frontier cost: 1.95m
Step: 113 | Mode: explore | Action: 3
Cheapest frontier cost: 2.15m
Step: 114 | Mode: explore | Action: 2
Sticking to last point.
Cheapest frontier cost: 2.15m
Step: 115 | Mode: explore | Action: 1
Sticking to last point.
Cheapest frontier cost: 1.75m
Step: 116 | Mode: explore | Action: 2
Sticking to last point.
Cheapest frontier cost: 1.75m
Step: 117 | Mode: explore | Action: 1
Sticking to last point.
Cheapest frontier cost: 1.50m
Step: 118 | Mode: explore | Action: 1
Sticking to last point.
Cheapest frontier cost: 1.25m
Step: 119 | Mode: explore | Action: 1
Sticking to last point.
Cheapest frontier cost: 1.05m
Step: 120 | Mode: explore | Action: 1
Sticking to last point.
Cheapest frontier cost: 0.65m
Step: 121 | Mode: explore | Action: 3
Sticking to last point.
Cheapest frontier cost: 0.65m
Step: 122 | Mode: explore | Action: 3
Cheapest frontier cost: 2.55m
Step: 123 | Mode: explore | Action: 2
Sticking to last point.
Cheapest frontier cost: 2.55m
Step: 124 | Mode: explore | Action: 2
Sticking to last point.
Cheapest frontier cost: 2.55m
Step: 125 | Mode: explore | Action: 1
Sticking to last point.
Cheapest frontier cost: 2.30m
Step: 126 | Mode: explore | Action: 1
Sticking to last point.
Cheapest frontier cost: 2.10m
Step: 127 | Mode: explore | Action: 1
Sticking to last point.
Cheapest frontier cost: 1.90m
Step: 128 | Mode: explore | Action: 1
Sticking to last point.
Cheapest frontier cost: 1.85m
Step: 129 | Mode: explore | Action: 1
Sticking to last point.
Cheapest frontier cost: 1.60m
Step: 130 | Mode: explore | Action: 3
Cheapest frontier cost: 1.75m
Step: 131 | Mode: explore | Action: 3
Cheapest frontier cost: 1.80m
Step: 132 | Mode: explore | Action: 1
Sticking to last point.
Cheapest frontier cost: 1.50m
Step: 133 | Mode: explore | Action: 2
Sticking to last point.
Cheapest frontier cost: 1.50m
Step: 134 | Mode: explore | Action: 1
Sticking to last point.
Cheapest frontier cost: 1.40m
Step: 135 | Mode: explore | Action: 2
Sticking to last point.
Cheapest frontier cost: 1.40m
Step: 136 | Mode: explore | Action: 1
Sticking to last point.
Cheapest frontier cost: 1.40m
Step: 137 | Mode: explore | Action: 2
Sticking to last point.
Cheapest frontier cost: 1.40m
Step: 138 | Mode: explore | Action: 1
Sticking to last point.
Cheapest frontier cost: 1.30m
Step: 139 | Mode: explore | Action: 3
Sticking to last point.
Cheapest frontier cost: 1.30m
Step: 140 | Mode: explore | Action: 3
Sticking to last point.
Cheapest frontier cost: 1.30m
Step: 141 | Mode: explore | Action: 1
Sticking to last point.
Cheapest frontier cost: 1.10m
Step: 142 | Mode: explore | Action: 3
Cheapest frontier cost: 1.45m
Step: 143 | Mode: explore | Action: 1
Sticking to last point.
Cheapest frontier cost: 1.45m
Step: 144 | Mode: explore | Action: 3
Cheapest frontier cost: 4.85m
Step: 145 | Mode: explore | Action: 3
Sticking to last point.
Cheapest frontier cost: 4.85m
Step: 146 | Mode: explore | Action: 3
Sticking to last point.
Cheapest frontier cost: 4.85m
Step: 147 | Mode: explore | Action: 3
Sticking to last point.
Cheapest frontier cost: 4.85m
Step: 148 | Mode: explore | Action: 3
Sticking to last point.
Cheapest frontier cost: 4.85m
Step: 149 | Mode: explore | Action: 1
Sticking to last point.
Cheapest frontier cost: 4.50m
Step: 150 | Mode: explore | Action: 1
Sticking to last point.
Cheapest frontier cost: 4.35m
Step: 151 | Mode: explore | Action: 2
Sticking to last point.
Cheapest frontier cost: 4.35m
Step: 152 | Mode: explore | Action: 1
Sticking to last point.
Cheapest frontier cost: 4.10m
Step: 153 | Mode: explore | Action: 1
Sticking to last point.
Cheapest frontier cost: 3.85m
Step: 154 | Mode: explore | Action: 1
Sticking to last point.
Cheapest frontier cost: 3.60m
Step: 155 | Mode: explore | Action: 2
Sticking to last point.
Cheapest frontier cost: 3.60m
Step: 156 | Mode: explore | Action: 3
Sticking to last point.
Cheapest frontier cost: 3.60m
Step: 157 | Mode: explore | Action: 1
Sticking to last point.
Cheapest frontier cost: 3.35m
Step: 158 | Mode: explore | Action: 1
Sticking to last point.
Cheapest frontier cost: 3.10m
Step: 159 | Mode: explore | Action: 1
Sticking to last point.
Cheapest frontier cost: 2.85m
Step: 160 | Mode: explore | Action: 1
Sticking to last point.
Cheapest frontier cost: 2.60m
Step: 161 | Mode: explore | Action: 1
Sticking to last point.
Cheapest frontier cost: 2.35m
Step: 162 | Mode: explore | Action: 2
Sticking to last point.
Cheapest frontier cost: 2.35m
Step: 163 | Mode: explore | Action: 1
Sticking to last point.
Cheapest frontier cost: 2.05m
Step: 164 | Mode: explore | Action: 1
Sticking to last point.
Cheapest frontier cost: 2.00m
Step: 165 | Mode: explore | Action: 2
Sticking to last point.
Cheapest frontier cost: 2.00m
Step: 166 | Mode: explore | Action: 2
Sticking to last point.
Cheapest frontier cost: 2.00m
Step: 167 | Mode: explore | Action: 1
Sticking to last point.
Cheapest frontier cost: 1.75m
Step: 168 | Mode: explore | Action: 1
Sticking to last point.
Cheapest frontier cost: 1.50m
Step: 169 | Mode: explore | Action: 1
Sticking to last point.
Cheapest frontier cost: 1.30m
Step: 170 | Mode: explore | Action: 2
Cheapest frontier cost: 1.45m
Step: 171 | Mode: explore | Action: 3
Sticking to last point.
Cheapest frontier cost: 1.45m
Step: 172 | Mode: explore | Action: 1
Sticking to last point.
Cheapest frontier cost: 1.20m
Step: 173 | Mode: explore | Action: 1
Sticking to last point.
Cheapest frontier cost: 0.95m
Step: 174 | Mode: explore | Action: 1
Sticking to last point.
Cheapest frontier cost: 0.80m
Step: 175 | Mode: explore | Action: 3
Sticking to last point.
Cheapest frontier cost: 0.80m
Step: 176 | Mode: explore | Action: 1
Sticking to last point.
Cheapest frontier cost: 0.70m
Step: 177 | Mode: explore | Action: 3
Step: 178 | Mode: navigate | Action: 3
Step: 179 | Mode: navigate | Action: 2
Step: 180 | Mode: navigate | Action: 1
Step: 181 | Mode: navigate | Action: 3
Step: 182 | Mode: navigate | Action: 1
Step: 183 | Mode: navigate | Action: 3
Step: 184 | Mode: navigate | Action: 1
Step: 185 | Mode: navigate | Action: 3
Step: 186 | Mode: navigate | Action: 1
Step: 187 | Mode: navigate | Action: 3
Step: 188 | Mode: navigate | Action: 1
Step: 189 | Mode: navigate | Action: 3
Step: 190 | Mode: navigate | Action: 3
Step: 191 | Mode: navigate | Action: 1
Step: 192 | Mode: navigate | Action: 2
Step: 193 | Mode: navigate | Action: 1
Step: 194 | Mode: navigate | Action: 2
Step: 195 | Mode: navigate | Action: 1
 60%|██████    | 18/30 [09:03<07:18, 36.56s/it] 63%|██████▎   | 19/30 [09:17<05:25, 29.58s/it]Step: 196 | Mode: navigate | Action: 1
Step: 197 | Mode: navigate | Action: 2
Step: 198 | Mode: navigate | Action: 2
Step: 199 | Mode: navigate | Action: 2
Step: 200 | Mode: navigate | Action: 2
Step: 201 | Mode: navigate | Action: 2
Step: 202 | Mode: navigate | Action: 2
Step: 203 | Mode: navigate | Action: 1
Step: 204 | Mode: navigate | Action: 1
Step: 205 | Mode: navigate | Action: 3
Step: 206 | Mode: navigate | Action: 1
Step: 207 | Mode: navigate | Action: 3
Step: 208 | Mode: navigate | Action: 1
Step: 209 | Mode: navigate | Action: 2
Step: 210 | Mode: navigate | Action: 1
Step: 211 | Mode: navigate | Action: 3
Step: 212 | Mode: navigate | Action: 3
Step: 213 | Mode: navigate | Action: 1
Step: 214 | Mode: navigate | Action: 1
Step: 215 | Mode: navigate | Action: 0
Success rate: 44.44% (8 out of 18)
Episode 9 in scene wcojb4TFT35 failed due to 'bad_stop_true_positive'.
Logging episode 0009 to results/pilot/greedy_frontier_jsons/9_wcojb4TFT35.json
Step: 0 | Mode: initialize | Action: 2
Step: 1 | Mode: initialize | Action: 2
Step: 2 | Mode: initialize | Action: 2
Step: 3 | Mode: initialize | Action: 2
Step: 4 | Mode: initialize | Action: 2
Step: 5 | Mode: initialize | Action: 2
Step: 6 | Mode: initialize | Action: 2
Step: 7 | Mode: initialize | Action: 2
Step: 8 | Mode: initialize | Action: 2
Step: 9 | Mode: initialize | Action: 2
Step: 10 | Mode: initialize | Action: 2
Step: 11 | Mode: initialize | Action: 2
Step: 12 | Mode: navigate | Action: 2
Step: 13 | Mode: navigate | Action: 2
Step: 14 | Mode: navigate | Action: 1
Step: 15 | Mode: navigate | Action: 1
Step: 16 | Mode: navigate | Action: 3
Step: 17 | Mode: navigate | Action: 1
Step: 18 | Mode: navigate | Action: 1
Step: 19 | Mode: navigate | Action: 1
Step: 20 | Mode: navigate | Action: 1
Step: 21 | Mode: navigate | Action: 3
Step: 22 | Mode: navigate | Action: 1
Step: 23 | Mode: navigate | Action: 1
Step: 24 | Mode: navigate | Action: 1
Step: 25 | Mode: navigate | Action: 1
Step: 26 | Mode: navigate | Action: 1
Step: 27 | Mode: navigate | Action: 1
Step: 28 | Mode: navigate | Action: 3
Step: 29 | Mode: navigate | Action: 1
Step: 30 | Mode: navigate | Action: 1
Step: 31 | Mode: navigate | Action: 1
Step: 32 | Mode: navigate | Action: 1
Step: 33 | Mode: navigate | Action: 1
Step: 34 | Mode: navigate | Action: 1
Step: 35 | Mode: navigate | Action: 1
Step: 36 | Mode: navigate | Action: 1
Step: 37 | Mode: navigate | Action: 0
Success rate: 47.37% (9 out of 19)
Logging episode 0001 to results/pilot/greedy_frontier_jsons/1_wcojb4TFT35.json
Step: 0 | Mode: initialize | Action: 2
Step: 1 | Mode: initialize | Action: 2
Step: 2 | Mode: initialize | Action: 2
Step: 3 | Mode: initialize | Action: 2
Step: 4 | Mode: initialize | Action: 2
Step: 5 | Mode: initialize | Action: 2
Step: 6 | Mode: initialize | Action: 2
Step: 7 | Mode: initialize | Action: 2
Step: 8 | Mode: initialize | Action: 2
Step: 9 | Mode: initialize | Action: 2
Step: 10 | Mode: initialize | Action: 2
Step: 11 | Mode: initialize | Action: 2
Cheapest frontier cost: 1.45m
Step: 12 | Mode: explore | Action: 2
Sticking to last point.
Cheapest frontier cost: 1.45m
Step: 13 | Mode: explore | Action: 2
Sticking to last point.
Cheapest frontier cost: 1.45m
Step: 14 | Mode: explore | Action: 2
Sticking to last point.
Cheapest frontier cost: 1.45m
Step: 15 | Mode: explore | Action: 2
Sticking to last point.
Cheapest frontier cost: 1.45m
Step: 16 | Mode: explore | Action: 2
Sticking to last point.
Cheapest frontier cost: 1.45m
Step: 17 | Mode: explore | Action: 1
Sticking to last point.
Cheapest frontier cost: 1.45m
Step: 18 | Mode: explore | Action: 2
Cheapest frontier cost: 1.50m
Step: 19 | Mode: explore | Action: 1
Sticking to last point.
Cheapest frontier cost: 1.20m
Step: 20 | Mode: explore | Action: 1
Sticking to last point.
Cheapest frontier cost: 0.95m
Step: 21 | Mode: explore | Action: 1
Sticking to last point.
Cheapest frontier cost: 0.75m
Step: 22 | Mode: explore | Action: 2
Sticking to last point.
Cheapest frontier cost: 0.75m
Step: 23 | Mode: explore | Action: 1
Sticking to last point.
Cheapest frontier cost: 0.45m
Step: 24 | Mode: explore | Action: 2
Cheapest frontier cost: 0.60m
Step: 25 | Mode: explore | Action: 2
Cheapest frontier cost: 1.90m
Step: 26 | Mode: explore | Action: 3
Sticking to last point.
Cheapest frontier cost: 1.90m
Step: 27 | Mode: explore | Action: 3
Sticking to last point.
Cheapest frontier cost: 1.90m
Step: 28 | Mode: explore | Action: 3
Cheapest frontier cost: 1.95m
Step: 29 | Mode: explore | Action: 1
Sticking to last point.
Cheapest frontier cost: 1.75m
Step: 30 | Mode: explore | Action: 1
Sticking to last point.
Cheapest frontier cost: 1.45m
Step: 31 | Mode: explore | Action: 1
Sticking to last point.
Cheapest frontier cost: 1.25m
Step: 32 | Mode: explore | Action: 3
Sticking to last point.
Cheapest frontier cost: 1.25m
Step: 33 | Mode: explore | Action: 1
Sticking to last point.
Cheapest frontier cost: 0.90m
Step: 34 | Mode: explore | Action: 1
Sticking to last point.
Cheapest frontier cost: 0.90m
Step: 35 | Mode: explore | Action: 1
Sticking to last point.
Cheapest frontier cost: 0.60m
Step: 36 | Mode: explore | Action: 3
Cheapest frontier cost: 1.00m
Step: 37 | Mode: explore | Action: 2
Sticking to last point.
Cheapest frontier cost: 1.00m
Step: 38 | Mode: explore | Action: 2
Cheapest frontier cost: 1.55m
Step: 39 | Mode: explore | Action: 2
Cheapest frontier cost: 1.70m
Step: 40 | Mode: explore | Action: 3
Sticking to last point.
Cheapest frontier cost: 1.70m
Step: 41 | Mode: explore | Action: 3
Sticking to last point.
Cheapest frontier cost: 1.70m
Step: 42 | Mode: explore | Action: 3
Sticking to last point.
Cheapest frontier cost: 1.70m
Step: 43 | Mode: explore | Action: 1
Sticking to last point.
Cheapest frontier cost: 1.40m
Step: 44 | Mode: explore | Action: 3
Sticking to last point.
Cheapest frontier cost: 1.40m
Step: 45 | Mode: explore | Action: 1
Sticking to last point.
Cheapest frontier cost: 1.15m
Step: 46 | Mode: explore | Action: 1
Sticking to last point.
Cheapest frontier cost: 1.05m
Step: 47 | Mode: explore | Action: 2
Sticking to last point.
Cheapest frontier cost: 1.05m
Step: 48 | Mode: explore | Action: 1
Sticking to last point.
Cheapest frontier cost: 0.90m
Step: 49 | Mode: explore | Action: 2
Cheapest frontier cost: 1.05m
Step: 50 | Mode: explore | Action: 2
Cheapest frontier cost: 2.15m
Step: 51 | Mode: explore | Action: 3
Sticking to last point.
Cheapest frontier cost: 2.15m
Step: 52 | Mode: explore | Action: 3
Sticking to last point.
Cheapest frontier cost: 2.15m
Step: 53 | Mode: explore | Action: 3
Sticking to last point.
Cheapest frontier cost: 2.15m
Step: 54 | Mode: explore | Action: 3
Cheapest frontier cost: 3.55m
Step: 55 | Mode: explore | Action: 2
Sticking to last point.
Cheapest frontier cost: 3.55m
Step: 56 | Mode: explore | Action: 2
Sticking to last point.
Cheapest frontier cost: 3.55m
Step: 57 | Mode: explore | Action: 2
Sticking to last point.
Cheapest frontier cost: 3.55m
Step: 58 | Mode: explore | Action: 2
Sticking to last point.
Cheapest frontier cost: 3.55m
Step: 59 | Mode: explore | Action: 2
Sticking to last point.
Cheapest frontier cost: 3.55m
Step: 60 | Mode: explore | Action: 2
Sticking to last point.
Cheapest frontier cost: 3.55m
Step: 61 | Mode: explore | Action: 2
Sticking to last point.
Cheapest frontier cost: 3.55m
Step: 62 | Mode: explore | Action: 2
Sticking to last point.
Cheapest frontier cost: 3.55m
Step: 63 | Mode: explore | Action: 1
Sticking to last point.
Cheapest frontier cost: 3.30m
Step: 64 | Mode: explore | Action: 3
Sticking to last point.
Cheapest frontier cost: 3.30m
Step: 65 | Mode: explore | Action: 1
Sticking to last point.
Cheapest frontier cost: 3.05m
Step: 66 | Mode: explore | Action: 1
Sticking to last point.
Cheapest frontier cost: 2.80m
Step: 67 | Mode: explore | Action: 3
Sticking to last point.
Cheapest frontier cost: 2.80m
Step: 68 | Mode: explore | Action: 1
Sticking to last point.
Cheapest frontier cost: 2.50m
Step: 69 | Mode: explore | Action: 1
Sticking to last point.
Cheapest frontier cost: 2.15m
Step: 70 | Mode: explore | Action: 1
Sticking to last point.
Cheapest frontier cost: 1.80m
 67%|██████▋   | 20/30 [09:35<04:20, 26.09s/it]Step: 71 | Mode: explore | Action: 1
Sticking to last point.
Cheapest frontier cost: 1.50m
Step: 72 | Mode: explore | Action: 1
Sticking to last point.
Cheapest frontier cost: 1.10m
Step: 73 | Mode: explore | Action: 3
Step: 74 | Mode: navigate | Action: 1
Step: 75 | Mode: navigate | Action: 1
Step: 76 | Mode: navigate | Action: 3
Step: 77 | Mode: navigate | Action: 1
Step: 78 | Mode: navigate | Action: 1
Step: 79 | Mode: navigate | Action: 3
Step: 80 | Mode: navigate | Action: 1
Step: 81 | Mode: navigate | Action: 1
Step: 82 | Mode: navigate | Action: 0
Success rate: 50.00% (10 out of 20)
Logging episode 0006 to results/pilot/greedy_frontier_jsons/6_wcojb4TFT35.json
Step: 0 | Mode: initialize | Action: 2
Step: 1 | Mode: initialize | Action: 2
Step: 2 | Mode: initialize | Action: 2
Step: 3 | Mode: initialize | Action: 2
Step: 4 | Mode: initialize | Action: 2
Step: 5 | Mode: initialize | Action: 2
Step: 6 | Mode: initialize | Action: 2
Step: 7 | Mode: initialize | Action: 2
Step: 8 | Mode: initialize | Action: 2
Step: 9 | Mode: initialize | Action: 2
Step: 10 | Mode: initialize | Action: 2
Step: 11 | Mode: initialize | Action: 2
Cheapest frontier cost: 1.55m
Step: 12 | Mode: explore | Action: 2
Sticking to last point.
Cheapest frontier cost: 1.55m
Step: 13 | Mode: explore | Action: 2
Sticking to last point.
Cheapest frontier cost: 1.55m
Step: 14 | Mode: explore | Action: 2
Sticking to last point.
Cheapest frontier cost: 1.55m
Step: 15 | Mode: explore | Action: 2
Sticking to last point.
Cheapest frontier cost: 1.55m
Step: 16 | Mode: explore | Action: 1
Sticking to last point.
Cheapest frontier cost: 1.30m
Step: 17 | Mode: explore | Action: 1
Sticking to last point.
Cheapest frontier cost: 1.20m
Step: 18 | Mode: explore | Action: 3
Sticking to last point.
Cheapest frontier cost: 1.00m
Step: 19 | Mode: explore | Action: 2
Sticking to last point.
Cheapest frontier cost: 1.00m
Step: 20 | Mode: explore | Action: 1
Sticking to last point.
Cheapest frontier cost: 0.90m
Step: 21 | Mode: explore | Action: 3
Sticking to last point.
Cheapest frontier cost: 0.90m
Step: 22 | Mode: explore | Action: 3
Sticking to last point.
Cheapest frontier cost: 0.90m
Step: 23 | Mode: explore | Action: 1
Sticking to last point.
Cheapest frontier cost: 0.65m
Step: 24 | Mode: explore | Action: 1
Sticking to last point.
Cheapest frontier cost: 0.50m
Step: 25 | Mode: explore | Action: 3
Cheapest frontier cost: 2.05m
Step: 26 | Mode: explore | Action: 1
Sticking to last point.
Cheapest frontier cost: 2.05m
Step: 27 | Mode: explore | Action: 2
Sticking to last point.
Cheapest frontier cost: 2.05m
Step: 28 | Mode: explore | Action: 2
Sticking to last point.
Cheapest frontier cost: 2.05m
Step: 29 | Mode: explore | Action: 2
Sticking to last point.
Cheapest frontier cost: 2.05m
Step: 30 | Mode: explore | Action: 1
Sticking to last point.
Cheapest frontier cost: 1.75m
Step: 31 | Mode: explore | Action: 1
Sticking to last point.
Cheapest frontier cost: 1.60m
Step: 32 | Mode: explore | Action: 1
Sticking to last point.
Cheapest frontier cost: 1.50m
Step: 33 | Mode: explore | Action: 1
Sticking to last point.
Cheapest frontier cost: 1.45m
Step: 34 | Mode: explore | Action: 3
Cheapest frontier cost: 1.75m
Step: 35 | Mode: explore | Action: 3
Sticking to last point.
Cheapest frontier cost: 1.75m
Step: 36 | Mode: explore | Action: 1
Sticking to last point.
Cheapest frontier cost: 1.35m
Step: 37 | Mode: explore | Action: 1
Sticking to last point.
Cheapest frontier cost: 1.25m
Step: 38 | Mode: explore | Action: 1
Sticking to last point.
Cheapest frontier cost: 1.25m
Step: 39 | Mode: explore | Action: 2
Sticking to last point.
Cheapest frontier cost: 1.25m
Step: 40 | Mode: explore | Action: 1
Sticking to last point.
Cheapest frontier cost: 1.25m
Step: 41 | Mode: explore | Action: 2
Sticking to last point.
Cheapest frontier cost: 1.25m
Step: 42 | Mode: explore | Action: 1
Sticking to last point.
Cheapest frontier cost: 1.15m
Step: 43 | Mode: explore | Action: 3
Sticking to last point.
Cheapest frontier cost: 1.15m
Step: 44 | Mode: explore | Action: 3
Sticking to last point.
Cheapest frontier cost: 1.05m
Step: 45 | Mode: explore | Action: 1
Sticking to last point.
Cheapest frontier cost: 1.05m
Step: 46 | Mode: explore | Action: 3
Cheapest frontier cost: 1.15m
Step: 47 | Mode: explore | Action: 1
Sticking to last point.
Cheapest frontier cost: 1.15m
Step: 48 | Mode: explore | Action: 2
Sticking to last point.
Cheapest frontier cost: 1.15m
Step: 49 | Mode: explore | Action: 2
Sticking to last point.
Cheapest frontier cost: 1.15m
Step: 50 | Mode: explore | Action: 1
Sticking to last point.
Cheapest frontier cost: 1.15m
Step: 51 | Mode: explore | Action: 2
Sticking to last point.
Cheapest frontier cost: 1.15m
Step: 52 | Mode: explore | Action: 1
Sticking to last point.
Cheapest frontier cost: 1.05m
Step: 53 | Mode: explore | Action: 3
Sticking to last point.
Cheapest frontier cost: 1.05m
Step: 54 | Mode: explore | Action: 3
Sticking to last point.
Cheapest frontier cost: 1.05m
Step: 55 | Mode: explore | Action: 3
Cheapest frontier cost: 1.10m
Step: 56 | Mode: explore | Action: 1
Sticking to last point.
Cheapest frontier cost: 1.10m
Step: 57 | Mode: explore | Action: 3
Cheapest frontier cost: 3.25m
Step: 58 | Mode: explore | Action: 3
Sticking to last point.
Cheapest frontier cost: 3.25m
Step: 59 | Mode: explore | Action: 3
Cheapest frontier cost: 3.30m
Step: 60 | Mode: explore | Action: 3
Cheapest frontier cost: 4.90m
Step: 61 | Mode: explore | Action: 1
Sticking to last point.
Cheapest frontier cost: 4.65m
Step: 62 | Mode: explore | Action: 3
Cheapest frontier cost: 4.70m
Step: 63 | Mode: explore | Action: 2
Sticking to last point.
Cheapest frontier cost: 4.70m
Step: 64 | Mode: explore | Action: 1
Sticking to last point.
Cheapest frontier cost: 4.45m
Step: 65 | Mode: explore | Action: 1
Sticking to last point.
Cheapest frontier cost: 4.20m
Step: 66 | Mode: explore | Action: 1
Sticking to last point.
Cheapest frontier cost: 3.95m
Step: 67 | Mode: explore | Action: 1
Sticking to last point.
Cheapest frontier cost: 3.70m
Step: 68 | Mode: explore | Action: 2
Sticking to last point.
Cheapest frontier cost: 3.70m
Step: 69 | Mode: explore | Action: 1
Sticking to last point.
Cheapest frontier cost: 3.40m
Step: 70 | Mode: explore | Action: 1
Sticking to last point.
Cheapest frontier cost: 3.00m
Step: 71 | Mode: explore | Action: 1
Sticking to last point.
Cheapest frontier cost: 2.70m
Step: 72 | Mode: explore | Action: 1
Sticking to last point.
Cheapest frontier cost: 2.35m
Step: 73 | Mode: explore | Action: 1
Sticking to last point.
Cheapest frontier cost: 2.00m
Step: 74 | Mode: explore | Action: 1
Sticking to last point.
Cheapest frontier cost: 1.95m
Step: 75 | Mode: explore | Action: 3
Cheapest frontier cost: 2.00m
Step: 76 | Mode: explore | Action: 1
Cheapest frontier cost: 2.00m
Step: 77 | Mode: explore | Action: 1
Cheapest frontier cost: 2.50m
Step: 78 | Mode: explore | Action: 2
Sticking to last point.
Cheapest frontier cost: 2.50m
Step: 79 | Mode: explore | Action: 2
Sticking to last point.
Cheapest frontier cost: 2.50m
Step: 80 | Mode: explore | Action: 2
Cheapest frontier cost: 2.55m
Step: 81 | Mode: explore | Action: 3
Sticking to last point.
Cheapest frontier cost: 2.55m
Step: 82 | Mode: explore | Action: 3
Sticking to last point.
Cheapest frontier cost: 2.55m
Step: 83 | Mode: explore | Action: 3
Sticking to last point.
Cheapest frontier cost: 2.55m
Step: 84 | Mode: explore | Action: 1
Sticking to last point.
Cheapest frontier cost: 2.30m
Step: 85 | Mode: explore | Action: 3
Cheapest frontier cost: 2.90m
Step: 86 | Mode: explore | Action: 2
Sticking to last point.
Cheapest frontier cost: 2.90m
Step: 87 | Mode: explore | Action: 2
Sticking to last point.
Cheapest frontier cost: 2.90m
Step: 88 | Mode: explore | Action: 2
Sticking to last point.
Cheapest frontier cost: 2.90m
Step: 89 | Mode: explore | Action: 2
Sticking to last point.
Cheapest frontier cost: 2.90m
Step: 90 | Mode: explore | Action: 1
Sticking to last point.
Cheapest frontier cost: 2.65m
Step: 91 | Mode: explore | Action: 2
Cheapest frontier cost: 2.70m
Step: 92 | Mode: explore | Action: 2
Sticking to last point.
 70%|███████   | 21/30 [10:13<04:27, 29.68s/it]Cheapest frontier cost: 2.70m
Step: 93 | Mode: explore | Action: 1
Sticking to last point.
Cheapest frontier cost: 2.40m
Step: 94 | Mode: explore | Action: 1
Sticking to last point.
Cheapest frontier cost: 2.00m
Step: 95 | Mode: explore | Action: 1
Sticking to last point.
Cheapest frontier cost: 1.65m
Step: 96 | Mode: explore | Action: 3
Sticking to last point.
Cheapest frontier cost: 1.65m
Step: 97 | Mode: explore | Action: 1
Sticking to last point.
Cheapest frontier cost: 1.30m
Step: 98 | Mode: explore | Action: 1
Sticking to last point.
Cheapest frontier cost: 1.00m
Step: 99 | Mode: explore | Action: 2
Cheapest frontier cost: 1.15m
Step: 100 | Mode: explore | Action: 3
Sticking to last point.
Cheapest frontier cost: 1.15m
Step: 101 | Mode: explore | Action: 3
Sticking to last point.
Cheapest frontier cost: 1.15m
Step: 102 | Mode: explore | Action: 2
Sticking to last point.
Cheapest frontier cost: 1.15m
Step: 103 | Mode: explore | Action: 1
Cheapest frontier cost: 1.20m
Step: 104 | Mode: explore | Action: 3
Sticking to last point.
Cheapest frontier cost: 1.20m
Step: 105 | Mode: explore | Action: 1
Sticking to last point.
Cheapest frontier cost: 0.95m
Step: 106 | Mode: explore | Action: 1
Sticking to last point.
Cheapest frontier cost: 0.75m
Step: 107 | Mode: explore | Action: 1
Sticking to last point.
Cheapest frontier cost: 0.50m
Step: 108 | Mode: explore | Action: 3
Cheapest frontier cost: 1.25m
Step: 109 | Mode: explore | Action: 3
Cheapest frontier cost: 7.60m
Step: 110 | Mode: explore | Action: 3
Sticking to last point.
Cheapest frontier cost: 7.60m
Step: 111 | Mode: explore | Action: 3
Sticking to last point.
Cheapest frontier cost: 7.60m
Step: 112 | Mode: explore | Action: 3
Sticking to last point.
Cheapest frontier cost: 7.60m
Step: 113 | Mode: explore | Action: 3
Cheapest frontier cost: 7.70m
Step: 114 | Mode: explore | Action: 1
Sticking to last point.
Cheapest frontier cost: 7.45m
Step: 115 | Mode: explore | Action: 1
Sticking to last point.
Cheapest frontier cost: 7.20m
Step: 116 | Mode: explore | Action: 2
Sticking to last point.
Cheapest frontier cost: 7.20m
Step: 117 | Mode: explore | Action: 1
Sticking to last point.
Cheapest frontier cost: 6.85m
Step: 118 | Mode: explore | Action: 1
Sticking to last point.
Cheapest frontier cost: 6.50m
Step: 119 | Mode: explore | Action: 1
Sticking to last point.
Cheapest frontier cost: 6.15m
Step: 120 | Mode: explore | Action: 1
Sticking to last point.
Cheapest frontier cost: 5.85m
Step: 121 | Mode: explore | Action: 1
Sticking to last point.
Cheapest frontier cost: 5.45m
Step: 122 | Mode: explore | Action: 1
Sticking to last point.
Cheapest frontier cost: 5.15m
Step: 123 | Mode: explore | Action: 1
Sticking to last point.
Cheapest frontier cost: 4.80m
Step: 124 | Mode: explore | Action: 2
Sticking to last point.
Cheapest frontier cost: 4.80m
Step: 125 | Mode: explore | Action: 1
Sticking to last point.
Cheapest frontier cost: 4.45m
Step: 126 | Mode: explore | Action: 1
Sticking to last point.
Cheapest frontier cost: 4.10m
Step: 127 | Mode: explore | Action: 1
Sticking to last point.
Cheapest frontier cost: 3.75m
Step: 128 | Mode: explore | Action: 1
Sticking to last point.
Cheapest frontier cost: 3.40m
Step: 129 | Mode: explore | Action: 3
Sticking to last point.
Cheapest frontier cost: 3.40m
Step: 130 | Mode: explore | Action: 1
Sticking to last point.
Cheapest frontier cost: 3.05m
Step: 131 | Mode: explore | Action: 1
Sticking to last point.
Cheapest frontier cost: 2.70m
Step: 132 | Mode: explore | Action: 1
Sticking to last point.
Cheapest frontier cost: 2.40m
Step: 133 | Mode: explore | Action: 1
Sticking to last point.
Cheapest frontier cost: 2.10m
Step: 134 | Mode: explore | Action: 1
Sticking to last point.
Cheapest frontier cost: 1.70m
Step: 135 | Mode: explore | Action: 1
Sticking to last point.
Cheapest frontier cost: 1.40m
Step: 136 | Mode: explore | Action: 2
Sticking to last point.
Cheapest frontier cost: 1.40m
Step: 137 | Mode: explore | Action: 1
Sticking to last point.
Cheapest frontier cost: 0.95m
Step: 138 | Mode: explore | Action: 3
Cheapest frontier cost: 1.05m
Step: 139 | Mode: explore | Action: 1
Sticking to last point.
Cheapest frontier cost: 0.80m
Step: 140 | Mode: explore | Action: 1
Sticking to last point.
Cheapest frontier cost: 0.75m
Step: 141 | Mode: explore | Action: 3
Cheapest frontier cost: 0.85m
Step: 142 | Mode: explore | Action: 3
Cheapest frontier cost: 0.95m
Step: 143 | Mode: explore | Action: 1
Sticking to last point.
Cheapest frontier cost: 0.70m
Step: 144 | Mode: explore | Action: 2
Sticking to last point.
Cheapest frontier cost: 0.70m
Step: 145 | Mode: explore | Action: 1
Sticking to last point.
Cheapest frontier cost: 0.70m
Step: 146 | Mode: explore | Action: 2
Sticking to last point.
Cheapest frontier cost: 0.70m
Step: 147 | Mode: explore | Action: 1
Sticking to last point.
Cheapest frontier cost: 0.65m
Step: 148 | Mode: explore | Action: 3
Sticking to last point.
Cheapest frontier cost: 0.65m
Step: 149 | Mode: explore | Action: 3
Cheapest frontier cost: 1.40m
Step: 150 | Mode: explore | Action: 2
Sticking to last point.
Cheapest frontier cost: 1.40m
Step: 151 | Mode: explore | Action: 2
Sticking to last point.
Cheapest frontier cost: 1.40m
Step: 152 | Mode: explore | Action: 2
Sticking to last point.
Cheapest frontier cost: 1.40m
Step: 153 | Mode: explore | Action: 2
Cheapest frontier cost: 1.60m
Step: 154 | Mode: explore | Action: 2
Cheapest frontier cost: 2.20m
Step: 155 | Mode: explore | Action: 1
Sticking to last point.
Cheapest frontier cost: 1.90m
Step: 156 | Mode: explore | Action: 1
Sticking to last point.
Cheapest frontier cost: 1.85m
Step: 157 | Mode: explore | Action: 3
Sticking to last point.
Cheapest frontier cost: 1.85m
Step: 158 | Mode: explore | Action: 1
Sticking to last point.
Cheapest frontier cost: 1.60m
Step: 159 | Mode: explore | Action: 1
Sticking to last point.
Cheapest frontier cost: 1.35m
Step: 160 | Mode: explore | Action: 3
Cheapest frontier cost: 1.60m
Step: 161 | Mode: explore | Action: 1
Cheapest frontier cost: 1.70m
Step: 162 | Mode: explore | Action: 3
Cheapest frontier cost: 1.85m
Step: 163 | Mode: explore | Action: 1
Sticking to last point.
Cheapest frontier cost: 1.50m
Step: 164 | Mode: explore | Action: 2
Sticking to last point.
Cheapest frontier cost: 1.50m
Step: 165 | Mode: explore | Action: 1
Sticking to last point.
Cheapest frontier cost: 1.15m
Step: 166 | Mode: explore | Action: 3
Cheapest frontier cost: 1.55m
Step: 167 | Mode: explore | Action: 1
Sticking to last point.
Cheapest frontier cost: 1.40m
Step: 168 | Mode: explore | Action: 3
Step: 169 | Mode: navigate | Action: 1
Step: 170 | Mode: navigate | Action: 2
Step: 171 | Mode: navigate | Action: 1
Step: 172 | Mode: navigate | Action: 3
Step: 173 | Mode: navigate | Action: 1
Step: 174 | Mode: navigate | Action: 3
Step: 175 | Mode: navigate | Action: 1
Step: 176 | Mode: navigate | Action: 0
Success rate: 47.62% (10 out of 21)
Episode 10 in scene wcojb4TFT35 failed due to 'false_positive'.
Logging episode 0010 to results/pilot/greedy_frontier_jsons/10_wcojb4TFT35.json
Step: 0 | Mode: initialize | Action: 2
Step: 1 | Mode: initialize | Action: 2
Step: 2 | Mode: initialize | Action: 2
Step: 3 | Mode: initialize | Action: 2
Step: 4 | Mode: initialize | Action: 2
Step: 5 | Mode: initialize | Action: 2
Step: 6 | Mode: initialize | Action: 2
Step: 7 | Mode: initialize | Action: 2
Step: 8 | Mode: initialize | Action: 2
Step: 9 | Mode: initialize | Action: 2
Step: 10 | Mode: initialize | Action: 2
Step: 11 | Mode: initialize | Action: 2
Step: 12 | Mode: navigate | Action: 3
Step: 13 | Mode: navigate | Action: 1
Step: 14 | Mode: navigate | Action: 3
Step: 15 | Mode: navigate | Action: 1
Step: 16 | Mode: navigate | Action: 1
Step: 17 | Mode: navigate | Action: 1
Step: 18 | Mode: navigate | Action: 3
Step: 19 | Mode: navigate | Action: 1
Step: 20 | Mode: navigate | Action: 1
Step: 21 | Mode: navigate | Action: 1
Step: 22 | Mode: navigate | Action: 1
Step: 23 | Mode: navigate | Action: 1
Step: 24 | Mode: navigate | Action: 1
Step: 25 | Mode: navigate | Action: 1
Step: 26 | Mode: navigate | Action: 1
Step: 27 | Mode: navigate | Action: 1
 73%|███████▎  | 22/30 [10:20<03:04, 23.07s/it]Step: 28 | Mode: navigate | Action: 1
Step: 29 | Mode: navigate | Action: 2
Step: 30 | Mode: navigate | Action: 1
Step: 31 | Mode: navigate | Action: 0
Success rate: 45.45% (10 out of 22)
Episode 0 in scene wcojb4TFT35 failed due to 'false_positive'.
Logging episode 0000 to results/pilot/greedy_frontier_jsons/0_wcojb4TFT35.json
Step: 0 | Mode: initialize | Action: 2
Step: 1 | Mode: initialize | Action: 2
Step: 2 | Mode: initialize | Action: 2
Step: 3 | Mode: initialize | Action: 2
Step: 4 | Mode: initialize | Action: 2
Step: 5 | Mode: initialize | Action: 2
Step: 6 | Mode: initialize | Action: 2
Step: 7 | Mode: initialize | Action: 2
Step: 8 | Mode: initialize | Action: 2
Step: 9 | Mode: initialize | Action: 2
Step: 10 | Mode: initialize | Action: 2
Step: 11 | Mode: initialize | Action: 2
Cheapest frontier cost: 2.80m
Step: 12 | Mode: explore | Action: 2
Sticking to last point.
Cheapest frontier cost: 2.80m
Step: 13 | Mode: explore | Action: 2
Sticking to last point.
Cheapest frontier cost: 2.80m
Step: 14 | Mode: explore | Action: 2
Sticking to last point.
Cheapest frontier cost: 2.80m
Step: 15 | Mode: explore | Action: 2
Sticking to last point.
Cheapest frontier cost: 2.80m
Step: 16 | Mode: explore | Action: 1
Sticking to last point.
Cheapest frontier cost: 2.50m
Step: 17 | Mode: explore | Action: 2
Sticking to last point.
Cheapest frontier cost: 2.50m
Step: 18 | Mode: explore | Action: 1
Sticking to last point.
Cheapest frontier cost: 2.10m
Step: 19 | Mode: explore | Action: 2
Sticking to last point.
Cheapest frontier cost: 2.10m
Step: 20 | Mode: explore | Action: 1
Sticking to last point.
Cheapest frontier cost: 1.85m
Step: 21 | Mode: explore | Action: 1
Sticking to last point.
Cheapest frontier cost: 1.60m
Step: 22 | Mode: explore | Action: 1
Sticking to last point.
Cheapest frontier cost: 1.35m
Step: 23 | Mode: explore | Action: 1
Cheapest frontier cost: 1.70m
Step: 24 | Mode: explore | Action: 3
Cheapest frontier cost: 1.90m
Step: 25 | Mode: explore | Action: 1
Sticking to last point.
Cheapest frontier cost: 1.65m
Step: 26 | Mode: explore | Action: 1
Sticking to last point.
Cheapest frontier cost: 1.55m
Step: 27 | Mode: explore | Action: 2
Sticking to last point.
Cheapest frontier cost: 1.55m
Step: 28 | Mode: explore | Action: 1
Sticking to last point.
Cheapest frontier cost: 1.55m
Step: 29 | Mode: explore | Action: 2
Sticking to last point.
Cheapest frontier cost: 1.55m
Step: 30 | Mode: explore | Action: 1
Sticking to last point.
Cheapest frontier cost: 1.50m
Step: 31 | Mode: explore | Action: 3
Sticking to last point.
Cheapest frontier cost: 1.50m
Step: 32 | Mode: explore | Action: 3
Cheapest frontier cost: 1.50m
Step: 33 | Mode: explore | Action: 3
Sticking to last point.
Cheapest frontier cost: 1.50m
Step: 34 | Mode: explore | Action: 1
Sticking to last point.
Cheapest frontier cost: 1.10m
Step: 35 | Mode: explore | Action: 1
Sticking to last point.
Cheapest frontier cost: 1.00m
Step: 36 | Mode: explore | Action: 2
Cheapest frontier cost: 1.35m
Step: 37 | Mode: explore | Action: 1
Sticking to last point.
Cheapest frontier cost: 1.20m
Step: 38 | Mode: explore | Action: 2
Cheapest frontier cost: 1.40m
Step: 39 | Mode: explore | Action: 3
Sticking to last point.
Cheapest frontier cost: 1.40m
Step: 40 | Mode: explore | Action: 3
Cheapest frontier cost: 1.75m
Step: 41 | Mode: explore | Action: 1
Sticking to last point.
Cheapest frontier cost: 1.60m
Step: 42 | Mode: explore | Action: 3
Cheapest frontier cost: 2.00m
Step: 43 | Mode: explore | Action: 2
Sticking to last point.
Cheapest frontier cost: 2.00m
Step: 44 | Mode: explore | Action: 2
Sticking to last point.
Cheapest frontier cost: 2.00m
Step: 45 | Mode: explore | Action: 2
Sticking to last point.
Cheapest frontier cost: 2.00m
Step: 46 | Mode: explore | Action: 1
Sticking to last point.
Cheapest frontier cost: 1.75m
Step: 47 | Mode: explore | Action: 2
Cheapest frontier cost: 1.85m
Step: 48 | Mode: explore | Action: 2
Cheapest frontier cost: 2.65m
Step: 49 | Mode: explore | Action: 2
Sticking to last point.
Cheapest frontier cost: 2.65m
Step: 50 | Mode: explore | Action: 2
Sticking to last point.
Cheapest frontier cost: 2.65m
Step: 51 | Mode: explore | Action: 2
Sticking to last point.
Cheapest frontier cost: 2.65m
Step: 52 | Mode: explore | Action: 2
Cheapest frontier cost: 2.70m
Step: 53 | Mode: explore | Action: 3
Sticking to last point.
Cheapest frontier cost: 2.70m
Step: 54 | Mode: explore | Action: 3
Sticking to last point.
Cheapest frontier cost: 2.70m
Step: 55 | Mode: explore | Action: 3
Sticking to last point.
Cheapest frontier cost: 2.70m
Step: 56 | Mode: explore | Action: 3
Sticking to last point.
Cheapest frontier cost: 2.70m
Step: 57 | Mode: explore | Action: 1
Sticking to last point.
Cheapest frontier cost: 2.30m
Step: 58 | Mode: explore | Action: 1
Sticking to last point.
Cheapest frontier cost: 2.00m
Step: 59 | Mode: explore | Action: 1
Sticking to last point.
Cheapest frontier cost: 1.65m
Step: 60 | Mode: explore | Action: 3
Sticking to last point.
Cheapest frontier cost: 1.65m
Step: 61 | Mode: explore | Action: 1
Sticking to last point.
Cheapest frontier cost: 1.30m
Step: 62 | Mode: explore | Action: 2
Sticking to last point.
Cheapest frontier cost: 1.30m
Step: 63 | Mode: explore | Action: 1
Sticking to last point.
Cheapest frontier cost: 1.25m
Step: 64 | Mode: explore | Action: 2
Cheapest frontier cost: 5.70m
Step: 65 | Mode: explore | Action: 2
Sticking to last point.
Cheapest frontier cost: 5.70m
Step: 66 | Mode: explore | Action: 2
Sticking to last point.
Cheapest frontier cost: 5.70m
Step: 67 | Mode: explore | Action: 2
Sticking to last point.
Cheapest frontier cost: 5.70m
Step: 68 | Mode: explore | Action: 2
Sticking to last point.
Cheapest frontier cost: 5.70m
Step: 69 | Mode: explore | Action: 2
Sticking to last point.
Cheapest frontier cost: 5.70m
Step: 70 | Mode: explore | Action: 1
Sticking to last point.
Cheapest frontier cost: 5.40m
Step: 71 | Mode: explore | Action: 1
Sticking to last point.
Cheapest frontier cost: 5.00m
Step: 72 | Mode: explore | Action: 3
Sticking to last point.
Cheapest frontier cost: 5.00m
Step: 73 | Mode: explore | Action: 1
Sticking to last point.
Cheapest frontier cost: 4.70m
Step: 74 | Mode: explore | Action: 1
Sticking to last point.
Cheapest frontier cost: 4.65m
Step: 75 | Mode: explore | Action: 3
Sticking to last point.
Cheapest frontier cost: 4.65m
Step: 76 | Mode: explore | Action: 1
Sticking to last point.
Cheapest frontier cost: 4.40m
Step: 77 | Mode: explore | Action: 3
Sticking to last point.
Cheapest frontier cost: 4.40m
Step: 78 | Mode: explore | Action: 1
Sticking to last point.
Cheapest frontier cost: 4.00m
Step: 79 | Mode: explore | Action: 1
Sticking to last point.
Cheapest frontier cost: 3.70m
Step: 80 | Mode: explore | Action: 1
Sticking to last point.
Cheapest frontier cost: 3.35m
Step: 81 | Mode: explore | Action: 1
Sticking to last point.
Cheapest frontier cost: 3.00m
Step: 82 | Mode: explore | Action: 3
Sticking to last point.
Cheapest frontier cost: 3.00m
Step: 83 | Mode: explore | Action: 1
Sticking to last point.
Cheapest frontier cost: 2.65m
Step: 84 | Mode: explore | Action: 1
Sticking to last point.
Cheapest frontier cost: 2.30m
Step: 85 | Mode: explore | Action: 1
Sticking to last point.
Cheapest frontier cost: 2.10m
Step: 86 | Mode: explore | Action: 1
Sticking to last point.
Cheapest frontier cost: 2.00m
Step: 87 | Mode: explore | Action: 3
Sticking to last point.
Cheapest frontier cost: 2.00m
Step: 88 | Mode: explore | Action: 1
Sticking to last point.
Cheapest frontier cost: 1.75m
Step: 89 | Mode: explore | Action: 1
Sticking to last point.
Cheapest frontier cost: 1.50m
Step: 90 | Mode: explore | Action: 1
Sticking to last point.
Cheapest frontier cost: 1.40m
Step: 91 | Mode: explore | Action: 3
Cheapest frontier cost: 7.15m
Step: 92 | Mode: explore | Action: 3
Sticking to last point.
Cheapest frontier cost: 7.15m
Step: 93 | Mode: explore | Action: 3
Sticking to last point.
Cheapest frontier cost: 7.15m
Step: 94 | Mode: explore | Action: 3
Sticking to last point.
Cheapest frontier cost: 7.15m
Step: 95 | Mode: explore | Action: 3
Sticking to last point.
Cheapest frontier cost: 7.15m
 77%|███████▋  | 23/30 [11:02<03:19, 28.54s/it]Step: 96 | Mode: explore | Action: 3
Sticking to last point.
Cheapest frontier cost: 7.15m
Step: 97 | Mode: explore | Action: 1
Sticking to last point.
Cheapest frontier cost: 6.90m
Step: 98 | Mode: explore | Action: 2
Sticking to last point.
Cheapest frontier cost: 6.90m
Step: 99 | Mode: explore | Action: 1
Sticking to last point.
Cheapest frontier cost: 6.70m
Step: 100 | Mode: explore | Action: 1
Sticking to last point.
Cheapest frontier cost: 6.70m
Step: 101 | Mode: explore | Action: 3
Sticking to last point.
Cheapest frontier cost: 6.70m
Step: 102 | Mode: explore | Action: 1
Sticking to last point.
Cheapest frontier cost: 6.45m
Step: 103 | Mode: explore | Action: 2
Sticking to last point.
Cheapest frontier cost: 6.45m
Step: 104 | Mode: explore | Action: 1
Sticking to last point.
Cheapest frontier cost: 6.15m
Step: 105 | Mode: explore | Action: 1
Sticking to last point.
Cheapest frontier cost: 5.80m
Step: 106 | Mode: explore | Action: 1
Sticking to last point.
Cheapest frontier cost: 5.45m
Step: 107 | Mode: explore | Action: 2
Sticking to last point.
Cheapest frontier cost: 5.45m
Step: 108 | Mode: explore | Action: 3
Sticking to last point.
Cheapest frontier cost: 5.45m
Step: 109 | Mode: explore | Action: 3
Sticking to last point.
Cheapest frontier cost: 5.45m
Step: 110 | Mode: explore | Action: 3
Sticking to last point.
Cheapest frontier cost: 5.45m
Step: 111 | Mode: explore | Action: 3
Sticking to last point.
Cheapest frontier cost: 5.45m
Step: 112 | Mode: explore | Action: 1
Cheapest frontier cost: 5.55m
Step: 113 | Mode: explore | Action: 3
Sticking to last point.
Cheapest frontier cost: 5.55m
Step: 114 | Mode: explore | Action: 1
Cheapest frontier cost: 5.80m
Step: 115 | Mode: explore | Action: 2
Sticking to last point.
Cheapest frontier cost: 5.80m
Step: 116 | Mode: explore | Action: 1
Cheapest frontier cost: 5.40m
Step: 117 | Mode: explore | Action: 1
Sticking to last point.
Cheapest frontier cost: 5.10m
Step: 118 | Mode: explore | Action: 1
Sticking to last point.
Cheapest frontier cost: 4.75m
Step: 119 | Mode: explore | Action: 1
Sticking to last point.
Cheapest frontier cost: 4.40m
Step: 120 | Mode: explore | Action: 1
Sticking to last point.
Cheapest frontier cost: 4.05m
Step: 121 | Mode: explore | Action: 1
Cheapest frontier cost: 4.55m
Step: 122 | Mode: explore | Action: 1
Sticking to last point.
Cheapest frontier cost: 4.15m
Step: 123 | Mode: explore | Action: 2
Cheapest frontier cost: 5.40m
Step: 124 | Mode: explore | Action: 1
Sticking to last point.
Cheapest frontier cost: 5.10m
Step: 125 | Mode: explore | Action: 1
Sticking to last point.
Cheapest frontier cost: 4.70m
Step: 126 | Mode: explore | Action: 1
Sticking to last point.
Cheapest frontier cost: 4.35m
Step: 127 | Mode: explore | Action: 1
Sticking to last point.
Cheapest frontier cost: 4.05m
Step: 128 | Mode: explore | Action: 1
Sticking to last point.
Cheapest frontier cost: 3.70m
Step: 129 | Mode: explore | Action: 1
Sticking to last point.
Cheapest frontier cost: 3.40m
Step: 130 | Mode: explore | Action: 1
Sticking to last point.
Cheapest frontier cost: 3.10m
Step: 131 | Mode: explore | Action: 2
Sticking to last point.
Cheapest frontier cost: 3.10m
Step: 132 | Mode: explore | Action: 1
Sticking to last point.
Cheapest frontier cost: 2.85m
Step: 133 | Mode: explore | Action: 1
Sticking to last point.
Cheapest frontier cost: 2.60m
Step: 134 | Mode: explore | Action: 1
Sticking to last point.
Cheapest frontier cost: 2.35m
Step: 135 | Mode: explore | Action: 1
Sticking to last point.
Cheapest frontier cost: 2.10m
Step: 136 | Mode: explore | Action: 1
Sticking to last point.
Cheapest frontier cost: 1.85m
Step: 137 | Mode: explore | Action: 1
Sticking to last point.
Cheapest frontier cost: 1.60m
Step: 138 | Mode: explore | Action: 1
Sticking to last point.
Cheapest frontier cost: 1.40m
Step: 139 | Mode: explore | Action: 3
Sticking to last point.
Cheapest frontier cost: 1.40m
Step: 140 | Mode: explore | Action: 1
Cheapest frontier cost: 1.55m
Step: 141 | Mode: explore | Action: 2
Sticking to last point.
Cheapest frontier cost: 1.50m
Step: 142 | Mode: explore | Action: 1
Sticking to last point.
Cheapest frontier cost: 1.35m
Step: 143 | Mode: explore | Action: 1
Cheapest frontier cost: 1.75m
Step: 144 | Mode: explore | Action: 1
Sticking to last point.
Cheapest frontier cost: 1.50m
Step: 145 | Mode: explore | Action: 2
Cheapest frontier cost: 1.85m
Step: 146 | Mode: explore | Action: 1
Sticking to last point.
Cheapest frontier cost: 1.45m
Step: 147 | Mode: explore | Action: 1
Sticking to last point.
Cheapest frontier cost: 1.15m
Step: 148 | Mode: explore | Action: 2
Sticking to last point.
Cheapest frontier cost: 1.15m
Step: 149 | Mode: explore | Action: 1
Cheapest frontier cost: 1.25m
Step: 150 | Mode: explore | Action: 2
Cheapest frontier cost: 2.20m
Step: 151 | Mode: explore | Action: 2
Sticking to last point.
Cheapest frontier cost: 2.20m
Step: 152 | Mode: explore | Action: 2
Sticking to last point.
Cheapest frontier cost: 2.20m
Step: 153 | Mode: explore | Action: 2
Sticking to last point.
Cheapest frontier cost: 2.20m
Step: 154 | Mode: explore | Action: 2
Sticking to last point.
Cheapest frontier cost: 1.85m
Step: 155 | Mode: explore | Action: 2
Cheapest frontier cost: 3.20m
Step: 156 | Mode: explore | Action: 1
Cheapest frontier cost: 3.45m
Step: 157 | Mode: explore | Action: 1
Sticking to last point.
Cheapest frontier cost: 3.15m
Step: 158 | Mode: explore | Action: 2
Sticking to last point.
Cheapest frontier cost: 3.15m
Step: 159 | Mode: explore | Action: 1
Sticking to last point.
Cheapest frontier cost: 2.90m
Step: 160 | Mode: explore | Action: 1
Sticking to last point.
Cheapest frontier cost: 2.75m
Step: 161 | Mode: explore | Action: 1
Sticking to last point.
Cheapest frontier cost: 2.70m
Step: 162 | Mode: explore | Action: 1
Step: 163 | Mode: navigate | Action: 1
Step: 164 | Mode: navigate | Action: 1
Step: 165 | Mode: navigate | Action: 1
Step: 166 | Mode: navigate | Action: 1
Step: 167 | Mode: navigate | Action: 2
Step: 168 | Mode: navigate | Action: 1
Step: 169 | Mode: navigate | Action: 1
Step: 170 | Mode: navigate | Action: 1
Step: 171 | Mode: navigate | Action: 1
Step: 172 | Mode: navigate | Action: 1
Step: 173 | Mode: navigate | Action: 1
Step: 174 | Mode: navigate | Action: 1
Step: 175 | Mode: navigate | Action: 2
Step: 176 | Mode: navigate | Action: 1
Step: 177 | Mode: navigate | Action: 1
Step: 178 | Mode: navigate | Action: 1
Step: 179 | Mode: navigate | Action: 1
Step: 180 | Mode: navigate | Action: 1
Step: 181 | Mode: navigate | Action: 1
Step: 182 | Mode: navigate | Action: 0
Success rate: 47.83% (11 out of 23)
Logging episode 0002 to results/pilot/greedy_frontier_jsons/2_wcojb4TFT35.json
Step: 0 | Mode: initialize | Action: 2
Step: 1 | Mode: initialize | Action: 2
Step: 2 | Mode: initialize | Action: 2
Step: 3 | Mode: initialize | Action: 2
Step: 4 | Mode: initialize | Action: 2
Step: 5 | Mode: initialize | Action: 2
Step: 6 | Mode: initialize | Action: 2
Step: 7 | Mode: initialize | Action: 2
Step: 8 | Mode: initialize | Action: 2
Step: 9 | Mode: initialize | Action: 2
Step: 10 | Mode: initialize | Action: 2
Step: 11 | Mode: initialize | Action: 2
Cheapest frontier cost: 3.00m
Step: 12 | Mode: explore | Action: 1
Sticking to last point.
Cheapest frontier cost: 2.75m
Step: 13 | Mode: explore | Action: 1
Sticking to last point.
Cheapest frontier cost: 2.65m
Step: 14 | Mode: explore | Action: 1
Sticking to last point.
Cheapest frontier cost: 2.55m
Step: 15 | Mode: explore | Action: 1
Sticking to last point.
Cheapest frontier cost: 2.30m
Step: 16 | Mode: explore | Action: 1
Sticking to last point.
Cheapest frontier cost: 2.05m
Step: 17 | Mode: explore | Action: 2
Cheapest frontier cost: 4.10m
Step: 18 | Mode: explore | Action: 3
Sticking to last point.
Cheapest frontier cost: 4.10m
Step: 19 | Mode: explore | Action: 3
Sticking to last point.
Cheapest frontier cost: 4.10m
Step: 20 | Mode: explore | Action: 1
Sticking to last point.
Cheapest frontier cost: 3.80m
Step: 21 | Mode: explore | Action: 3
Sticking to last point.
Cheapest frontier cost: 3.80m
Step: 22 | Mode: explore | Action: 1
Sticking to last point.
Cheapest frontier cost: 3.40m
Step: 23 | Mode: explore | Action: 1
Sticking to last point.
Cheapest frontier cost: 3.10m
Step: 24 | Mode: explore | Action: 1
Sticking to last point.
Cheapest frontier cost: 2.75m
Step: 25 | Mode: explore | Action: 1
Sticking to last point.
Cheapest frontier cost: 2.40m
Step: 26 | Mode: explore | Action: 1
Sticking to last point.
Cheapest frontier cost: 2.05m
Step: 27 | Mode: explore | Action: 1
Sticking to last point.
Cheapest frontier cost: 1.75m
Step: 28 | Mode: explore | Action: 1
Sticking to last point.
Cheapest frontier cost: 1.30m
Step: 29 | Mode: explore | Action: 2
Sticking to last point.
Cheapest frontier cost: 1.30m
Step: 30 | Mode: explore | Action: 1
Sticking to last point.
Cheapest frontier cost: 1.05m
Step: 31 | Mode: explore | Action: 1
Sticking to last point.
Cheapest frontier cost: 1.05m
Step: 32 | Mode: explore | Action: 2
Sticking to last point.
Cheapest frontier cost: 1.05m
Step: 33 | Mode: explore | Action: 1
Cheapest frontier cost: 1.20m
Step: 34 | Mode: explore | Action: 2
Cheapest frontier cost: 1.35m
Step: 35 | Mode: explore | Action: 3
Sticking to last point.
Cheapest frontier cost: 1.35m
Step: 36 | Mode: explore | Action: 3
Sticking to last point.
Cheapest frontier cost: 1.35m
Step: 37 | Mode: explore | Action: 3
Cheapest frontier cost: 1.45m
Step: 38 | Mode: explore | Action: 2
Sticking to last point.
Cheapest frontier cost: 1.45m
Step: 39 | Mode: explore | Action: 2
Sticking to last point.
Cheapest frontier cost: 1.45m
Step: 40 | Mode: explore | Action: 1
Cheapest frontier cost: 1.90m
Step: 41 | Mode: explore | Action: 2
Sticking to last point.
Cheapest frontier cost: 1.80m
Step: 42 | Mode: explore | Action: 1
Sticking to last point.
Cheapest frontier cost: 1.40m
Step: 43 | Mode: explore | Action: 1
Sticking to last point.
Cheapest frontier cost: 1.10m
Step: 44 | Mode: explore | Action: 2
Cheapest frontier cost: 1.50m
Step: 45 | Mode: explore | Action: 3
Sticking to last point.
Cheapest frontier cost: 1.50m
Step: 46 | Mode: explore | Action: 1
Sticking to last point.
Cheapest frontier cost: 1.20m
Step: 47 | Mode: explore | Action: 2
Sticking to last point.
Cheapest frontier cost: 1.20m
Step: 48 | Mode: explore | Action: 1
Sticking to last point.
Cheapest frontier cost: 0.85m
Step: 49 | Mode: explore | Action: 3
Cheapest frontier cost: 0.90m
Step: 50 | Mode: explore | Action: 1
Sticking to last point.
Cheapest frontier cost: 0.70m
Step: 51 | Mode: explore | Action: 3
Sticking to last point.
Cheapest frontier cost: 0.70m
Step: 52 | Mode: explore | Action: 1
Sticking to last point.
Cheapest frontier cost: 0.50m
Step: 53 | Mode: explore | Action: 1
Sticking to last point.
Cheapest frontier cost: 0.50m
Step: 54 | Mode: explore | Action: 2
Cheapest frontier cost: 0.65m
Step: 55 | Mode: explore | Action: 1
Sticking to last point.
Cheapest frontier cost: 0.65m
Step: 56 | Mode: explore | Action: 2
Sticking to last point.
Cheapest frontier cost: 0.65m
Step: 57 | Mode: explore | Action: 1
Cheapest frontier cost: 0.70m
Step: 58 | Mode: explore | Action: 3
Sticking to last point.
Cheapest frontier cost: 0.70m
Step: 59 | Mode: explore | Action: 3
Sticking to last point.
Cheapest frontier cost: 0.70m
Step: 60 | Mode: explore | Action: 3
Cheapest frontier cost: 4.50m
Step: 61 | Mode: explore | Action: 3
Sticking to last point.
Cheapest frontier cost: 4.50m
Step: 62 | Mode: explore | Action: 3
Sticking to last point.
Cheapest frontier cost: 4.50m
Step: 63 | Mode: explore | Action: 3
Cheapest frontier cost: 4.70m
Step: 64 | Mode: explore | Action: 3
Sticking to last point.
Cheapest frontier cost: 4.70m
Step: 65 | Mode: explore | Action: 1
Sticking to last point.
Cheapest frontier cost: 4.30m
Step: 66 | Mode: explore | Action: 1
Cheapest frontier cost: 6.10m
Step: 67 | Mode: explore | Action: 1
Sticking to last point.
Cheapest frontier cost: 5.90m
Step: 68 | Mode: explore | Action: 2
Sticking to last point.
Cheapest frontier cost: 5.90m
Step: 69 | Mode: explore | Action: 1
Sticking to last point.
Cheapest frontier cost: 5.55m
Step: 70 | Mode: explore | Action: 1
Sticking to last point.
Cheapest frontier cost: 5.25m
Step: 71 | Mode: explore | Action: 1
Sticking to last point.
Cheapest frontier cost: 4.85m
Step: 72 | Mode: explore | Action: 1
Sticking to last point.
Cheapest frontier cost: 4.50m
Step: 73 | Mode: explore | Action: 1
Sticking to last point.
Cheapest frontier cost: 4.15m
Step: 74 | Mode: explore | Action: 1
Sticking to last point.
Cheapest frontier cost: 3.80m
Step: 75 | Mode: explore | Action: 1
Sticking to last point.
Cheapest frontier cost: 3.45m
Step: 76 | Mode: explore | Action: 1
Sticking to last point.
Cheapest frontier cost: 3.15m
Step: 77 | Mode: explore | Action: 1
Sticking to last point.
Cheapest frontier cost: 2.75m
Step: 78 | Mode: explore | Action: 1
Sticking to last point.
Cheapest frontier cost: 2.45m
Step: 79 | Mode: explore | Action: 1
Sticking to last point.
Cheapest frontier cost: 2.05m
Step: 80 | Mode: explore | Action: 1
Sticking to last point.
Cheapest frontier cost: 1.70m
Step: 81 | Mode: explore | Action: 1
Sticking to last point.
Cheapest frontier cost: 1.35m
Step: 82 | Mode: explore | Action: 1
Cheapest frontier cost: 2.45m
Step: 83 | Mode: explore | Action: 1
Sticking to last point.
Cheapest frontier cost: 2.05m
Step: 84 | Mode: explore | Action: 1
Sticking to last point.
Cheapest frontier cost: 1.75m
Step: 85 | Mode: explore | Action: 1
Sticking to last point.
Cheapest frontier cost: 1.40m
Step: 86 | Mode: explore | Action: 1
Sticking to last point.
Cheapest frontier cost: 1.00m
Step: 87 | Mode: explore | Action: 2
Sticking to last point.
Cheapest frontier cost: 1.00m
Step: 88 | Mode: explore | Action: 1
Sticking to last point.
Cheapest frontier cost: 0.80m
Step: 89 | Mode: explore | Action: 3
Sticking to last point.
Cheapest frontier cost: 0.80m
Step: 90 | Mode: explore | Action: 1
Sticking to last point.
Cheapest frontier cost: 0.80m
Step: 91 | Mode: explore | Action: 3
Sticking to last point.
Cheapest frontier cost: 0.80m
Step: 92 | Mode: explore | Action: 1
Sticking to last point.
Cheapest frontier cost: 0.80m
Step: 93 | Mode: explore | Action: 2
Sticking to last point.
Cheapest frontier cost: 0.80m
Step: 94 | Mode: explore | Action: 2
Cheapest frontier cost: 0.90m
Step: 95 | Mode: explore | Action: 2
Cheapest frontier cost: 1.90m
Step: 96 | Mode: explore | Action: 3
Sticking to last point.
Cheapest frontier cost: 1.90m
Step: 97 | Mode: explore | Action: 1
Sticking to last point.
Cheapest frontier cost: 1.65m
Step: 98 | Mode: explore | Action: 1
Sticking to last point.
Cheapest frontier cost: 1.40m
Step: 99 | Mode: explore | Action: 1
Cheapest frontier cost: 1.90m
Step: 100 | Mode: explore | Action: 3
Sticking to last point.
Cheapest frontier cost: 1.90m
Step: 101 | Mode: explore | Action: 1
Sticking to last point.
Cheapest frontier cost: 1.55m
Step: 102 | Mode: explore | Action: 1
Sticking to last point.
Cheapest frontier cost: 1.50m
Step: 103 | Mode: explore | Action: 3
Sticking to last point.
Cheapest frontier cost: 1.50m
Step: 104 | Mode: explore | Action: 2
Sticking to last point.
Cheapest frontier cost: 1.50m
Step: 105 | Mode: explore | Action: 1
Sticking to last point.
Cheapest frontier cost: 1.25m
Step: 106 | Mode: explore | Action: 3
Step: 107 | Mode: navigate | Action: 2
Step: 108 | Mode: navigate | Action: 1
Step: 109 | Mode: navigate | Action: 3
Step: 110 | Mode: navigate | Action: 1
Step: 111 | Mode: navigate | Action: 1
Step: 112 | Mode: navigate | Action: 3
Step: 113 | Mode: navigate | Action: 3
Step: 114 | Mode: navigate | Action: 1
Step: 115 | Mode: navigate | Action: 1
Step: 116 | Mode: navigate | Action: 1
Step: 117 | Mode: navigate | Action: 2
Step: 118 | Mode: navigate | Action: 1
Step: 119 | Mode: navigate | Action: 2
Step: 120 | Mode: navigate | Action: 1
Step: 121 | Mode: navigate | Action: 3
Step: 122 | Mode: navigate | Action: 3
Step: 123 | Mode: navigate | Action: 1
Step: 124 | Mode: navigate | Action: 3
Step: 125 | Mode: navigate | Action: 1
Step: 126 | Mode: navigate | Action: 2
Step: 127 | Mode: navigate | Action: 1
Step: 128 | Mode: navigate | Action: 1
Step: 129 | Mode: navigate | Action: 2
Step: 130 | Mode: navigate | Action: 1
 80%|████████  | 24/30 [11:35<02:59, 29.96s/it]Step: 131 | Mode: navigate | Action: 1
Step: 132 | Mode: navigate | Action: 1
Step: 133 | Mode: navigate | Action: 1
Step: 134 | Mode: navigate | Action: 1
Step: 135 | Mode: navigate | Action: 1
Step: 136 | Mode: navigate | Action: 1
Step: 137 | Mode: navigate | Action: 3
Step: 138 | Mode: navigate | Action: 1
Step: 139 | Mode: navigate | Action: 1
Step: 140 | Mode: navigate | Action: 0
Success rate: 50.00% (12 out of 24)
Logging episode 0003 to results/pilot/greedy_frontier_jsons/3_wcojb4TFT35.json
Step: 0 | Mode: initialize | Action: 2
Step: 1 | Mode: initialize | Action: 2
Step: 2 | Mode: initialize | Action: 2
Step: 3 | Mode: initialize | Action: 2
Step: 4 | Mode: initialize | Action: 2
Step: 5 | Mode: initialize | Action: 2
Step: 6 | Mode: initialize | Action: 2
Step: 7 | Mode: initialize | Action: 2
Step: 8 | Mode: initialize | Action: 2
Step: 9 | Mode: initialize | Action: 2
Step: 10 | Mode: initialize | Action: 2
Step: 11 | Mode: initialize | Action: 2
Cheapest frontier cost: 4.00m
Step: 12 | Mode: explore | Action: 3
Sticking to last point.
Cheapest frontier cost: 4.00m
Step: 13 | Mode: explore | Action: 1
Cheapest frontier cost: 3.75m
Step: 14 | Mode: explore | Action: 1
Sticking to last point.
Cheapest frontier cost: 3.45m
Step: 15 | Mode: explore | Action: 1
Sticking to last point.
Cheapest frontier cost: 3.05m
Step: 16 | Mode: explore | Action: 1
Sticking to last point.
Cheapest frontier cost: 2.70m
Step: 17 | Mode: explore | Action: 1
Sticking to last point.
Cheapest frontier cost: 2.30m
Step: 18 | Mode: explore | Action: 2
Sticking to last point.
Cheapest frontier cost: 2.30m
Step: 19 | Mode: explore | Action: 1
Sticking to last point.
Cheapest frontier cost: 2.05m
Step: 20 | Mode: explore | Action: 1
Sticking to last point.
Cheapest frontier cost: 1.80m
Step: 21 | Mode: explore | Action: 1
Sticking to last point.
Cheapest frontier cost: 1.55m
Step: 22 | Mode: explore | Action: 1
Sticking to last point.
Cheapest frontier cost: 1.35m
Step: 23 | Mode: explore | Action: 1
Cheapest frontier cost: 3.90m
Step: 24 | Mode: explore | Action: 3
Sticking to last point.
Cheapest frontier cost: 3.90m
Step: 25 | Mode: explore | Action: 3
Cheapest frontier cost: 4.75m
Step: 26 | Mode: explore | Action: 3
Cheapest frontier cost: 4.80m
Step: 27 | Mode: explore | Action: 1
Sticking to last point.
Cheapest frontier cost: 4.55m
Step: 28 | Mode: explore | Action: 1
Sticking to last point.
Cheapest frontier cost: 4.35m
Step: 29 | Mode: explore | Action: 1
Sticking to last point.
Cheapest frontier cost: 4.10m
Step: 30 | Mode: explore | Action: 1
Sticking to last point.
Cheapest frontier cost: 3.85m
Step: 31 | Mode: explore | Action: 3
Sticking to last point.
Cheapest frontier cost: 3.85m
Step: 32 | Mode: explore | Action: 1
Sticking to last point.
Cheapest frontier cost: 3.50m
Step: 33 | Mode: explore | Action: 1
Sticking to last point.
Cheapest frontier cost: 3.25m
Step: 34 | Mode: explore | Action: 1
Cheapest frontier cost: 2.20m
Step: 35 | Mode: explore | Action: 2
Sticking to last point.
Cheapest frontier cost: 2.20m
Step: 36 | Mode: explore | Action: 3
Sticking to last point.
Cheapest frontier cost: 2.20m
Step: 37 | Mode: explore | Action: 1
Sticking to last point.
Cheapest frontier cost: 1.95m
Step: 38 | Mode: explore | Action: 1
Sticking to last point.
Cheapest frontier cost: 1.90m
Step: 39 | Mode: explore | Action: 2
Sticking to last point.
Cheapest frontier cost: 1.90m
Step: 40 | Mode: explore | Action: 1
Sticking to last point.
Cheapest frontier cost: 1.65m
Step: 41 | Mode: explore | Action: 2
Sticking to last point.
Cheapest frontier cost: 1.65m
Step: 42 | Mode: explore | Action: 1
Sticking to last point.
Cheapest frontier cost: 1.30m
Step: 43 | Mode: explore | Action: 1
Sticking to last point.
Cheapest frontier cost: 1.05m
Step: 44 | Mode: explore | Action: 3
Cheapest frontier cost: 1.90m
Step: 45 | Mode: explore | Action: 1
Sticking to last point.
Cheapest frontier cost: 1.70m
Step: 46 | Mode: explore | Action: 1
Sticking to last point.
Cheapest frontier cost: 1.35m
Step: 47 | Mode: explore | Action: 2
Cheapest frontier cost: 1.60m
Step: 48 | Mode: explore | Action: 3
Sticking to last point.
Cheapest frontier cost: 1.60m
Step: 49 | Mode: explore | Action: 1
Sticking to last point.
Cheapest frontier cost: 1.35m
Step: 50 | Mode: explore | Action: 1
Sticking to last point.
Cheapest frontier cost: 1.10m
Step: 51 | Mode: explore | Action: 3
Sticking to last point.
Cheapest frontier cost: 1.10m
Step: 52 | Mode: explore | Action: 1
Sticking to last point.
Cheapest frontier cost: 0.90m
Step: 53 | Mode: explore | Action: 1
Sticking to last point.
Cheapest frontier cost: 0.60m
Step: 54 | Mode: explore | Action: 3
Cheapest frontier cost: 1.95m
Step: 55 | Mode: explore | Action: 3
Cheapest frontier cost: 2.10m
Step: 56 | Mode: explore | Action: 1
Sticking to last point.
Cheapest frontier cost: 1.75m
Step: 57 | Mode: explore | Action: 1
Sticking to last point.
Cheapest frontier cost: 1.55m
Step: 58 | Mode: explore | Action: 1
Sticking to last point.
Cheapest frontier cost: 1.25m
Step: 59 | Mode: explore | Action: 2
Sticking to last point.
Cheapest frontier cost: 1.25m
Step: 60 | Mode: explore | Action: 1
Sticking to last point.
Cheapest frontier cost: 0.85m
Step: 61 | Mode: explore | Action: 2
Cheapest frontier cost: 3.30m
Step: 62 | Mode: explore | Action: 3
Sticking to last point.
Cheapest frontier cost: 3.30m
Step: 63 | Mode: explore | Action: 3
Cheapest frontier cost: 3.35m
Step: 64 | Mode: explore | Action: 3
Sticking to last point.
Cheapest frontier cost: 3.35m
Step: 65 | Mode: explore | Action: 1
Sticking to last point.
Cheapest frontier cost: 2.95m
Step: 66 | Mode: explore | Action: 1
Sticking to last point.
Cheapest frontier cost: 2.65m
Step: 67 | Mode: explore | Action: 1
Sticking to last point.
Cheapest frontier cost: 2.30m
Step: 68 | Mode: explore | Action: 1
Sticking to last point.
Cheapest frontier cost: 2.00m
Step: 69 | Mode: explore | Action: 1
Sticking to last point.
Cheapest frontier cost: 1.60m
Step: 70 | Mode: explore | Action: 1
Sticking to last point.
Cheapest frontier cost: 1.30m
Step: 71 | Mode: explore | Action: 2
Sticking to last point.
Cheapest frontier cost: 1.30m
Step: 72 | Mode: explore | Action: 1
Sticking to last point.
Cheapest frontier cost: 1.10m
Step: 73 | Mode: explore | Action: 1
Sticking to last point.
Cheapest frontier cost: 0.85m
Step: 74 | Mode: explore | Action: 3
Cheapest frontier cost: 1.35m
Step: 75 | Mode: explore | Action: 3
Sticking to last point.
Cheapest frontier cost: 1.25m
Step: 76 | Mode: explore | Action: 2
Sticking to last point.
Cheapest frontier cost: 1.25m
Step: 77 | Mode: explore | Action: 1
Sticking to last point.
Cheapest frontier cost: 0.90m
Step: 78 | Mode: explore | Action: 3
Cheapest frontier cost: 1.55m
Step: 79 | Mode: explore | Action: 3
Sticking to last point.
Cheapest frontier cost: 1.55m
Step: 80 | Mode: explore | Action: 1
Sticking to last point.
Cheapest frontier cost: 1.40m
Step: 81 | Mode: explore | Action: 1
Sticking to last point.
Cheapest frontier cost: 1.40m
Step: 82 | Mode: explore | Action: 2
Sticking to last point.
Cheapest frontier cost: 1.40m
Step: 83 | Mode: explore | Action: 1
Sticking to last point.
Cheapest frontier cost: 1.05m
Step: 84 | Mode: explore | Action: 3
Sticking to last point.
Cheapest frontier cost: 1.05m
Step: 85 | Mode: explore | Action: 1
Sticking to last point.
Cheapest frontier cost: 0.90m
Step: 86 | Mode: explore | Action: 1
Sticking to last point.
Cheapest frontier cost: 0.65m
Step: 87 | Mode: explore | Action: 2
Cheapest frontier cost: 1.75m
Step: 88 | Mode: explore | Action: 2
Sticking to last point.
Cheapest frontier cost: 1.75m
Step: 89 | Mode: explore | Action: 1
Sticking to last point.
Cheapest frontier cost: 1.35m
Step: 90 | Mode: explore | Action: 1
Sticking to last point.
Cheapest frontier cost: 1.20m
Step: 91 | Mode: explore | Action: 1
Sticking to last point.
Cheapest frontier cost: 0.90m
Step: 92 | Mode: explore | Action: 3
Cheapest frontier cost: 1.35m
Step: 93 | Mode: explore | Action: 3
Cheapest frontier cost: 2.80m
Step: 94 | Mode: explore | Action: 2
Sticking to last point.
Cheapest frontier cost: 2.80m
Step: 95 | Mode: explore | Action: 2
Sticking to last point.
Cheapest frontier cost: 2.80m
Step: 96 | Mode: explore | Action: 1
Sticking to last point.
Cheapest frontier cost: 2.45m
Step: 97 | Mode: explore | Action: 2
Sticking to last point.
Cheapest frontier cost: 2.45m
Step: 98 | Mode: explore | Action: 1
Sticking to last point.
Cheapest frontier cost: 2.20m
Step: 99 | Mode: explore | Action: 1
Sticking to last point.
Cheapest frontier cost: 1.95m
Step: 100 | Mode: explore | Action: 1
Sticking to last point.
Cheapest frontier cost: 1.70m
Step: 101 | Mode: explore | Action: 1
Sticking to last point.
Cheapest frontier cost: 1.45m
Step: 102 | Mode: explore | Action: 3
Sticking to last point.
Cheapest frontier cost: 1.45m
Step: 103 | Mode: explore | Action: 1
Sticking to last point.
Cheapest frontier cost: 1.05m
Step: 104 | Mode: explore | Action: 1
Sticking to last point.
Cheapest frontier cost: 0.85m
Step: 105 | Mode: explore | Action: 1
Sticking to last point.
Cheapest frontier cost: 0.80m
Step: 106 | Mode: explore | Action: 2
Cheapest frontier cost: 0.95m
Step: 107 | Mode: explore | Action: 2
Sticking to last point.
Cheapest frontier cost: 0.95m
Step: 108 | Mode: explore | Action: 1
Sticking to last point.
Cheapest frontier cost: 0.70m
Step: 109 | Mode: explore | Action: 1
Sticking to last point.
Cheapest frontier cost: 0.70m
Step: 110 | Mode: explore | Action: 3
Sticking to last point.
Cheapest frontier cost: 0.70m
Step: 111 | Mode: explore | Action: 1
Sticking to last point.
Cheapest frontier cost: 0.70m
Step: 112 | Mode: explore | Action: 3
Sticking to last point.
Cheapest frontier cost: 0.70m
Step: 113 | Mode: explore | Action: 1
Sticking to last point.
Cheapest frontier cost: 0.65m
Step: 114 | Mode: explore | Action: 2
Sticking to last point.
Cheapest frontier cost: 0.65m
Step: 115 | Mode: explore | Action: 2
Cheapest frontier cost: 1.30m
Step: 116 | Mode: explore | Action: 3
Sticking to last point.
Cheapest frontier cost: 1.30m
Step: 117 | Mode: explore | Action: 3
Sticking to last point.
Cheapest frontier cost: 1.30m
Step: 118 | Mode: explore | Action: 3
Sticking to last point.
Cheapest frontier cost: 1.30m
Step: 119 | Mode: explore | Action: 3
Sticking to last point.
Cheapest frontier cost: 1.20m
Step: 120 | Mode: explore | Action: 3
Cheapest frontier cost: 1.30m
Step: 121 | Mode: explore | Action: 3
Sticking to last point.
Cheapest frontier cost: 1.30m
Step: 122 | Mode: explore | Action: 3
Sticking to last point.
Cheapest frontier cost: 1.30m
Step: 123 | Mode: explore | Action: 3
Sticking to last point.
Cheapest frontier cost: 1.30m
Step: 124 | Mode: explore | Action: 3
Cheapest frontier cost: 2.65m
Step: 125 | Mode: explore | Action: 3
Sticking to last point.
Cheapest frontier cost: 2.65m
Step: 126 | Mode: explore | Action: 3
Sticking to last point.
Cheapest frontier cost: 2.65m
Step: 127 | Mode: explore | Action: 3
Sticking to last point.
Cheapest frontier cost: 2.65m
Step: 128 | Mode: explore | Action: 3
Sticking to last point.
Cheapest frontier cost: 2.65m
Step: 129 | Mode: explore | Action: 3
Sticking to last point.
Cheapest frontier cost: 2.65m
Step: 130 | Mode: explore | Action: 1
Sticking to last point.
Cheapest frontier cost: 2.35m
Step: 131 | Mode: explore | Action: 1
Sticking to last point.
Cheapest frontier cost: 2.00m
Step: 132 | Mode: explore | Action: 1
Sticking to last point.
Cheapest frontier cost: 1.70m
Step: 133 | Mode: explore | Action: 1
Sticking to last point.
Cheapest frontier cost: 1.35m
Step: 134 | Mode: explore | Action: 1
Sticking to last point.
Cheapest frontier cost: 1.10m
Step: 135 | Mode: explore | Action: 1
Sticking to last point.
Cheapest frontier cost: 1.05m
Step: 136 | Mode: explore | Action: 1
Sticking to last point.
Cheapest frontier cost: 0.90m
Step: 137 | Mode: explore | Action: 3
Cheapest frontier cost: 1.40m
Step: 138 | Mode: explore | Action: 3
Cheapest frontier cost: 1.90m
Step: 139 | Mode: explore | Action: 1
Sticking to last point.
Cheapest frontier cost: 1.65m
Step: 140 | Mode: explore | Action: 1
Sticking to last point.
Cheapest frontier cost: 1.40m
Step: 141 | Mode: explore | Action: 1
Sticking to last point.
Cheapest frontier cost: 1.25m
Step: 142 | Mode: explore | Action: 1
Cheapest frontier cost: 2.80m
Step: 143 | Mode: explore | Action: 2
Sticking to last point.
Cheapest frontier cost: 2.80m
Step: 144 | Mode: explore | Action: 1
Cheapest frontier cost: 2.50m
Step: 145 | Mode: explore | Action: 1
Sticking to last point.
Cheapest frontier cost: 2.45m
Step: 146 | Mode: explore | Action: 2
Sticking to last point.
Cheapest frontier cost: 2.45m
Step: 147 | Mode: explore | Action: 1
Sticking to last point.
Cheapest frontier cost: 2.45m
Step: 148 | Mode: explore | Action: 2
Sticking to last point.
Cheapest frontier cost: 2.45m
Step: 149 | Mode: explore | Action: 1
Sticking to last point.
Cheapest frontier cost: 2.45m
Step: 150 | Mode: explore | Action: 3
Sticking to last point.
Cheapest frontier cost: 2.45m
Step: 151 | Mode: explore | Action: 3
Sticking to last point.
Cheapest frontier cost: 2.45m
Step: 152 | Mode: explore | Action: 1
Sticking to last point.
Cheapest frontier cost: 2.45m
Step: 153 | Mode: explore | Action: 3
Sticking to last point.
Cheapest frontier cost: 2.45m
Step: 154 | Mode: explore | Action: 1
Sticking to last point.
Cheapest frontier cost: 2.20m
Step: 155 | Mode: explore | Action: 2
Sticking to last point.
Cheapest frontier cost: 2.20m
Step: 156 | Mode: explore | Action: 1
Sticking to last point.
Cheapest frontier cost: 1.80m
Step: 157 | Mode: explore | Action: 3
Cheapest frontier cost: 2.10m
Step: 158 | Mode: explore | Action: 1
Sticking to last point.
Cheapest frontier cost: 2.00m
Step: 159 | Mode: explore | Action: 1
Sticking to last point.
Cheapest frontier cost: 2.00m
Step: 160 | Mode: explore | Action: 2
Sticking to last point.
Cheapest frontier cost: 2.00m
Step: 161 | Mode: explore | Action: 1
Sticking to last point.
Cheapest frontier cost: 1.90m
Step: 162 | Mode: explore | Action: 3
Sticking to last point.
Cheapest frontier cost: 1.75m
Step: 163 | Mode: explore | Action: 3
Cheapest frontier cost: 2.20m
Step: 164 | Mode: explore | Action: 2
Sticking to last point.
Cheapest frontier cost: 2.20m
Step: 165 | Mode: explore | Action: 1
Sticking to last point.
Cheapest frontier cost: 2.05m
Step: 166 | Mode: explore | Action: 1
Sticking to last point.
Cheapest frontier cost: 1.80m
Step: 167 | Mode: explore | Action: 3
Sticking to last point.
Cheapest frontier cost: 1.80m
Step: 168 | Mode: explore | Action: 1
Sticking to last point.
Cheapest frontier cost: 1.50m
Step: 169 | Mode: explore | Action: 1
Sticking to last point.
Cheapest frontier cost: 1.30m
Step: 170 | Mode: explore | Action: 3
Cheapest frontier cost: 5.05m
Step: 171 | Mode: explore | Action: 3
Sticking to last point.
Cheapest frontier cost: 5.05m
Step: 172 | Mode: explore | Action: 3
Sticking to last point.
Cheapest frontier cost: 5.05m
Step: 173 | Mode: explore | Action: 3
Sticking to last point.
Cheapest frontier cost: 5.05m
Step: 174 | Mode: explore | Action: 3
Sticking to last point.
Cheapest frontier cost: 5.05m
Step: 175 | Mode: explore | Action: 1
Sticking to last point.
Cheapest frontier cost: 4.80m
Step: 176 | Mode: explore | Action: 3
Sticking to last point.
Cheapest frontier cost: 4.80m
Step: 177 | Mode: explore | Action: 1
Sticking to last point.
Cheapest frontier cost: 4.40m
Step: 178 | Mode: explore | Action: 1
Sticking to last point.
Cheapest frontier cost: 4.30m
Step: 179 | Mode: explore | Action: 2
Sticking to last point.
Cheapest frontier cost: 4.30m
Step: 180 | Mode: explore | Action: 1
Sticking to last point.
Cheapest frontier cost: 4.05m
Step: 181 | Mode: explore | Action: 1
Sticking to last point.
Cheapest frontier cost: 3.80m
Step: 182 | Mode: explore | Action: 2
Sticking to last point.
Cheapest frontier cost: 3.80m
Step: 183 | Mode: explore | Action: 1
Sticking to last point.
Cheapest frontier cost: 3.50m
Step: 184 | Mode: explore | Action: 1
Sticking to last point.
Cheapest frontier cost: 3.10m
Step: 185 | Mode: explore | Action: 1
Sticking to last point.
Cheapest frontier cost: 3.00m
Step: 186 | Mode: explore | Action: 3
Sticking to last point.
 83%|████████▎ | 25/30 [12:28<03:04, 36.95s/it] 87%|████████▋ | 26/30 [12:40<01:57, 29.33s/it]Cheapest frontier cost: 3.00m
Step: 187 | Mode: explore | Action: 1
Sticking to last point.
Cheapest frontier cost: 2.75m
Step: 188 | Mode: explore | Action: 1
Sticking to last point.
Cheapest frontier cost: 2.50m
Step: 189 | Mode: explore | Action: 1
Sticking to last point.
Cheapest frontier cost: 2.25m
Step: 190 | Mode: explore | Action: 3
Sticking to last point.
Cheapest frontier cost: 2.25m
Step: 191 | Mode: explore | Action: 1
Sticking to last point.
Cheapest frontier cost: 1.95m
Step: 192 | Mode: explore | Action: 3
Sticking to last point.
Cheapest frontier cost: 1.95m
Step: 193 | Mode: explore | Action: 1
Sticking to last point.
Cheapest frontier cost: 1.75m
Step: 194 | Mode: explore | Action: 3
Sticking to last point.
Cheapest frontier cost: 1.75m
Step: 195 | Mode: explore | Action: 1
Sticking to last point.
Cheapest frontier cost: 1.50m
Step: 196 | Mode: explore | Action: 1
Sticking to last point.
Cheapest frontier cost: 1.25m
Step: 197 | Mode: explore | Action: 1
Sticking to last point.
Cheapest frontier cost: 1.10m
Step: 198 | Mode: explore | Action: 3
Sticking to last point.
Cheapest frontier cost: 1.10m
Step: 199 | Mode: explore | Action: 1
Sticking to last point.
Cheapest frontier cost: 0.75m
Step: 200 | Mode: explore | Action: 1
Sticking to last point.
Cheapest frontier cost: 0.60m
Step: 201 | Mode: explore | Action: 3
Cheapest frontier cost: 1.30m
Step: 202 | Mode: explore | Action: 3
Sticking to last point.
Cheapest frontier cost: 1.30m
Step: 203 | Mode: explore | Action: 3
Sticking to last point.
Cheapest frontier cost: 1.30m
Step: 204 | Mode: explore | Action: 3
Sticking to last point.
Cheapest frontier cost: 1.30m
Step: 205 | Mode: explore | Action: 3
Sticking to last point.
Cheapest frontier cost: 1.30m
Step: 206 | Mode: explore | Action: 1
Sticking to last point.
Cheapest frontier cost: 1.25m
Step: 207 | Mode: explore | Action: 3
Cheapest frontier cost: 1.65m
Step: 208 | Mode: explore | Action: 1
Sticking to last point.
Cheapest frontier cost: 1.65m
Step: 209 | Mode: explore | Action: 3
Cheapest frontier cost: 7.25m
Step: 210 | Mode: explore | Action: 2
Sticking to last point.
Cheapest frontier cost: 7.25m
Step: 211 | Mode: explore | Action: 1
Sticking to last point.
Cheapest frontier cost: 7.25m
Step: 212 | Mode: explore | Action: 3
Sticking to last point.
Cheapest frontier cost: 7.25m
Step: 213 | Mode: explore | Action: 1
Sticking to last point.
Cheapest frontier cost: 7.25m
Step: 214 | Mode: explore | Action: 3
Sticking to last point.
Cheapest frontier cost: 7.25m
Step: 215 | Mode: explore | Action: 1
Sticking to last point.
Cheapest frontier cost: 7.00m
Step: 216 | Mode: explore | Action: 2
Sticking to last point.
Cheapest frontier cost: 7.00m
Step: 217 | Mode: explore | Action: 2
Sticking to last point.
Cheapest frontier cost: 7.00m
Step: 218 | Mode: explore | Action: 1
Sticking to last point.
Cheapest frontier cost: 6.65m
Step: 219 | Mode: explore | Action: 2
Sticking to last point.
Cheapest frontier cost: 6.65m
Step: 220 | Mode: explore | Action: 1
Sticking to last point.
Cheapest frontier cost: 6.40m
Step: 221 | Mode: explore | Action: 1
Sticking to last point.
Cheapest frontier cost: 6.15m
Step: 222 | Mode: explore | Action: 1
Sticking to last point.
Cheapest frontier cost: 5.90m
Step: 223 | Mode: explore | Action: 1
Sticking to last point.
Cheapest frontier cost: 5.65m
Step: 224 | Mode: explore | Action: 1
Sticking to last point.
Cheapest frontier cost: 5.40m
Step: 225 | Mode: explore | Action: 3
Sticking to last point.
Cheapest frontier cost: 5.40m
Step: 226 | Mode: explore | Action: 1
Sticking to last point.
Cheapest frontier cost: 5.05m
Step: 227 | Mode: explore | Action: 1
Sticking to last point.
Cheapest frontier cost: 4.75m
Step: 228 | Mode: explore | Action: 1
Sticking to last point.
Cheapest frontier cost: 4.35m
Step: 229 | Mode: explore | Action: 1
Sticking to last point.
Cheapest frontier cost: 4.25m
Step: 230 | Mode: explore | Action: 2
Sticking to last point.
Cheapest frontier cost: 4.25m
Step: 231 | Mode: explore | Action: 1
Sticking to last point.
Cheapest frontier cost: 4.00m
Step: 232 | Mode: explore | Action: 1
Sticking to last point.
Cheapest frontier cost: 3.75m
Step: 233 | Mode: explore | Action: 1
Sticking to last point.
Cheapest frontier cost: 3.50m
Step: 234 | Mode: explore | Action: 2
Cheapest frontier cost: 2.30m
Step: 235 | Mode: explore | Action: 2
Sticking to last point.
Cheapest frontier cost: 2.30m
Step: 236 | Mode: explore | Action: 1
Sticking to last point.
Cheapest frontier cost: 2.00m
Step: 237 | Mode: explore | Action: 2
Sticking to last point.
Cheapest frontier cost: 2.00m
Step: 238 | Mode: explore | Action: 1
Sticking to last point.
Cheapest frontier cost: 1.70m
Step: 239 | Mode: explore | Action: 3
Sticking to last point.
Cheapest frontier cost: 1.70m
Step: 240 | Mode: explore | Action: 1
No frontiers found during exploration, stopping.
Step: 241 | Mode: explore | Action: 0
Success rate: 48.00% (12 out of 25)
Episode 13 in scene wcojb4TFT35 failed due to 'false_negative'.
Logging episode 0013 to results/pilot/greedy_frontier_jsons/13_wcojb4TFT35.json
Step: 0 | Mode: initialize | Action: 2
Step: 1 | Mode: initialize | Action: 2
Step: 2 | Mode: initialize | Action: 2
Step: 3 | Mode: initialize | Action: 2
Step: 4 | Mode: initialize | Action: 2
Step: 5 | Mode: initialize | Action: 2
Step: 6 | Mode: initialize | Action: 2
Step: 7 | Mode: initialize | Action: 2
Step: 8 | Mode: initialize | Action: 2
Step: 9 | Mode: initialize | Action: 2
Step: 10 | Mode: initialize | Action: 2
Step: 11 | Mode: initialize | Action: 2
Cheapest frontier cost: 1.35m
Step: 12 | Mode: explore | Action: 2
Sticking to last point.
Cheapest frontier cost: 1.35m
Step: 13 | Mode: explore | Action: 1
Cheapest frontier cost: 1.45m
Step: 14 | Mode: explore | Action: 1
Sticking to last point.
Cheapest frontier cost: 1.30m
Step: 15 | Mode: explore | Action: 3
Cheapest frontier cost: 2.20m
Step: 16 | Mode: explore | Action: 2
Sticking to last point.
Cheapest frontier cost: 2.20m
Step: 17 | Mode: explore | Action: 2
Sticking to last point.
Cheapest frontier cost: 2.20m
Step: 18 | Mode: explore | Action: 2
Sticking to last point.
Cheapest frontier cost: 2.20m
Step: 19 | Mode: explore | Action: 2
Sticking to last point.
Cheapest frontier cost: 1.95m
Step: 20 | Mode: explore | Action: 1
Sticking to last point.
Cheapest frontier cost: 1.50m
Step: 21 | Mode: explore | Action: 2
Cheapest frontier cost: 1.85m
Step: 22 | Mode: explore | Action: 1
Sticking to last point.
Cheapest frontier cost: 1.50m
Step: 23 | Mode: explore | Action: 1
Step: 24 | Mode: navigate | Action: 1
Step: 25 | Mode: navigate | Action: 1
Step: 26 | Mode: navigate | Action: 2
Step: 27 | Mode: navigate | Action: 1
Step: 28 | Mode: navigate | Action: 2
Step: 29 | Mode: navigate | Action: 1
Step: 30 | Mode: navigate | Action: 1
Step: 31 | Mode: navigate | Action: 3
Step: 32 | Mode: navigate | Action: 1
Step: 33 | Mode: navigate | Action: 2
Step: 34 | Mode: navigate | Action: 2
Step: 35 | Mode: navigate | Action: 1
Step: 36 | Mode: navigate | Action: 3
Step: 37 | Mode: navigate | Action: 1
Step: 38 | Mode: navigate | Action: 3
Step: 39 | Mode: navigate | Action: 1
Step: 40 | Mode: navigate | Action: 1
Step: 41 | Mode: navigate | Action: 1
Step: 42 | Mode: navigate | Action: 1
Step: 43 | Mode: navigate | Action: 3
Step: 44 | Mode: navigate | Action: 1
Step: 45 | Mode: navigate | Action: 1
Step: 46 | Mode: navigate | Action: 1
Step: 47 | Mode: navigate | Action: 1
Step: 48 | Mode: navigate | Action: 0
Success rate: 50.00% (13 out of 26)
Logging episode 0011 to results/pilot/greedy_frontier_jsons/11_wcojb4TFT35.json
Step: 0 | Mode: initialize | Action: 2
Step: 1 | Mode: initialize | Action: 2
Step: 2 | Mode: initialize | Action: 2
Step: 3 | Mode: initialize | Action: 2
Step: 4 | Mode: initialize | Action: 2
Step: 5 | Mode: initialize | Action: 2
Step: 6 | Mode: initialize | Action: 2
Step: 7 | Mode: initialize | Action: 2
Step: 8 | Mode: initialize | Action: 2
Step: 9 | Mode: initialize | Action: 2
Step: 10 | Mode: initialize | Action: 2
Step: 11 | Mode: initialize | Action: 2
Step: 12 | Mode: navigate | Action: 2
Step: 13 | Mode: navigate | Action: 1 90%|█████████ | 27/30 [12:50<01:10, 23.58s/it]
Step: 14 | Mode: navigate | Action: 1
Step: 15 | Mode: navigate | Action: 2
Step: 16 | Mode: navigate | Action: 1
Step: 17 | Mode: navigate | Action: 1
Step: 18 | Mode: navigate | Action: 1
Step: 19 | Mode: navigate | Action: 1
Step: 20 | Mode: navigate | Action: 1
Step: 21 | Mode: navigate | Action: 1
Step: 22 | Mode: navigate | Action: 1
Step: 23 | Mode: navigate | Action: 3
Step: 24 | Mode: navigate | Action: 1
Step: 25 | Mode: navigate | Action: 1
Step: 26 | Mode: navigate | Action: 1
Step: 27 | Mode: navigate | Action: 1
Step: 28 | Mode: navigate | Action: 2
Step: 29 | Mode: navigate | Action: 1
Step: 30 | Mode: navigate | Action: 1
Step: 31 | Mode: navigate | Action: 1
Step: 32 | Mode: navigate | Action: 1
Step: 33 | Mode: navigate | Action: 0
Success rate: 51.85% (14 out of 27)
Logging episode 0012 to results/pilot/greedy_frontier_jsons/12_wcojb4TFT35.json
Step: 0 | Mode: initialize | Action: 2
Step: 1 | Mode: initialize | Action: 2
Step: 2 | Mode: initialize | Action: 2
Step: 3 | Mode: initialize | Action: 2
Step: 4 | Mode: initialize | Action: 2
Step: 5 | Mode: initialize | Action: 2
Step: 6 | Mode: initialize | Action: 2
Step: 7 | Mode: initialize | Action: 2
Step: 8 | Mode: initialize | Action: 2
Step: 9 | Mode: initialize | Action: 2
Step: 10 | Mode: initialize | Action: 2
Step: 11 | Mode: initialize | Action: 2
Cheapest frontier cost: 1.90m
Step: 12 | Mode: explore | Action: 2
Sticking to last point.
Cheapest frontier cost: 1.90m
Step: 13 | Mode: explore | Action: 2
Sticking to last point.
Cheapest frontier cost: 1.90m
Step: 14 | Mode: explore | Action: 1
Sticking to last point.
Cheapest frontier cost: 1.55m
Step: 15 | Mode: explore | Action: 3
Sticking to last point.
Cheapest frontier cost: 1.55m
Step: 16 | Mode: explore | Action: 1
Sticking to last point.
Cheapest frontier cost: 1.20m
Step: 17 | Mode: explore | Action: 2
Sticking to last point.
Cheapest frontier cost: 1.20m
Step: 18 | Mode: explore | Action: 1
Sticking to last point.
Cheapest frontier cost: 0.90m
Step: 19 | Mode: explore | Action: 1
Sticking to last point.
Cheapest frontier cost: 0.85m
Step: 20 | Mode: explore | Action: 2
Cheapest frontier cost: 1.75m
Step: 21 | Mode: explore | Action: 2
Sticking to last point.
Cheapest frontier cost: 1.75m
Step: 22 | Mode: explore | Action: 1
Sticking to last point.
Cheapest frontier cost: 1.30m
Step: 23 | Mode: explore | Action: 1
Sticking to last point.
Cheapest frontier cost: 1.10m
Step: 24 | Mode: explore | Action: 1
Sticking to last point.
Cheapest frontier cost: 1.05m
Step: 25 | Mode: explore | Action: 3
Sticking to last point.
Cheapest frontier cost: 1.05m
Step: 26 | Mode: explore | Action: 1
Sticking to last point.
Cheapest frontier cost: 0.85m
Step: 27 | Mode: explore | Action: 1
Sticking to last point.
Cheapest frontier cost: 0.75m
Step: 28 | Mode: explore | Action: 3
Cheapest frontier cost: 1.45m
Step: 29 | Mode: explore | Action: 3
Sticking to last point.
Cheapest frontier cost: 1.45m
Step: 30 | Mode: explore | Action: 3
Sticking to last point.
Cheapest frontier cost: 1.45m
Step: 31 | Mode: explore | Action: 3
Sticking to last point.
Cheapest frontier cost: 1.45m
Step: 32 | Mode: explore | Action: 3
Cheapest frontier cost: 1.50m
Step: 33 | Mode: explore | Action: 3
Cheapest frontier cost: 1.65m
Step: 34 | Mode: explore | Action: 1
Sticking to last point.
Cheapest frontier cost: 1.40m
Step: 35 | Mode: explore | Action: 3
Cheapest frontier cost: 2.55m
Step: 36 | Mode: explore | Action: 2
Sticking to last point.
Cheapest frontier cost: 2.55m
Step: 37 | Mode: explore | Action: 2
Sticking to last point.
Cheapest frontier cost: 2.55m
Step: 38 | Mode: explore | Action: 3
Sticking to last point.
Cheapest frontier cost: 2.55m
Step: 39 | Mode: explore | Action: 1
Cheapest frontier cost: 2.80m
Step: 40 | Mode: explore | Action: 2
Sticking to last point.
Cheapest frontier cost: 2.80m
Step: 41 | Mode: explore | Action: 1
Cheapest frontier cost: 2.95m
Step: 42 | Mode: explore | Action: 1
Cheapest frontier cost: 3.25m
Step: 43 | Mode: explore | Action: 1
Cheapest frontier cost: 3.65m
Step: 44 | Mode: explore | Action: 2
Sticking to last point.
Cheapest frontier cost: 3.65m
Step: 45 | Mode: explore | Action: 2
Sticking to last point.
Cheapest frontier cost: 3.65m
Step: 46 | Mode: explore | Action: 2
Sticking to last point.
Cheapest frontier cost: 3.65m
Step: 47 | Mode: explore | Action: 2
Sticking to last point.
Cheapest frontier cost: 3.65m
Step: 48 | Mode: explore | Action: 2
Sticking to last point.
Cheapest frontier cost: 3.65m
Step: 49 | Mode: explore | Action: 2
Sticking to last point.
Cheapest frontier cost: 3.65m
Step: 50 | Mode: explore | Action: 1
Sticking to last point.
Cheapest frontier cost: 3.25m
Step: 51 | Mode: explore | Action: 1
Sticking to last point.
Cheapest frontier cost: 2.95m
Step: 52 | Mode: explore | Action: 1
Sticking to last point.
Cheapest frontier cost: 2.80m
Step: 53 | Mode: explore | Action: 3
Sticking to last point.
Cheapest frontier cost: 2.80m
Step: 54 | Mode: explore | Action: 1
Sticking to last point.
Cheapest frontier cost: 2.55m
Step: 55 | Mode: explore | Action: 1
Sticking to last point.
Cheapest frontier cost: 2.30m
Step: 56 | Mode: explore | Action: 3
Sticking to last point.
Cheapest frontier cost: 2.30m
Step: 57 | Mode: explore | Action: 1
Sticking to last point.
Cheapest frontier cost: 1.90m
Step: 58 | Mode: explore | Action: 3
Sticking to last point.
Cheapest frontier cost: 1.90m
Step: 59 | Mode: explore | Action: 1
Sticking to last point.
Cheapest frontier cost: 1.30m
Step: 60 | Mode: explore | Action: 1
Sticking to last point.
Cheapest frontier cost: 0.95m
Step: 61 | Mode: explore | Action: 2
Cheapest frontier cost: 1.10m
Step: 62 | Mode: explore | Action: 2
Cheapest frontier cost: 2.95m
Step: 63 | Mode: explore | Action: 3
Sticking to last point.
Cheapest frontier cost: 2.95m
Step: 64 | Mode: explore | Action: 3
Sticking to last point.
Cheapest frontier cost: 2.95m
Step: 65 | Mode: explore | Action: 1
Sticking to last point.
Cheapest frontier cost: 2.60m
Step: 66 | Mode: explore | Action: 3
Sticking to last point.
Cheapest frontier cost: 2.60m
Step: 67 | Mode: explore | Action: 1
Sticking to last point.
Cheapest frontier cost: 2.30m
Step: 68 | Mode: explore | Action: 2
Cheapest frontier cost: 2.60m
Step: 69 | Mode: explore | Action: 1
Sticking to last point.
Cheapest frontier cost: 2.25m
Step: 70 | Mode: explore | Action: 1
Sticking to last point.
Cheapest frontier cost: 1.95m
Step: 71 | Mode: explore | Action: 1
Sticking to last point.
Cheapest frontier cost: 1.55m
Step: 72 | Mode: explore | Action: 1
Sticking to last point.
Cheapest frontier cost: 1.25m
Step: 73 | Mode: explore | Action: 1
Sticking to last point.
Cheapest frontier cost: 0.95m
Step: 74 | Mode: explore | Action: 1
Sticking to last point.
Cheapest frontier cost: 0.90m
Step: 75 | Mode: explore | Action: 3
Sticking to last point.
Cheapest frontier cost: 0.90m
Step: 76 | Mode: explore | Action: 1
Sticking to last point.
Cheapest frontier cost: 0.70m
Step: 77 | Mode: explore | Action: 3
Sticking to last point.
Cheapest frontier cost: 0.70m
Step: 78 | Mode: explore | Action: 1
Cheapest frontier cost: 1.25m
Step: 79 | Mode: explore | Action: 1
Sticking to last point.
Cheapest frontier cost: 1.25m
Step: 80 | Mode: explore | Action: 3
Sticking to last point.
Cheapest frontier cost: 1.25m
Step: 81 | Mode: explore | Action: 1
Sticking to last point.
Cheapest frontier cost: 1.25m
Step: 82 | Mode: explore | Action: 3
Sticking to last point.
Cheapest frontier cost: 1.25m
Step: 83 | Mode: explore | Action: 1
Sticking to last point.
Cheapest frontier cost: 1.25m
Step: 84 | Mode: explore | Action: 2
Sticking to last point.
Cheapest frontier cost: 1.25m
Step: 85 | Mode: explore | Action: 2
Sticking to last point.
Cheapest frontier cost: 1.25m
Step: 86 | Mode: explore | Action: 1
Sticking to last point.
Cheapest frontier cost: 1.25m
Step: 87 | Mode: explore | Action: 2
Sticking to last point.
Cheapest frontier cost: 1.25m
Step: 88 | Mode: explore | Action: 1
Sticking to last point.
Cheapest frontier cost: 1.05m
Step: 89 | Mode: explore | Action: 3
Sticking to last point.
Cheapest frontier cost: 1.05m
 93%|█████████▎| 28/30 [13:31<00:57, 28.87s/it]Step: 90 | Mode: explore | Action: 3
Sticking to last point.
Cheapest frontier cost: 1.05m
Step: 91 | Mode: explore | Action: 1
Sticking to last point.
Cheapest frontier cost: 0.75m
Step: 92 | Mode: explore | Action: 2
Cheapest frontier cost: 1.30m
Step: 93 | Mode: explore | Action: 2
Sticking to last point.
Cheapest frontier cost: 1.30m
Step: 94 | Mode: explore | Action: 3
Sticking to last point.
Cheapest frontier cost: 1.30m
Step: 95 | Mode: explore | Action: 1
Cheapest frontier cost: 1.35m
Step: 96 | Mode: explore | Action: 2
Cheapest frontier cost: 1.55m
Step: 97 | Mode: explore | Action: 1
Sticking to last point.
Cheapest frontier cost: 1.30m
Step: 98 | Mode: explore | Action: 1
Sticking to last point.
Cheapest frontier cost: 1.10m
Step: 99 | Mode: explore | Action: 1
Cheapest frontier cost: 0.65m
Step: 100 | Mode: explore | Action: 2
Sticking to last point.
Cheapest frontier cost: 0.65m
Step: 101 | Mode: explore | Action: 1
Cheapest frontier cost: 0.75m
Step: 102 | Mode: explore | Action: 2
Cheapest frontier cost: 0.80m
Step: 103 | Mode: explore | Action: 2
Cheapest frontier cost: 1.20m
Step: 104 | Mode: explore | Action: 3
Sticking to last point.
Cheapest frontier cost: 1.20m
Step: 105 | Mode: explore | Action: 3
Sticking to last point.
Cheapest frontier cost: 1.20m
Step: 106 | Mode: explore | Action: 3
Sticking to last point.
Cheapest frontier cost: 1.20m
Step: 107 | Mode: explore | Action: 3
Cheapest frontier cost: 2.65m
Step: 108 | Mode: explore | Action: 2
Sticking to last point.
Cheapest frontier cost: 2.65m
Step: 109 | Mode: explore | Action: 2
Sticking to last point.
Cheapest frontier cost: 2.65m
Step: 110 | Mode: explore | Action: 1
Sticking to last point.
Cheapest frontier cost: 2.25m
Step: 111 | Mode: explore | Action: 1
Sticking to last point.
Cheapest frontier cost: 1.90m
Step: 112 | Mode: explore | Action: 1
Sticking to last point.
Cheapest frontier cost: 1.55m
Step: 113 | Mode: explore | Action: 1
Sticking to last point.
Cheapest frontier cost: 1.20m
Step: 114 | Mode: explore | Action: 1
Sticking to last point.
Cheapest frontier cost: 1.10m
Step: 115 | Mode: explore | Action: 1
Sticking to last point.
Cheapest frontier cost: 1.00m
Step: 116 | Mode: explore | Action: 3
Cheapest frontier cost: 1.15m
Step: 117 | Mode: explore | Action: 1
Sticking to last point.
Cheapest frontier cost: 0.90m
Step: 118 | Mode: explore | Action: 2
Sticking to last point.
Cheapest frontier cost: 0.90m
Step: 119 | Mode: explore | Action: 1
Sticking to last point.
Cheapest frontier cost: 0.80m
Step: 120 | Mode: explore | Action: 2
Cheapest frontier cost: 1.20m
Step: 121 | Mode: explore | Action: 2
Cheapest frontier cost: 1.65m
Step: 122 | Mode: explore | Action: 1
Sticking to last point.
Cheapest frontier cost: 1.40m
Step: 123 | Mode: explore | Action: 1
Sticking to last point.
Cheapest frontier cost: 1.15m
Step: 124 | Mode: explore | Action: 2
Sticking to last point.
Cheapest frontier cost: 0.75m
Step: 125 | Mode: explore | Action: 2
Cheapest frontier cost: 2.05m
Step: 126 | Mode: explore | Action: 3
Sticking to last point.
Cheapest frontier cost: 2.05m
Step: 127 | Mode: explore | Action: 3
Sticking to last point.
Cheapest frontier cost: 2.05m
Step: 128 | Mode: explore | Action: 3
Sticking to last point.
Cheapest frontier cost: 2.05m
Step: 129 | Mode: explore | Action: 3
Sticking to last point.
Cheapest frontier cost: 2.05m
Step: 130 | Mode: explore | Action: 3
Sticking to last point.
Cheapest frontier cost: 2.05m
Step: 131 | Mode: explore | Action: 3
Sticking to last point.
Cheapest frontier cost: 2.05m
Step: 132 | Mode: explore | Action: 1
Sticking to last point.
Cheapest frontier cost: 2.00m
Step: 133 | Mode: explore | Action: 2
Sticking to last point.
Cheapest frontier cost: 2.00m
Step: 134 | Mode: explore | Action: 1
Sticking to last point.
Cheapest frontier cost: 1.75m
Step: 135 | Mode: explore | Action: 1
Sticking to last point.
Cheapest frontier cost: 1.50m
Step: 136 | Mode: explore | Action: 1
Sticking to last point.
Cheapest frontier cost: 1.25m
Step: 137 | Mode: explore | Action: 2
Sticking to last point.
Cheapest frontier cost: 1.25m
Step: 138 | Mode: explore | Action: 1
Sticking to last point.
Cheapest frontier cost: 1.05m
Step: 139 | Mode: explore | Action: 3
Sticking to last point.
Cheapest frontier cost: 1.05m
Step: 140 | Mode: explore | Action: 1
Sticking to last point.
Cheapest frontier cost: 0.80m
Step: 141 | Mode: explore | Action: 1
Cheapest frontier cost: 1.45m
Step: 142 | Mode: explore | Action: 1
Sticking to last point.
Cheapest frontier cost: 1.20m
Step: 143 | Mode: explore | Action: 3
Sticking to last point.
Cheapest frontier cost: 1.20m
Step: 144 | Mode: explore | Action: 3
Cheapest frontier cost: 2.00m
Step: 145 | Mode: explore | Action: 2
Sticking to last point.
Cheapest frontier cost: 2.00m
Step: 146 | Mode: explore | Action: 3
Sticking to last point.
Cheapest frontier cost: 2.00m
Step: 147 | Mode: explore | Action: 1
Cheapest frontier cost: 1.70m
Step: 148 | Mode: explore | Action: 2
Sticking to last point.
Cheapest frontier cost: 1.70m
Step: 149 | Mode: explore | Action: 3
Sticking to last point.
Cheapest frontier cost: 1.70m
Step: 150 | Mode: explore | Action: 1
Cheapest frontier cost: 2.20m
Step: 151 | Mode: explore | Action: 2
Sticking to last point.
Cheapest frontier cost: 2.20m
Step: 152 | Mode: explore | Action: 1
Cheapest frontier cost: 2.25m
Step: 153 | Mode: explore | Action: 1
Cheapest frontier cost: 2.45m
Step: 154 | Mode: explore | Action: 2
Cheapest frontier cost: 2.90m
Step: 155 | Mode: explore | Action: 2
Sticking to last point.
Cheapest frontier cost: 2.90m
Step: 156 | Mode: explore | Action: 2
Sticking to last point.
Cheapest frontier cost: 2.90m
Step: 157 | Mode: explore | Action: 2
Sticking to last point.
Cheapest frontier cost: 2.90m
Step: 158 | Mode: explore | Action: 2
Sticking to last point.
Cheapest frontier cost: 2.90m
Step: 159 | Mode: explore | Action: 2
Sticking to last point.
Cheapest frontier cost: 2.90m
Step: 160 | Mode: explore | Action: 1
Sticking to last point.
Cheapest frontier cost: 2.60m
Step: 161 | Mode: explore | Action: 3
Sticking to last point.
Cheapest frontier cost: 2.60m
Step: 162 | Mode: explore | Action: 1
Sticking to last point.
Cheapest frontier cost: 2.20m
Step: 163 | Mode: explore | Action: 1
Sticking to last point.
Cheapest frontier cost: 1.90m
Step: 164 | Mode: explore | Action: 1
Sticking to last point.
Cheapest frontier cost: 1.85m
Step: 165 | Mode: explore | Action: 3
Sticking to last point.
Cheapest frontier cost: 1.70m
Step: 166 | Mode: explore | Action: 3
Sticking to last point.
Cheapest frontier cost: 1.70m
Step: 167 | Mode: explore | Action: 1
Sticking to last point.
Cheapest frontier cost: 1.30m
Step: 168 | Mode: explore | Action: 2
Sticking to last point.
Cheapest frontier cost: 1.30m
Step: 169 | Mode: explore | Action: 3
Sticking to last point.
Cheapest frontier cost: 1.30m
Step: 170 | Mode: explore | Action: 1
Sticking to last point.
Cheapest frontier cost: 1.20m
Step: 171 | Mode: explore | Action: 2
Sticking to last point.
Cheapest frontier cost: 1.20m
Step: 172 | Mode: explore | Action: 1
Cheapest frontier cost: 1.25m
Step: 173 | Mode: explore | Action: 2
Sticking to last point.
Cheapest frontier cost: 1.25m
Step: 174 | Mode: explore | Action: 3
Sticking to last point.
Cheapest frontier cost: 1.25m
Step: 175 | Mode: explore | Action: 1
Sticking to last point.
Cheapest frontier cost: 1.00m
Step: 176 | Mode: explore | Action: 2
Sticking to last point.
Cheapest frontier cost: 0.95m
Step: 177 | Mode: explore | Action: 2
Cheapest frontier cost: 1.30m
Step: 178 | Mode: explore | Action: 3
Sticking to last point.
Cheapest frontier cost: 1.30m
Step: 179 | Mode: explore | Action: 3
Sticking to last point.
Cheapest frontier cost: 1.30m
Step: 180 | Mode: explore | Action: 3
Step: 181 | Mode: navigate | Action: 2
Step: 182 | Mode: navigate | Action: 1
Step: 183 | Mode: navigate | Action: 1
Step: 184 | Mode: navigate | Action: 0
Success rate: 53.57% (15 out of 28)
Logging episode 0005 to results/pilot/greedy_frontier_jsons/5_wcojb4TFT35.json
Step: 0 | Mode: initialize | Action: 2
Step: 1 | Mode: initialize | Action: 2
Step: 2 | Mode: initialize | Action: 2
Step: 3 | Mode: initialize | Action: 2
Step: 4 | Mode: initialize | Action: 2
Step: 5 | Mode: initialize | Action: 2
Step: 6 | Mode: initialize | Action: 2
Step: 7 | Mode: initialize | Action: 2
Step: 8 | Mode: initialize | Action: 2
Step: 9 | Mode: initialize | Action: 2
Step: 10 | Mode: initialize | Action: 2
Step: 11 | Mode: initialize | Action: 2
Cheapest frontier cost: 2.00m
Step: 12 | Mode: explore | Action: 2
Sticking to last point.
Cheapest frontier cost: 2.00m
Step: 13 | Mode: explore | Action: 1
Sticking to last point.
Cheapest frontier cost: 1.85m
Step: 14 | Mode: explore | Action: 3
Sticking to last point.
Cheapest frontier cost: 1.80m
Step: 15 | Mode: explore | Action: 1
Sticking to last point.
Cheapest frontier cost: 1.55m
Step: 16 | Mode: explore | Action: 1
Sticking to last point.
Cheapest frontier cost: 1.55m
Step: 17 | Mode: explore | Action: 1
Sticking to last point.
Cheapest frontier cost: 1.55m
Step: 18 | Mode: explore | Action: 2
Sticking to last point.
Cheapest frontier cost: 1.55m
Step: 19 | Mode: explore | Action: 1
Sticking to last point.
Cheapest frontier cost: 1.55m
Step: 20 | Mode: explore | Action: 2
Sticking to last point.
Cheapest frontier cost: 1.55m
Step: 21 | Mode: explore | Action: 1
Sticking to last point.
Cheapest frontier cost: 1.55m
Step: 22 | Mode: explore | Action: 2
Sticking to last point.
Cheapest frontier cost: 1.55m
Step: 23 | Mode: explore | Action: 1
Sticking to last point.
Cheapest frontier cost: 1.55m
Step: 24 | Mode: explore | Action: 3
Sticking to last point.
Cheapest frontier cost: 1.55m
Step: 25 | Mode: explore | Action: 3
Sticking to last point.
Cheapest frontier cost: 1.55m
Step: 26 | Mode: explore | Action: 3
Sticking to last point.
Cheapest frontier cost: 1.55m
Step: 27 | Mode: explore | Action: 1
Sticking to last point.
Cheapest frontier cost: 1.55m
Step: 28 | Mode: explore | Action: 3
Sticking to last point.
Cheapest frontier cost: 1.55m
Step: 29 | Mode: explore | Action: 1
Sticking to last point.
Cheapest frontier cost: 1.55m
Step: 30 | Mode: explore | Action: 3
Cheapest frontier cost: 3.70m
Step: 31 | Mode: explore | Action: 2
Sticking to last point.
Cheapest frontier cost: 3.70m
Step: 32 | Mode: explore | Action: 2
Sticking to last point.
Cheapest frontier cost: 3.70m
Step: 33 | Mode: explore | Action: 2
Sticking to last point.
Cheapest frontier cost: 3.70m
Step: 34 | Mode: explore | Action: 2
Sticking to last point.
Cheapest frontier cost: 3.70m
Step: 35 | Mode: explore | Action: 1
Sticking to last point.
Cheapest frontier cost: 3.70m
Step: 36 | Mode: explore | Action: 3
Sticking to last point.
Cheapest frontier cost: 3.70m
Step: 37 | Mode: explore | Action: 1
Sticking to last point.
Cheapest frontier cost: 3.70m
Step: 38 | Mode: explore | Action: 3
Sticking to last point.
Cheapest frontier cost: 3.70m
Step: 39 | Mode: explore | Action: 1
Sticking to last point.
Cheapest frontier cost: 3.70m
Step: 40 | Mode: explore | Action: 2
Sticking to last point.
Cheapest frontier cost: 3.70m
Step: 41 | Mode: explore | Action: 2
Sticking to last point.
Cheapest frontier cost: 3.70m
Step: 42 | Mode: explore | Action: 1
Sticking to last point.
Cheapest frontier cost: 3.70m
Step: 43 | Mode: explore | Action: 3
Sticking to last point.
Cheapest frontier cost: 3.70m
Step: 44 | Mode: explore | Action: 3
Sticking to last point.
Cheapest frontier cost: 3.70m
Step: 45 | Mode: explore | Action: 1
Sticking to last point.
Cheapest frontier cost: 3.70m
Step: 46 | Mode: explore | Action: 2
Sticking to last point.
Cheapest frontier cost: 3.70m
Step: 47 | Mode: explore | Action: 1
Sticking to last point.
Cheapest frontier cost: 3.70m
Step: 48 | Mode: explore | Action: 3
Sticking to last point.
Cheapest frontier cost: 3.70m
Step: 49 | Mode: explore | Action: 3
Sticking to last point.
Cheapest frontier cost: 3.70m
Step: 50 | Mode: explore | Action: 1
Sticking to last point.
Cheapest frontier cost: 3.70m
Step: 51 | Mode: explore | Action: 2
Sticking to last point.
Cheapest frontier cost: 3.70m
Step: 52 | Mode: explore | Action: 2
Sticking to last point.
Cheapest frontier cost: 3.70m
Step: 53 | Mode: explore | Action: 1
Sticking to last point.
Cheapest frontier cost: 3.70m
Step: 54 | Mode: explore | Action: 2
Sticking to last point.
Cheapest frontier cost: 3.70m
Step: 55 | Mode: explore | Action: 1
Sticking to last point.
Cheapest frontier cost: 3.70m
Step: 56 | Mode: explore | Action: 2
Sticking to last point.
Cheapest frontier cost: 3.70m
Step: 57 | Mode: explore | Action: 1
Sticking to last point.
Cheapest frontier cost: 3.70m
Step: 58 | Mode: explore | Action: 2
Sticking to last point.
Cheapest frontier cost: 3.70m
Step: 59 | Mode: explore | Action: 1
Sticking to last point.
Cheapest frontier cost: 3.70m
Step: 60 | Mode: explore | Action: 3
Sticking to last point.
Cheapest frontier cost: 3.70m
Step: 61 | Mode: explore | Action: 3
Sticking to last point.
Cheapest frontier cost: 3.70m
Step: 62 | Mode: explore | Action: 3
Sticking to last point.
Cheapest frontier cost: 3.70m
Step: 63 | Mode: explore | Action: 1
Sticking to last point.
Cheapest frontier cost: 3.70m
Step: 64 | Mode: explore | Action: 3
Sticking to last point.
Cheapest frontier cost: 3.70m
Step: 65 | Mode: explore | Action: 1
Sticking to last point.
Cheapest frontier cost: 3.70m
Step: 66 | Mode: explore | Action: 2
Sticking to last point.
Cheapest frontier cost: 3.70m
Step: 67 | Mode: explore | Action: 1
Sticking to last point.
Cheapest frontier cost: 3.70m
Step: 68 | Mode: explore | Action: 3
Sticking to last point.
Cheapest frontier cost: 3.70m
Step: 69 | Mode: explore | Action: 1
Sticking to last point.
Cheapest frontier cost: 3.70m
Step: 70 | Mode: explore | Action: 1
Sticking to last point.
Cheapest frontier cost: 3.70m
Step: 71 | Mode: explore | Action: 3
Sticking to last point.
Cheapest frontier cost: 3.70m
Step: 72 | Mode: explore | Action: 1
Sticking to last point.
Cheapest frontier cost: 3.70m
Step: 73 | Mode: explore | Action: 3
Sticking to last point.
Cheapest frontier cost: 3.70m
Step: 74 | Mode: explore | Action: 1
Cheapest frontier cost: 4.00m
Step: 75 | Mode: explore | Action: 2
Sticking to last point.
Cheapest frontier cost: 4.00m
Step: 76 | Mode: explore | Action: 2
Sticking to last point.
Cheapest frontier cost: 4.00m
Step: 77 | Mode: explore | Action: 2
Sticking to last point.
Cheapest frontier cost: 4.00m
Step: 78 | Mode: explore | Action: 1
Sticking to last point.
Cheapest frontier cost: 4.00m
Step: 79 | Mode: explore | Action: 2
Sticking to last point.
Cheapest frontier cost: 4.00m
Step: 80 | Mode: explore | Action: 1
Sticking to last point.
Cheapest frontier cost: 4.00m
Step: 81 | Mode: explore | Action: 2
Cheapest frontier cost: 4.30m
Step: 82 | Mode: explore | Action: 1
Sticking to last point.
Cheapest frontier cost: 4.30m
Step: 83 | Mode: explore | Action: 3
Sticking to last point.
Cheapest frontier cost: 4.30m
Step: 84 | Mode: explore | Action: 1
Sticking to last point.
Cheapest frontier cost: 4.30m
Step: 85 | Mode: explore | Action: 3
Sticking to last point.
Cheapest frontier cost: 4.30m
Step: 86 | Mode: explore | Action: 1
Sticking to last point.
Cheapest frontier cost: 4.30m
Step: 87 | Mode: explore | Action: 3
Sticking to last point.
Cheapest frontier cost: 4.30m
Step: 88 | Mode: explore | Action: 1
Sticking to last point.
Cheapest frontier cost: 4.30m
Step: 89 | Mode: explore | Action: 2
Sticking to last point.
Cheapest frontier cost: 4.30m
Step: 90 | Mode: explore | Action: 2
Sticking to last point.
Cheapest frontier cost: 4.30m
Step: 91 | Mode: explore | Action: 1
Sticking to last point.
Cheapest frontier cost: 4.30m
Step: 92 | Mode: explore | Action: 2
Sticking to last point.
Cheapest frontier cost: 4.30m
Step: 93 | Mode: explore | Action: 1
Sticking to last point.
Cheapest frontier cost: 4.30m
Step: 94 | Mode: explore | Action: 2
Sticking to last point.
Cheapest frontier cost: 4.30m
Step: 95 | Mode: explore | Action: 1
Sticking to last point.
Cheapest frontier cost: 4.30m
Step: 96 | Mode: explore | Action: 3
Sticking to last point.
Cheapest frontier cost: 4.30m
Step: 97 | Mode: explore | Action: 3
Sticking to last point.
Cheapest frontier cost: 4.30m
Step: 98 | Mode: explore | Action: 3
Sticking to last point.
Cheapest frontier cost: 4.30m
Step: 99 | Mode: explore | Action: 3
Sticking to last point.
Cheapest frontier cost: 4.30m
Step: 100 | Mode: explore | Action: 1
Sticking to last point.
Cheapest frontier cost: 4.30m
Step: 101 | Mode: explore | Action: 3
Sticking to last point.
Cheapest frontier cost: 4.30m
Step: 102 | Mode: explore | Action: 1
Sticking to last point.
Cheapest frontier cost: 4.30m
Step: 103 | Mode: explore | Action: 2
Sticking to last point.
Cheapest frontier cost: 4.30m
Step: 104 | Mode: explore | Action: 2
Sticking to last point.
Cheapest frontier cost: 4.30m
Step: 105 | Mode: explore | Action: 1
Sticking to last point.
Cheapest frontier cost: 4.30m
Step: 106 | Mode: explore | Action: 2
Sticking to last point.
Cheapest frontier cost: 4.30m
Step: 107 | Mode: explore | Action: 1
Sticking to last point.
Cheapest frontier cost: 4.30m
Step: 108 | Mode: explore | Action: 2
Sticking to last point.
Cheapest frontier cost: 4.30m
Step: 109 | Mode: explore | Action: 1
Sticking to last point.
Cheapest frontier cost: 4.30m
Step: 110 | Mode: explore | Action: 2
Sticking to last point.
Cheapest frontier cost: 4.30m
Step: 111 | Mode: explore | Action: 1
Sticking to last point.
Cheapest frontier cost: 4.30m
Step: 112 | Mode: explore | Action: 2
Sticking to last point.
Cheapest frontier cost: 4.30m
Step: 113 | Mode: explore | Action: 1
Sticking to last point.
Cheapest frontier cost: 4.25m
Step: 114 | Mode: explore | Action: 3
Sticking to last point.
Cheapest frontier cost: 4.25m
Step: 115 | Mode: explore | Action: 3
Sticking to last point.
Cheapest frontier cost: 4.25m
Step: 116 | Mode: explore | Action: 3
Sticking to last point.
Cheapest frontier cost: 4.25m
Step: 117 | Mode: explore | Action: 1
Sticking to last point.
Cheapest frontier cost: 4.10m
Step: 118 | Mode: explore | Action: 3
Sticking to last point.
Cheapest frontier cost: 4.10m
Step: 119 | Mode: explore | Action: 1
Sticking to last point.
Cheapest frontier cost: 4.10m
Step: 120 | Mode: explore | Action: 3
Sticking to last point.
Cheapest frontier cost: 4.10m
Step: 121 | Mode: explore | Action: 1
Sticking to last point.
Cheapest frontier cost: 4.10m
Step: 122 | Mode: explore | Action: 1
Sticking to last point.
Cheapest frontier cost: 4.10m
Step: 123 | Mode: explore | Action: 2
Sticking to last point.
Cheapest frontier cost: 4.10m
Step: 124 | Mode: explore | Action: 1
Sticking to last point.
Cheapest frontier cost: 4.10m
Step: 125 | Mode: explore | Action: 3
Sticking to last point.
Cheapest frontier cost: 4.10m
Step: 126 | Mode: explore | Action: 3
Sticking to last point.
Cheapest frontier cost: 4.10m
Step: 127 | Mode: explore | Action: 1
Sticking to last point.
Cheapest frontier cost: 4.10m
Step: 128 | Mode: explore | Action: 3
Sticking to last point.
Cheapest frontier cost: 4.10m
Step: 129 | Mode: explore | Action: 1
Cheapest frontier cost: 4.20m
Step: 130 | Mode: explore | Action: 2
Sticking to last point.
Cheapest frontier cost: 4.20m
Step: 131 | Mode: explore | Action: 2
Sticking to last point.
Cheapest frontier cost: 4.20m
Step: 132 | Mode: explore | Action: 2
Sticking to last point.
Cheapest frontier cost: 4.20m
Step: 133 | Mode: explore | Action: 1
Sticking to last point.
Cheapest frontier cost: 4.15m
Step: 134 | Mode: explore | Action: 2
Sticking to last point.
Cheapest frontier cost: 4.15m
Step: 135 | Mode: explore | Action: 1
Sticking to last point.
Cheapest frontier cost: 4.15m
Step: 136 | Mode: explore | Action: 2
Sticking to last point.
Cheapest frontier cost: 4.15m
Step: 137 | Mode: explore | Action: 1
Sticking to last point.
Cheapest frontier cost: 4.15m
Step: 138 | Mode: explore | Action: 2
Sticking to last point.
Cheapest frontier cost: 4.15m
Step: 139 | Mode: explore | Action: 1
Sticking to last point.
Cheapest frontier cost: 4.15m
Step: 140 | Mode: explore | Action: 3
Sticking to last point.
Cheapest frontier cost: 4.15m
Step: 141 | Mode: explore | Action: 3
Sticking to last point.
Cheapest frontier cost: 4.15m
Step: 142 | Mode: explore | Action: 3
Sticking to last point.
Cheapest frontier cost: 4.15m
Step: 143 | Mode: explore | Action: 1
Sticking to last point.
Cheapest frontier cost: 4.15m
Step: 144 | Mode: explore | Action: 3
Sticking to last point.
Cheapest frontier cost: 4.15m
Step: 145 | Mode: explore | Action: 1
Sticking to last point.
Cheapest frontier cost: 4.15m
Step: 146 | Mode: explore | Action: 3
Sticking to last point.
Cheapest frontier cost: 4.15m
Step: 147 | Mode: explore | Action: 1
Sticking to last point.
Cheapest frontier cost: 4.15m
Step: 148 | Mode: explore | Action: 2
Sticking to last point.
Cheapest frontier cost: 4.15m
Step: 149 | Mode: explore | Action: 2
Sticking to last point.
Cheapest frontier cost: 4.15m
Step: 150 | Mode: explore | Action: 1
Sticking to last point.
Cheapest frontier cost: 4.15m
Step: 151 | Mode: explore | Action: 2
Sticking to last point.
Cheapest frontier cost: 4.15m
Step: 152 | Mode: explore | Action: 1
Sticking to last point.
Cheapest frontier cost: 4.15m
Step: 153 | Mode: explore | Action: 2
Sticking to last point.
Cheapest frontier cost: 4.15m
Step: 154 | Mode: explore | Action: 1
Sticking to last point.
Cheapest frontier cost: 4.15m
Step: 155 | Mode: explore | Action: 2
Sticking to last point.
Cheapest frontier cost: 4.15m
Step: 156 | Mode: explore | Action: 1
Sticking to last point.
Cheapest frontier cost: 4.15m
Step: 157 | Mode: explore | Action: 2
Sticking to last point.
Cheapest frontier cost: 4.15m
Step: 158 | Mode: explore | Action: 1
Cheapest frontier cost: 4.30m
Step: 159 | Mode: explore | Action: 3
Sticking to last point.
Cheapest frontier cost: 4.30m
Step: 160 | Mode: explore | Action: 3
Sticking to last point.
Cheapest frontier cost: 4.30m
Step: 161 | Mode: explore | Action: 3
Sticking to last point.
Cheapest frontier cost: 4.30m
Step: 162 | Mode: explore | Action: 1
Sticking to last point.
Cheapest frontier cost: 4.10m
Step: 163 | Mode: explore | Action: 3
Sticking to last point.
Cheapest frontier cost: 4.10m
Step: 164 | Mode: explore | Action: 1
Sticking to last point.
Cheapest frontier cost: 4.10m
Step: 165 | Mode: explore | Action: 3
Sticking to last point.
Cheapest frontier cost: 4.10m
Step: 166 | Mode: explore | Action: 1
Sticking to last point.
Cheapest frontier cost: 4.10m
Step: 167 | Mode: explore | Action: 1
Sticking to last point.
Cheapest frontier cost: 4.10m
Step: 168 | Mode: explore | Action: 3
Sticking to last point.
Cheapest frontier cost: 4.10m
Step: 169 | Mode: explore | Action: 1
Sticking to last point.
Cheapest frontier cost: 4.10m
Step: 170 | Mode: explore | Action: 3
Sticking to last point.
Cheapest frontier cost: 4.10m
Step: 171 | Mode: explore | Action: 1
Cheapest frontier cost: 4.20m
Step: 172 | Mode: explore | Action: 2
Sticking to last point.
Cheapest frontier cost: 4.20m
Step: 173 | Mode: explore | Action: 2
Sticking to last point.
Cheapest frontier cost: 4.20m
Step: 174 | Mode: explore | Action: 1
Sticking to last point.
Cheapest frontier cost: 4.20m
Step: 175 | Mode: explore | Action: 2
Sticking to last point.
Cheapest frontier cost: 4.20m
Step: 176 | Mode: explore | Action: 1
Sticking to last point.
Cheapest frontier cost: 4.20m
Step: 177 | Mode: explore | Action: 2
Sticking to last point.
Cheapest frontier cost: 4.20m
Step: 178 | Mode: explore | Action: 1
Sticking to last point.
Cheapest frontier cost: 4.20m
Step: 179 | Mode: explore | Action: 2
Sticking to last point.
Cheapest frontier cost: 4.20m
Step: 180 | Mode: explore | Action: 1
Sticking to last point.
Cheapest frontier cost: 4.20m
Step: 181 | Mode: explore | Action: 2
Sticking to last point.
Cheapest frontier cost: 4.20m
Step: 182 | Mode: explore | Action: 1
Sticking to last point.
Cheapest frontier cost: 4.20m
Step: 183 | Mode: explore | Action: 3
Sticking to last point.
Cheapest frontier cost: 4.20m
Step: 184 | Mode: explore | Action: 3
Sticking to last point.
Cheapest frontier cost: 4.20m
Step: 185 | Mode: explore | Action: 3
Sticking to last point.
Cheapest frontier cost: 4.20m
Step: 186 | Mode: explore | Action: 1
Sticking to last point.
Cheapest frontier cost: 4.20m
Step: 187 | Mode: explore | Action: 3
Sticking to last point.
Cheapest frontier cost: 4.20m
Step: 188 | Mode: explore | Action: 1
Sticking to last point.
Cheapest frontier cost: 4.20m
Step: 189 | Mode: explore | Action: 3
Sticking to last point.
Cheapest frontier cost: 4.20m
Step: 190 | Mode: explore | Action: 1
Sticking to last point.
Cheapest frontier cost: 4.20m
Step: 191 | Mode: explore | Action: 3
Sticking to last point.
Cheapest frontier cost: 4.20m
Step: 192 | Mode: explore | Action: 1
Cheapest frontier cost: 4.30m
Step: 193 | Mode: explore | Action: 3
Sticking to last point.
Cheapest frontier cost: 4.30m
Step: 194 | Mode: explore | Action: 1
Sticking to last point.
Cheapest frontier cost: 4.30m
Step: 195 | Mode: explore | Action: 3
Sticking to last point.
Cheapest frontier cost: 4.30m
Step: 196 | Mode: explore | Action: 3
Sticking to last point.
Cheapest frontier cost: 4.30m
Step: 197 | Mode: explore | Action: 3
Sticking to last point.
Cheapest frontier cost: 4.30m
Step: 198 | Mode: explore | Action: 3
Sticking to last point.
Cheapest frontier cost: 4.30m
Step: 199 | Mode: explore | Action: 3
Sticking to last point.
Cheapest frontier cost: 4.30m
Step: 200 | Mode: explore | Action: 3
Sticking to last point.
Cheapest frontier cost: 4.30m
Step: 201 | Mode: explore | Action: 1
Sticking to last point.
Cheapest frontier cost: 4.30m
Step: 202 | Mode: explore | Action: 3
Sticking to last point.
Cheapest frontier cost: 4.30m
Step: 203 | Mode: explore | Action: 1
Sticking to last point.
Cheapest frontier cost: 4.30m
Step: 204 | Mode: explore | Action: 3
Sticking to last point.
Cheapest frontier cost: 4.30m
Step: 205 | Mode: explore | Action: 1
Sticking to last point.
Cheapest frontier cost: 4.30m
Step: 206 | Mode: explore | Action: 3
Sticking to last point.
Cheapest frontier cost: 4.30m
Step: 207 | Mode: explore | Action: 1
Sticking to last point.
Cheapest frontier cost: 4.30m
Step: 208 | Mode: explore | Action: 1
Sticking to last point.
Cheapest frontier cost: 4.30m
Step: 209 | Mode: explore | Action: 2
Sticking to last point.
Cheapest frontier cost: 4.30m
Step: 210 | Mode: explore | Action: 1
Sticking to last point.
Cheapest frontier cost: 4.30m
Step: 211 | Mode: explore | Action: 2
Sticking to last point.
Cheapest frontier cost: 4.30m
Step: 212 | Mode: explore | Action: 1
Sticking to last point.
Cheapest frontier cost: 4.30m
Step: 213 | Mode: explore | Action: 2
Sticking to last point.
Cheapest frontier cost: 4.30m
Step: 214 | Mode: explore | Action: 1
Sticking to last point.
Cheapest frontier cost: 4.30m
Step: 215 | Mode: explore | Action: 2
Sticking to last point.
Cheapest frontier cost: 4.30m
Step: 216 | Mode: explore | Action: 1
Sticking to last point.
Cheapest frontier cost: 4.30m
Step: 217 | Mode: explore | Action: 2
Sticking to last point.
Cheapest frontier cost: 4.30m
Step: 218 | Mode: explore | Action: 1
Sticking to last point.
Cheapest frontier cost: 4.25m
Step: 219 | Mode: explore | Action: 3
Sticking to last point.
Cheapest frontier cost: 4.25m
Step: 220 | Mode: explore | Action: 3
Sticking to last point.
Cheapest frontier cost: 4.25m
Step: 221 | Mode: explore | Action: 3
Sticking to last point.
Cheapest frontier cost: 4.25m
Step: 222 | Mode: explore | Action: 1
Sticking to last point.
Cheapest frontier cost: 4.10m
Step: 223 | Mode: explore | Action: 3
Sticking to last point.
Cheapest frontier cost: 4.10m
Step: 224 | Mode: explore | Action: 1
Sticking to last point.
Cheapest frontier cost: 4.10m
Step: 225 | Mode: explore | Action: 3
Sticking to last point.
Cheapest frontier cost: 4.10m
Step: 226 | Mode: explore | Action: 1
Sticking to last point.
Cheapest frontier cost: 4.10m
Step: 227 | Mode: explore | Action: 1
Sticking to last point.
Cheapest frontier cost: 4.10m
Step: 228 | Mode: explore | Action: 2
Sticking to last point.
Cheapest frontier cost: 4.10m
Step: 229 | Mode: explore | Action: 1
Sticking to last point.
Cheapest frontier cost: 4.10m
Step: 230 | Mode: explore | Action: 3
Sticking to last point.
Cheapest frontier cost: 4.10m
Step: 231 | Mode: explore | Action: 1
Sticking to last point.
Cheapest frontier cost: 4.10m
Step: 232 | Mode: explore | Action: 1
Sticking to last point.
Cheapest frontier cost: 4.10m
Step: 233 | Mode: explore | Action: 3
Sticking to last point.
Cheapest frontier cost: 4.10m
Step: 234 | Mode: explore | Action: 1
Sticking to last point.
Cheapest frontier cost: 4.10m
Step: 235 | Mode: explore | Action: 3
Sticking to last point.
Cheapest frontier cost: 4.10m
Step: 236 | Mode: explore | Action: 1
Cheapest frontier cost: 4.30m
Step: 237 | Mode: explore | Action: 2
Sticking to last point.
Cheapest frontier cost: 4.30m
Step: 238 | Mode: explore | Action: 2
Sticking to last point.
Cheapest frontier cost: 4.30m
Step: 239 | Mode: explore | Action: 1
Sticking to last point.
Cheapest frontier cost: 4.30m
Step: 240 | Mode: explore | Action: 2
Sticking to last point.
Cheapest frontier cost: 4.30m
Step: 241 | Mode: explore | Action: 1
Sticking to last point.
Cheapest frontier cost: 4.30m
Step: 242 | Mode: explore | Action: 2
Sticking to last point.
Cheapest frontier cost: 4.30m
Step: 243 | Mode: explore | Action: 1
Sticking to last point.
Cheapest frontier cost: 4.30m
Step: 244 | Mode: explore | Action: 2
Sticking to last point.
Cheapest frontier cost: 4.30m
Step: 245 | Mode: explore | Action: 1
Sticking to last point.
Cheapest frontier cost: 4.30m
Step: 246 | Mode: explore | Action: 2
Sticking to last point.
Cheapest frontier cost: 4.30m
Step: 247 | Mode: explore | Action: 1
Sticking to last point.
Cheapest frontier cost: 4.30m
Step: 248 | Mode: explore | Action: 3
Sticking to last point.
Cheapest frontier cost: 4.30m
Step: 249 | Mode: explore | Action: 3
Sticking to last point.
Cheapest frontier cost: 4.30m
Step: 250 | Mode: explore | Action: 3
Sticking to last point.
Cheapest frontier cost: 4.30m
Step: 251 | Mode: explore | Action: 1
Sticking to last point.
Cheapest frontier cost: 4.30m
Step: 252 | Mode: explore | Action: 3
Sticking to last point.
Cheapest frontier cost: 4.30m
Step: 253 | Mode: explore | Action: 1
Sticking to last point.
Cheapest frontier cost: 4.30m
Step: 254 | Mode: explore | Action: 3
Sticking to last point.
Cheapest frontier cost: 4.30m
Step: 255 | Mode: explore | Action: 1
Sticking to last point.
Cheapest frontier cost: 4.30m
Step: 256 | Mode: explore | Action: 3
Sticking to last point.
Cheapest frontier cost: 4.30m
Step: 257 | Mode: explore | Action: 1
Sticking to last point.
Cheapest frontier cost: 4.30m
Step: 258 | Mode: explore | Action: 3
Sticking to last point.
Cheapest frontier cost: 4.30m
Step: 259 | Mode: explore | Action: 1
Sticking to last point.
Cheapest frontier cost: 4.30m
Step: 260 | Mode: explore | Action: 3
Sticking to last point.
Cheapest frontier cost: 4.30m
Step: 261 | Mode: explore | Action: 1
Sticking to last point.
Cheapest frontier cost: 4.30m
Step: 262 | Mode: explore | Action: 3
Sticking to last point.
Cheapest frontier cost: 4.30m
Step: 263 | Mode: explore | Action: 3
Sticking to last point.
Cheapest frontier cost: 4.30m
Step: 264 | Mode: explore | Action: 3
Sticking to last point.
Cheapest frontier cost: 4.30m
Step: 265 | Mode: explore | Action: 3
Sticking to last point.
Cheapest frontier cost: 4.30m
Step: 266 | Mode: explore | Action: 3
Sticking to last point.
Cheapest frontier cost: 4.30m
Step: 267 | Mode: explore | Action: 1
Sticking to last point.
Cheapest frontier cost: 4.30m
Step: 268 | Mode: explore | Action: 3
Sticking to last point.
Cheapest frontier cost: 4.30m
Step: 269 | Mode: explore | Action: 1
Sticking to last point.
Cheapest frontier cost: 4.30m
Step: 270 | Mode: explore | Action: 3
Sticking to last point.
Cheapest frontier cost: 4.30m
Step: 271 | Mode: explore | Action: 1
Sticking to last point.
Cheapest frontier cost: 4.30m
Step: 272 | Mode: explore | Action: 3
Sticking to last point.
Cheapest frontier cost: 4.30m
Step: 273 | Mode: explore | Action: 1
Sticking to last point.
Cheapest frontier cost: 4.30m
Step: 274 | Mode: explore | Action: 1
Sticking to last point.
Cheapest frontier cost: 4.30m
Step: 275 | Mode: explore | Action: 2
Sticking to last point.
Cheapest frontier cost: 4.30m
Step: 276 | Mode: explore | Action: 1
Sticking to last point.
Cheapest frontier cost: 4.30m
Step: 277 | Mode: explore | Action: 2
Sticking to last point.
Cheapest frontier cost: 4.30m
Step: 278 | Mode: explore | Action: 1
Sticking to last point.
Cheapest frontier cost: 4.30m
Step: 279 | Mode: explore | Action: 2
Sticking to last point.
Cheapest frontier cost: 4.30m
Step: 280 | Mode: explore | Action: 1
Sticking to last point.
Cheapest frontier cost: 4.30m
Step: 281 | Mode: explore | Action: 2
Sticking to last point.
Cheapest frontier cost: 4.30m
Step: 282 | Mode: explore | Action: 1
Sticking to last point.
Cheapest frontier cost: 4.30m
Step: 283 | Mode: explore | Action: 2
Sticking to last point.
Cheapest frontier cost: 4.30m
Step: 284 | Mode: explore | Action: 1
Sticking to last point.
Cheapest frontier cost: 4.30m
Step: 285 | Mode: explore | Action: 3
Sticking to last point.
Cheapest frontier cost: 4.30m
Step: 286 | Mode: explore | Action: 3
Sticking to last point.
Cheapest frontier cost: 4.30m
Step: 287 | Mode: explore | Action: 3
Sticking to last point.
Cheapest frontier cost: 4.30m
Step: 288 | Mode: explore | Action: 1
Sticking to last point.
Cheapest frontier cost: 4.10m
Step: 289 | Mode: explore | Action: 3
Sticking to last point.
Cheapest frontier cost: 4.10m
Step: 290 | Mode: explore | Action: 1
Sticking to last point.
Cheapest frontier cost: 4.10m
Step: 291 | Mode: explore | Action: 3
Sticking to last point.
Cheapest frontier cost: 4.10m
Step: 292 | Mode: explore | Action: 1
Sticking to last point.
Cheapest frontier cost: 4.10m
Step: 293 | Mode: explore | Action: 2
Sticking to last point.
Cheapest frontier cost: 4.10m
Step: 294 | Mode: explore | Action: 1
Sticking to last point.
Cheapest frontier cost: 4.10m
Step: 295 | Mode: explore | Action: 2
Sticking to last point.
Cheapest frontier cost: 4.10m
Step: 296 | Mode: explore | Action: 1
Sticking to last point.
Cheapest frontier cost: 4.10m
Step: 297 | Mode: explore | Action: 2
Sticking to last point.
Cheapest frontier cost: 4.10m
Step: 298 | Mode: explore | Action: 1
Sticking to last point.
Cheapest frontier cost: 4.10m
Step: 299 | Mode: explore | Action: 2
Sticking to last point.
Cheapest frontier cost: 4.10m
Step: 300 | Mode: explore | Action: 1
Sticking to last point.
Cheapest frontier cost: 4.10m
Step: 301 | Mode: explore | Action: 3
Sticking to last point.
Cheapest frontier cost: 4.10m
Step: 302 | Mode: explore | Action: 3
Sticking to last point.
Cheapest frontier cost: 4.10m
Step: 303 | Mode: explore | Action: 3
Sticking to last point.
Cheapest frontier cost: 4.10m
Step: 304 | Mode: explore | Action: 1
Sticking to last point.
Cheapest frontier cost: 4.10m
Step: 305 | Mode: explore | Action: 3
Sticking to last point.
Cheapest frontier cost: 4.10m
Step: 306 | Mode: explore | Action: 1
Sticking to last point.
Cheapest frontier cost: 4.10m
Step: 307 | Mode: explore | Action: 3
Sticking to last point.
Cheapest frontier cost: 4.10m
Step: 308 | Mode: explore | Action: 1
Sticking to last point.
Cheapest frontier cost: 4.10m
Step: 309 | Mode: explore | Action: 3
Sticking to last point.
Cheapest frontier cost: 4.10m
Step: 310 | Mode: explore | Action: 1
Cheapest frontier cost: 4.30m
Step: 311 | Mode: explore | Action: 2
Sticking to last point.
Cheapest frontier cost: 4.30m
Step: 312 | Mode: explore | Action: 2
Sticking to last point.
Cheapest frontier cost: 4.30m
Step: 313 | Mode: explore | Action: 1
Sticking to last point.
Cheapest frontier cost: 4.30m
Step: 314 | Mode: explore | Action: 2
Sticking to last point.
Cheapest frontier cost: 4.30m
Step: 315 | Mode: explore | Action: 1
Sticking to last point.
Cheapest frontier cost: 4.30m
Step: 316 | Mode: explore | Action: 2
Sticking to last point.
Cheapest frontier cost: 4.30m
Step: 317 | Mode: explore | Action: 1
Sticking to last point.
Cheapest frontier cost: 4.30m
Step: 318 | Mode: explore | Action: 3
Sticking to last point.
Cheapest frontier cost: 4.30m
Step: 319 | Mode: explore | Action: 1
Sticking to last point.
Cheapest frontier cost: 4.30m
Step: 320 | Mode: explore | Action: 3
Sticking to last point.
Cheapest frontier cost: 4.30m
Step: 321 | Mode: explore | Action: 1
Sticking to last point.
Cheapest frontier cost: 4.30m
Step: 322 | Mode: explore | Action: 3
Sticking to last point.
Cheapest frontier cost: 4.30m
Step: 323 | Mode: explore | Action: 1
Sticking to last point.
Cheapest frontier cost: 4.30m
Step: 324 | Mode: explore | Action: 2
Sticking to last point.
Cheapest frontier cost: 4.30m
Step: 325 | Mode: explore | Action: 2
Sticking to last point.
Cheapest frontier cost: 4.30m
Step: 326 | Mode: explore | Action: 1
Sticking to last point.
Cheapest frontier cost: 4.30m
Step: 327 | Mode: explore | Action: 2
Sticking to last point.
Cheapest frontier cost: 4.30m
Step: 328 | Mode: explore | Action: 1
Sticking to last point.
Cheapest frontier cost: 4.30m
Step: 329 | Mode: explore | Action: 2
Sticking to last point.
Cheapest frontier cost: 4.30m
Step: 330 | Mode: explore | Action: 1
Sticking to last point.
Cheapest frontier cost: 4.30m
Step: 331 | Mode: explore | Action: 2
Sticking to last point.
Cheapest frontier cost: 4.30m
Step: 332 | Mode: explore | Action: 1
Sticking to last point.
Cheapest frontier cost: 4.30m
Step: 333 | Mode: explore | Action: 2
Sticking to last point.
Cheapest frontier cost: 4.30m
Step: 334 | Mode: explore | Action: 1
Sticking to last point.
Cheapest frontier cost: 4.25m
Step: 335 | Mode: explore | Action: 3
Sticking to last point.
Cheapest frontier cost: 4.25m
Step: 336 | Mode: explore | Action: 3
Sticking to last point.
Cheapest frontier cost: 4.25m
Step: 337 | Mode: explore | Action: 3
Sticking to last point.
Cheapest frontier cost: 4.25m
Step: 338 | Mode: explore | Action: 1
Sticking to last point.
Cheapest frontier cost: 4.10m
Step: 339 | Mode: explore | Action: 3
Sticking to last point.
Cheapest frontier cost: 4.10m
Step: 340 | Mode: explore | Action: 1
Sticking to last point.
Cheapest frontier cost: 4.10m
Step: 341 | Mode: explore | Action: 3
Sticking to last point.
Cheapest frontier cost: 4.10m
Step: 342 | Mode: explore | Action: 1
Sticking to last point.
Cheapest frontier cost: 4.10m
Step: 343 | Mode: explore | Action: 2
Sticking to last point.
Cheapest frontier cost: 4.10m
Step: 344 | Mode: explore | Action: 1
Sticking to last point.
Cheapest frontier cost: 4.10m
Step: 345 | Mode: explore | Action: 2
Sticking to last point.
Cheapest frontier cost: 4.10m
Step: 346 | Mode: explore | Action: 1
Sticking to last point.
Cheapest frontier cost: 4.10m
Step: 347 | Mode: explore | Action: 2
Sticking to last point.
Cheapest frontier cost: 4.10m
Step: 348 | Mode: explore | Action: 1
Sticking to last point.
Cheapest frontier cost: 4.10m
Step: 349 | Mode: explore | Action: 2
Sticking to last point.
Cheapest frontier cost: 4.10m
Step: 350 | Mode: explore | Action: 1
Sticking to last point.
Cheapest frontier cost: 4.10m
Step: 351 | Mode: explore | Action: 3
Sticking to last point.
Cheapest frontier cost: 4.10m
Step: 352 | Mode: explore | Action: 3
Sticking to last point.
Cheapest frontier cost: 4.10m
Step: 353 | Mode: explore | Action: 3
Sticking to last point.
Cheapest frontier cost: 4.10m
Step: 354 | Mode: explore | Action: 1
Sticking to last point.
Cheapest frontier cost: 4.10m
Step: 355 | Mode: explore | Action: 3
Sticking to last point.
Cheapest frontier cost: 4.10m
Step: 356 | Mode: explore | Action: 1
Sticking to last point.
Cheapest frontier cost: 4.10m
Step: 357 | Mode: explore | Action: 3
Sticking to last point.
Cheapest frontier cost: 4.10m
Step: 358 | Mode: explore | Action: 1
Sticking to last point.
Cheapest frontier cost: 4.10m
Step: 359 | Mode: explore | Action: 3
Sticking to last point.
Cheapest frontier cost: 4.10m
Step: 360 | Mode: explore | Action: 1
Cheapest frontier cost: 4.25m
Step: 361 | Mode: explore | Action: 2
Sticking to last point.
Cheapest frontier cost: 4.25m
Step: 362 | Mode: explore | Action: 2
Sticking to last point.
Cheapest frontier cost: 4.25m
Step: 363 | Mode: explore | Action: 1
Cheapest frontier cost: 4.30m
Step: 364 | Mode: explore | Action: 2
Sticking to last point.
Cheapest frontier cost: 4.30m
Step: 365 | Mode: explore | Action: 1
Sticking to last point.
Cheapest frontier cost: 4.30m
Step: 366 | Mode: explore | Action: 2
Sticking to last point.
Cheapest frontier cost: 4.30m
Step: 367 | Mode: explore | Action: 1
Sticking to last point.
Cheapest frontier cost: 4.30m
Step: 368 | Mode: explore | Action: 3
Sticking to last point.
Cheapest frontier cost: 4.30m
Step: 369 | Mode: explore | Action: 1
Sticking to last point.
Cheapest frontier cost: 4.30m
Step: 370 | Mode: explore | Action: 3
Sticking to last point.
Cheapest frontier cost: 4.30m
Step: 371 | Mode: explore | Action: 1
Sticking to last point.
Cheapest frontier cost: 4.30m
Step: 372 | Mode: explore | Action: 3
Sticking to last point.
Cheapest frontier cost: 4.30m
Step: 373 | Mode: explore | Action: 1
Sticking to last point.
Cheapest frontier cost: 4.30m
Step: 374 | Mode: explore | Action: 2
Sticking to last point.
Cheapest frontier cost: 4.30m
Step: 375 | Mode: explore | Action: 2
Sticking to last point.
Cheapest frontier cost: 4.30m
Step: 376 | Mode: explore | Action: 1
Sticking to last point.
Cheapest frontier cost: 4.30m
Step: 377 | Mode: explore | Action: 2
Sticking to last point.
Cheapest frontier cost: 4.30m
Step: 378 | Mode: explore | Action: 1
Sticking to last point.
Cheapest frontier cost: 4.30m
Step: 379 | Mode: explore | Action: 2
Sticking to last point.
Cheapest frontier cost: 4.30m
Step: 380 | Mode: explore | Action: 1
Sticking to last point.
Cheapest frontier cost: 4.30m
Step: 381 | Mode: explore | Action: 2
Sticking to last point.
Cheapest frontier cost: 4.30m
Step: 382 | Mode: explore | Action: 1
Sticking to last point.
Cheapest frontier cost: 4.30m
Step: 383 | Mode: explore | Action: 2
Sticking to last point.
Cheapest frontier cost: 4.30m
Step: 384 | Mode: explore | Action: 1
Sticking to last point.
Cheapest frontier cost: 4.25m
Step: 385 | Mode: explore | Action: 3
Sticking to last point.
Cheapest frontier cost: 4.25m
Step: 386 | Mode: explore | Action: 3
Sticking to last point.
Cheapest frontier cost: 4.25m
Step: 387 | Mode: explore | Action: 3
Sticking to last point.
Cheapest frontier cost: 4.25m
Step: 388 | Mode: explore | Action: 1
Sticking to last point.
Cheapest frontier cost: 4.10m
Step: 389 | Mode: explore | Action: 3
Sticking to last point.
Cheapest frontier cost: 4.10m
Step: 390 | Mode: explore | Action: 1
Sticking to last point.
Cheapest frontier cost: 4.10m
Step: 391 | Mode: explore | Action: 3
Sticking to last point.
Cheapest frontier cost: 4.10m
Step: 392 | Mode: explore | Action: 1
Sticking to last point.
Cheapest frontier cost: 4.10m
Step: 393 | Mode: explore | Action: 2
Sticking to last point.
Cheapest frontier cost: 4.10m
Step: 394 | Mode: explore | Action: 1
Sticking to last point.
Cheapest frontier cost: 4.10m
Step: 395 | Mode: explore | Action: 2
Sticking to last point.
Cheapest frontier cost: 4.10m
Step: 396 | Mode: explore | Action: 1
Sticking to last point.
Cheapest frontier cost: 4.10m
Step: 397 | Mode: explore | Action: 2
Sticking to last point.
Cheapest frontier cost: 4.10m
Step: 398 | Mode: explore | Action: 1
Sticking to last point.
Cheapest frontier cost: 4.10m
Step: 399 | Mode: explore | Action: 2
Sticking to last point.
Cheapest frontier cost: 4.10m
Step: 400 | Mode: explore | Action: 1
Sticking to last point.
Cheapest frontier cost: 4.10m
Step: 401 | Mode: explore | Action: 3
Sticking to last point.
Cheapest frontier cost: 4.10m
Step: 402 | Mode: explore | Action: 3
Sticking to last point.
Cheapest frontier cost: 4.10m
Step: 403 | Mode: explore | Action: 3
Sticking to last point.
Cheapest frontier cost: 4.10m
Step: 404 | Mode: explore | Action: 1
Sticking to last point.
Cheapest frontier cost: 4.10m
Step: 405 | Mode: explore | Action: 3
Sticking to last point.
Cheapest frontier cost: 4.10m
Step: 406 | Mode: explore | Action: 1
Sticking to last point.
Cheapest frontier cost: 4.10m
Step: 407 | Mode: explore | Action: 3
Sticking to last point.
Cheapest frontier cost: 4.10m
Step: 408 | Mode: explore | Action: 1
Sticking to last point.
Cheapest frontier cost: 4.10m
Step: 409 | Mode: explore | Action: 3
Sticking to last point.
Cheapest frontier cost: 4.10m
Step: 410 | Mode: explore | Action: 1
Cheapest frontier cost: 4.20m
Step: 411 | Mode: explore | Action: 2
Sticking to last point.
Cheapest frontier cost: 4.20m
Step: 412 | Mode: explore | Action: 2
Sticking to last point.
Cheapest frontier cost: 4.20m
Step: 413 | Mode: explore | Action: 1
Sticking to last point.
Cheapest frontier cost: 4.15m
Step: 414 | Mode: explore | Action: 2
Sticking to last point.
Cheapest frontier cost: 4.15m
Step: 415 | Mode: explore | Action: 1
Sticking to last point.
Cheapest frontier cost: 4.15m
Step: 416 | Mode: explore | Action: 2
Sticking to last point.
Cheapest frontier cost: 4.15m
Step: 417 | Mode: explore | Action: 1
Sticking to last point.
Cheapest frontier cost: 4.15m
Step: 418 | Mode: explore | Action: 3
Sticking to last point.
Cheapest frontier cost: 4.15m
Step: 419 | Mode: explore | Action: 3
Sticking to last point.
Cheapest frontier cost: 4.15m
Step: 420 | Mode: explore | Action: 1
Sticking to last point.
Cheapest frontier cost: 4.15m
Step: 421 | Mode: explore | Action: 3
Sticking to last point.
Cheapest frontier cost: 4.15m
Step: 422 | Mode: explore | Action: 1
Sticking to last point.
Cheapest frontier cost: 4.15m
Step: 423 | Mode: explore | Action: 2
Sticking to last point.
Cheapest frontier cost: 4.15m
Step: 424 | Mode: explore | Action: 2
Sticking to last point.
Cheapest frontier cost: 4.15m
Step: 425 | Mode: explore | Action: 1
Sticking to last point.
Cheapest frontier cost: 4.15m
Step: 426 | Mode: explore | Action: 2
Sticking to last point.
Cheapest frontier cost: 4.15m
Step: 427 | Mode: explore | Action: 1
Sticking to last point.
Cheapest frontier cost: 4.15m
Step: 428 | Mode: explore | Action: 2
Sticking to last point.
Cheapest frontier cost: 4.15m
Step: 429 | Mode: explore | Action: 1
Sticking to last point.
Cheapest frontier cost: 4.15m
Step: 430 | Mode: explore | Action: 2
Sticking to last point.
Cheapest frontier cost: 4.15m
Step: 431 | Mode: explore | Action: 1
Sticking to last point.
Cheapest frontier cost: 4.15m
Step: 432 | Mode: explore | Action: 2
Sticking to last point.
Cheapest frontier cost: 4.15m
Step: 433 | Mode: explore | Action: 1
Cheapest frontier cost: 4.30m
Step: 434 | Mode: explore | Action: 3
Sticking to last point.
Cheapest frontier cost: 4.30m
Step: 435 | Mode: explore | Action: 3
Sticking to last point.
Cheapest frontier cost: 4.30m
Step: 436 | Mode: explore | Action: 3
Sticking to last point.
Cheapest frontier cost: 4.30m
Step: 437 | Mode: explore | Action: 1
Sticking to last point.
Cheapest frontier cost: 4.10m
Step: 438 | Mode: explore | Action: 3
Sticking to last point.
Cheapest frontier cost: 4.10m
Step: 439 | Mode: explore | Action: 1
Sticking to last point.
Cheapest frontier cost: 4.10m
Step: 440 | Mode: explore | Action: 3
Sticking to last point.
Cheapest frontier cost: 4.10m
Step: 441 | Mode: explore | Action: 1
Sticking to last point.
Cheapest frontier cost: 4.10m
Step: 442 | Mode: explore | Action: 3
Sticking to last point.
Cheapest frontier cost: 4.10m
Step: 443 | Mode: explore | Action: 1
Sticking to last point.
Cheapest frontier cost: 4.10m
Step: 444 | Mode: explore | Action: 3
Sticking to last point.
Cheapest frontier cost: 4.10m
Step: 445 | Mode: explore | Action: 1
Cheapest frontier cost: 4.20m
Step: 446 | Mode: explore | Action: 2
Sticking to last point.
Cheapest frontier cost: 4.20m
Step: 447 | Mode: explore | Action: 2
Sticking to last point.
Cheapest frontier cost: 4.20m
Step: 448 | Mode: explore | Action: 1
Sticking to last point.
Cheapest frontier cost: 4.15m
Step: 449 | Mode: explore | Action: 2
Sticking to last point.
Cheapest frontier cost: 4.15m
Step: 450 | Mode: explore | Action: 1
Sticking to last point.
Cheapest frontier cost: 4.15m
Step: 451 | Mode: explore | Action: 2
Sticking to last point.
Cheapest frontier cost: 4.15m
Step: 452 | Mode: explore | Action: 1
Sticking to last point.
Cheapest frontier cost: 4.15m
Step: 453 | Mode: explore | Action: 2
Sticking to last point.
Cheapest frontier cost: 4.15m
Step: 454 | Mode: explore | Action: 1
Sticking to last point.
Cheapest frontier cost: 4.15m
Step: 455 | Mode: explore | Action: 2
Sticking to last point.
Cheapest frontier cost: 4.15m
Step: 456 | Mode: explore | Action: 1
Sticking to last point.
 97%|█████████▋| 29/30 [15:14<00:51, 51.03s/it]Cheapest frontier cost: 4.15m
Step: 457 | Mode: explore | Action: 3
Sticking to last point.
Cheapest frontier cost: 4.15m
Step: 458 | Mode: explore | Action: 3
Sticking to last point.
Cheapest frontier cost: 4.15m
Step: 459 | Mode: explore | Action: 3
Sticking to last point.
Cheapest frontier cost: 4.15m
Step: 460 | Mode: explore | Action: 1
Sticking to last point.
Cheapest frontier cost: 4.15m
Step: 461 | Mode: explore | Action: 3
Sticking to last point.
Cheapest frontier cost: 4.15m
Step: 462 | Mode: explore | Action: 1
Sticking to last point.
Cheapest frontier cost: 4.15m
Step: 463 | Mode: explore | Action: 3
Sticking to last point.
Cheapest frontier cost: 4.15m
Step: 464 | Mode: explore | Action: 1
Sticking to last point.
Cheapest frontier cost: 4.15m
Step: 465 | Mode: explore | Action: 3
Sticking to last point.
Cheapest frontier cost: 4.15m
Step: 466 | Mode: explore | Action: 1
Cheapest frontier cost: 4.30m
Step: 467 | Mode: explore | Action: 2
Sticking to last point.
Cheapest frontier cost: 4.30m
Step: 468 | Mode: explore | Action: 1
Sticking to last point.
Cheapest frontier cost: 4.30m
Step: 469 | Mode: explore | Action: 2
Sticking to last point.
Cheapest frontier cost: 4.30m
Step: 470 | Mode: explore | Action: 2
Sticking to last point.
Cheapest frontier cost: 4.30m
Step: 471 | Mode: explore | Action: 1
Sticking to last point.
Cheapest frontier cost: 4.30m
Step: 472 | Mode: explore | Action: 2
Sticking to last point.
Cheapest frontier cost: 4.30m
Step: 473 | Mode: explore | Action: 1
Sticking to last point.
Cheapest frontier cost: 4.30m
Step: 474 | Mode: explore | Action: 2
Sticking to last point.
Cheapest frontier cost: 4.30m
Step: 475 | Mode: explore | Action: 1
Sticking to last point.
Cheapest frontier cost: 4.30m
Step: 476 | Mode: explore | Action: 2
Sticking to last point.
Cheapest frontier cost: 4.30m
Step: 477 | Mode: explore | Action: 1
Sticking to last point.
Cheapest frontier cost: 4.30m
Step: 478 | Mode: explore | Action: 2
Sticking to last point.
Cheapest frontier cost: 4.30m
Step: 479 | Mode: explore | Action: 1
Sticking to last point.
Cheapest frontier cost: 4.30m
Step: 480 | Mode: explore | Action: 3
Sticking to last point.
Cheapest frontier cost: 4.30m
Step: 481 | Mode: explore | Action: 3
Sticking to last point.
Cheapest frontier cost: 4.30m
Step: 482 | Mode: explore | Action: 3
Sticking to last point.
Cheapest frontier cost: 4.30m
Step: 483 | Mode: explore | Action: 1
Sticking to last point.
Cheapest frontier cost: 4.15m
Step: 484 | Mode: explore | Action: 3
Sticking to last point.
Cheapest frontier cost: 4.15m
Step: 485 | Mode: explore | Action: 1
Sticking to last point.
Cheapest frontier cost: 4.15m
Step: 486 | Mode: explore | Action: 3
Sticking to last point.
Cheapest frontier cost: 4.15m
Step: 487 | Mode: explore | Action: 1
Sticking to last point.
Cheapest frontier cost: 4.15m
Step: 488 | Mode: explore | Action: 2
Sticking to last point.
Cheapest frontier cost: 4.15m
Step: 489 | Mode: explore | Action: 1
Sticking to last point.
Cheapest frontier cost: 4.15m
Step: 490 | Mode: explore | Action: 2
Sticking to last point.
Cheapest frontier cost: 4.15m
Step: 491 | Mode: explore | Action: 1
Sticking to last point.
Cheapest frontier cost: 4.15m
Step: 492 | Mode: explore | Action: 2
Sticking to last point.
Cheapest frontier cost: 4.15m
Step: 493 | Mode: explore | Action: 1
Sticking to last point.
Cheapest frontier cost: 4.15m
Step: 494 | Mode: explore | Action: 2
Sticking to last point.
Cheapest frontier cost: 4.15m
Step: 495 | Mode: explore | Action: 1
Sticking to last point.
Cheapest frontier cost: 4.15m
Step: 496 | Mode: explore | Action: 3
Sticking to last point.
Cheapest frontier cost: 4.15m
Step: 497 | Mode: explore | Action: 3
Sticking to last point.
Cheapest frontier cost: 4.15m
Step: 498 | Mode: explore | Action: 3
Sticking to last point.
Cheapest frontier cost: 4.15m
Step: 499 | Mode: explore | Action: 1
Success rate: 51.72% (15 out of 29)
Episode 14 in scene wcojb4TFT35 failed due to 'never_saw_target_did_not_travel_stairs_likely_infeasible'.
Logging episode 0014 to results/pilot/greedy_frontier_jsons/14_wcojb4TFT35.json
Step: 0 | Mode: initialize | Action: 2
Step: 1 | Mode: initialize | Action: 2
Step: 2 | Mode: initialize | Action: 2
Step: 3 | Mode: initialize | Action: 2
Step: 4 | Mode: initialize | Action: 2
Step: 5 | Mode: initialize | Action: 2
Step: 6 | Mode: initialize | Action: 2
Step: 7 | Mode: initialize | Action: 2
Step: 8 | Mode: initialize | Action: 2
Step: 9 | Mode: initialize | Action: 2
Step: 10 | Mode: initialize | Action: 2
Step: 11 | Mode: initialize | Action: 2
Cheapest frontier cost: 1.15m
Step: 12 | Mode: explore | Action: 3
Sticking to last point.
Cheapest frontier cost: 1.15m
Step: 13 | Mode: explore | Action: 3
Sticking to last point.
Cheapest frontier cost: 1.15m
Step: 14 | Mode: explore | Action: 1
Sticking to last point.
Cheapest frontier cost: 0.95m
Step: 15 | Mode: explore | Action: 2
Sticking to last point.
Cheapest frontier cost: 0.95m
Step: 16 | Mode: explore | Action: 2
Cheapest frontier cost: 1.35m
Step: 17 | Mode: explore | Action: 2
Sticking to last point.
Cheapest frontier cost: 1.35m
Step: 18 | Mode: explore | Action: 2
Sticking to last point.
Cheapest frontier cost: 1.35m
Step: 19 | Mode: explore | Action: 2
Sticking to last point.
Cheapest frontier cost: 1.30m
Step: 20 | Mode: explore | Action: 2
Sticking to last point.
Cheapest frontier cost: 1.30m
Step: 21 | Mode: explore | Action: 1
Sticking to last point.
Cheapest frontier cost: 1.20m
Step: 22 | Mode: explore | Action: 1
Sticking to last point.
Cheapest frontier cost: 1.10m
Step: 23 | Mode: explore | Action: 3
Sticking to last point.
Cheapest frontier cost: 1.10m
Step: 24 | Mode: explore | Action: 3
Sticking to last point.
Cheapest frontier cost: 1.10m
Step: 25 | Mode: explore | Action: 1
Cheapest frontier cost: 1.10m
Step: 26 | Mode: explore | Action: 3
Sticking to last point.
Cheapest frontier cost: 1.10m
Step: 27 | Mode: explore | Action: 1
Sticking to last point.
Cheapest frontier cost: 0.80m
Step: 28 | Mode: explore | Action: 1
Cheapest frontier cost: 0.85m
Step: 29 | Mode: explore | Action: 2
Sticking to last point.
Cheapest frontier cost: 0.85m
Step: 30 | Mode: explore | Action: 2
Sticking to last point.
Cheapest frontier cost: 0.85m
Step: 31 | Mode: explore | Action: 3
Sticking to last point.
Cheapest frontier cost: 0.85m
Step: 32 | Mode: explore | Action: 1
Cheapest frontier cost: 1.35m
Step: 33 | Mode: explore | Action: 2
Sticking to last point.
Cheapest frontier cost: 1.35m
Step: 34 | Mode: explore | Action: 3
Sticking to last point.
Cheapest frontier cost: 1.35m
Step: 35 | Mode: explore | Action: 1
Sticking to last point.
Cheapest frontier cost: 1.35m
Step: 36 | Mode: explore | Action: 3
Sticking to last point.
Cheapest frontier cost: 1.35m
Step: 37 | Mode: explore | Action: 1
Cheapest frontier cost: 1.40m
Step: 38 | Mode: explore | Action: 2
Cheapest frontier cost: 1.40m
Step: 39 | Mode: explore | Action: 2
Sticking to last point.
Cheapest frontier cost: 1.40m
Step: 40 | Mode: explore | Action: 2
Sticking to last point.
Cheapest frontier cost: 1.40m
Step: 41 | Mode: explore | Action: 1
Sticking to last point.
Cheapest frontier cost: 1.35m
Step: 42 | Mode: explore | Action: 3
Sticking to last point.
Cheapest frontier cost: 1.35m
Step: 43 | Mode: explore | Action: 1
Sticking to last point.
Cheapest frontier cost: 1.30m
Step: 44 | Mode: explore | Action: 1
Sticking to last point.
Cheapest frontier cost: 1.05m
Step: 45 | Mode: explore | Action: 3
Cheapest frontier cost: 1.35m
Step: 46 | Mode: explore | Action: 3
Cheapest frontier cost: 2.35m
Step: 47 | Mode: explore | Action: 2
Sticking to last point.
Cheapest frontier cost: 2.35m
Step: 48 | Mode: explore | Action: 2
Sticking to last point.
Cheapest frontier cost: 2.35m
Step: 49 | Mode: explore | Action: 1
Sticking to last point.
Cheapest frontier cost: 2.10m
Step: 50 | Mode: explore | Action: 2
Sticking to last point.
Cheapest frontier cost: 2.10m
Step: 51 | Mode: explore | Action: 1
Sticking to last point.
Cheapest frontier cost: 1.80m
Step: 52 | Mode: explore | Action: 1
Step: 53 | Mode: navigate | Action: 1
Step: 54 | Mode: navigate | Action: 1
100%|██████████| 30/30 [15:31<00:00, 40.87s/it]100%|██████████| 30/30 [15:31<00:00, 31.05s/it]
2026-04-13 12:36:01,616 Average episode reward: 4.1908
2026-04-13 12:36:01,617 Average episode distance_to_goal: 5.8574
2026-04-13 12:36:01,617 Average episode success: 0.5333
2026-04-13 12:36:01,617 Average episode spl: 0.3020
2026-04-13 12:36:01,617 Average episode soft_spl: 0.3564
2026-04-13 12:36:01,617 Average episode distance_to_goal_reward: 0.0000
2026-04-13 12:36:01,617 Average episode traveled_stairs: 0.0000
2026-04-13 12:36:01,617 Average episode yaw: 22.0000
2026-04-13 12:36:01,617 Average episode target_detected: 0.9000
2026-04-13 12:36:01,617 Average episode stop_called: 0.9000
[12:36:01:617476]:[Physics] PhysicsManager.cpp(54)::~PhysicsManager : Deconstructing PhysicsManager
[12:36:01:617524]:[Scene] SceneManager.h(21)::~SceneManager : Deconstructing SceneManager
[12:36:01:617529]:[Scene] SceneGraph.h(25)::~SceneGraph : Deconstructing SceneGraph
[12:36:01:617779]:[Sensor] Sensor.cpp(69)::~Sensor : Deconstructing Sensor
[12:36:01:617937]:[Sensor] Sensor.cpp(69)::~Sensor : Deconstructing Sensor
[12:36:01:617947]:[Scene] SceneGraph.h(25)::~SceneGraph : Deconstructing SceneGraph
[12:36:01:618036]:[Scene] SemanticScene.h(48)::~SemanticScene : Deconstructing SemanticScene
[12:36:01:621343]:[Gfx] Renderer.cpp(71)::~Impl : Deconstructing Renderer
[12:36:01:621369]:[Gfx] WindowlessContext.h(17)::~WindowlessContext : Deconstructing WindowlessContext
Step: 55 | Mode: navigate | Action: 1
Step: 56 | Mode: navigate | Action: 3
Step: 57 | Mode: navigate | Action: 1
Step: 58 | Mode: navigate | Action: 1
Step: 59 | Mode: navigate | Action: 1
Step: 60 | Mode: navigate | Action: 1
Step: 61 | Mode: navigate | Action: 1
Step: 62 | Mode: navigate | Action: 1
Step: 63 | Mode: navigate | Action: 1
Step: 64 | Mode: navigate | Action: 1
Step: 65 | Mode: navigate | Action: 1
Step: 66 | Mode: navigate | Action: 2
Step: 67 | Mode: navigate | Action: 1
Step: 68 | Mode: navigate | Action: 1
Step: 69 | Mode: navigate | Action: 1
Step: 70 | Mode: navigate | Action: 1
Step: 71 | Mode: navigate | Action: 1
Step: 72 | Mode: navigate | Action: 3
Step: 73 | Mode: navigate | Action: 1
Step: 74 | Mode: navigate | Action: 1
Step: 75 | Mode: navigate | Action: 0
Success rate: 53.33% (16 out of 30)
Logging episode 0004 to results/pilot/greedy_frontier_jsons/4_wcojb4TFT35.json
wall_time_seconds=943.72
