Gym has been unmaintained since 2022 and does not support NumPy 2.0 amongst other critical functionality.
Please upgrade to Gymnasium, the maintained drop-in replacement of Gym, or contact the authors of your software and request that they upgrade.
See the migration guide at https://gymnasium.farama.org/introduction/migration_guide/ for additional information.
/home/jose/anaconda3/envs/VLFM_gpu/lib/python3.9/site-packages/fairscale/experimental/nn/offload.py:19: FutureWarning: `torch.cuda.amp.custom_fwd(args...)` is deprecated. Please use `torch.amp.custom_fwd(args..., device_type='cuda')` instead.
  return torch.cuda.amp.custom_fwd(orig_func)  # type: ignore
/home/jose/anaconda3/envs/VLFM_gpu/lib/python3.9/site-packages/fairscale/experimental/nn/offload.py:30: FutureWarning: `torch.cuda.amp.custom_bwd(args...)` is deprecated. Please use `torch.amp.custom_bwd(args..., device_type='cuda')` instead.
  return torch.cuda.amp.custom_bwd(orig_func)  # type: ignore
2026-04-13 11:37:16,318 env config: habitat_baselines:
  evaluate: true
  trainer_name: vlfm
  updater_name: PPO
  distrib_updater_name: DDPPO
  torch_gpu_id: 0
  tensorboard_dir: tb
  writer_type: tb
  video_dir: video_dir
  video_fps: 10
  test_episode_count: 30
  eval_ckpt_path_dir: data/dummy_policy.pth
  num_environments: 1
  num_processes: -1
  rollout_storage_name: RolloutStorage
  checkpoint_folder: data/new_checkpoints
  num_updates: 270000
  num_checkpoints: 100
  checkpoint_interval: -1
  total_num_steps: -1.0
  log_interval: 10
  log_file: train.log
  force_blind_policy: false
  verbose: true
  eval_keys_to_include_in_name: []
  force_torch_single_threaded: true
  wb:
    project_name: ''
    entity: ''
    group: ''
    run_name: ''
  load_resume_state_config: false
  eval:
    split: val_mini
    use_ckpt_config: true
    should_load_ckpt: true
    evals_per_ep: 1
    video_option: []
    extra_sim_sensors: {}
  profiling:
    capture_start_step: -1
    num_steps_to_capture: -1
  rl:
    agent:
      type: SingleAgentAccessMgr
    preemption:
      append_slurm_job_id: false
      save_resume_state_interval: 100
      save_state_batch_only: false
    policy:
      name: HabitatITMPolicyV2
      action_distribution_type: categorical
      action_dist:
        use_log_std: true
        use_softplus: false
        std_init: ???
        log_std_init: 0.0
        use_std_param: false
        clamp_std: true
        min_std: 1.0e-06
        max_std: 1
        min_log_std: -5
        max_log_std: 2
        action_activation: tanh
        scheduled_std: false
      obs_transforms: {}
      hierarchical_policy: ???
      text_prompt: Seems like there is a target_object ahead.
      pointnav_policy_path: data/pointnav_weights.pth
      depth_image_shape:
      - 224
      - 224
      pointnav_stop_radius: 0.9
      use_max_confidence: false
      object_map_erosion_size: 5
      exploration_thresh: 0.0
      obstacle_map_area_threshold: 1.5
      min_obstacle_height: 0.61
      max_obstacle_height: 0.88
      hole_area_thresh: 100000
      use_vqa: false
      vqa_prompt: 'Is this '
      coco_threshold: 0.8
      non_coco_threshold: 0.4
      agent_radius: 0.18
      frontier_selector: semantic
    ppo:
      clip_param: 0.2
      ppo_epoch: 4
      num_mini_batch: 2
      value_loss_coef: 0.5
      entropy_coef: 0.01
      lr: 0.00025
      eps: 1.0e-05
      max_grad_norm: 0.2
      num_steps: 64
      use_gae: true
      use_linear_lr_decay: false
      use_linear_clip_decay: false
      gamma: 0.99
      tau: 0.95
      reward_window_size: 50
      use_normalized_advantage: false
      hidden_size: 512
      entropy_target_factor: 0.0
      use_adaptive_entropy_pen: false
      use_clipped_value_loss: true
      use_double_buffered_sampler: false
    ddppo:
      sync_frac: 0.6
      distrib_backend: NCCL
      rnn_type: LSTM
      num_recurrent_layers: 2
      backbone: resnet50
      pretrained_weights: data/ddppo-models/gibson-2plus-resnet50.pth
      pretrained: false
      pretrained_encoder: false
      train_encoder: true
      reset_critic: false
      force_distributed: false
    ver:
      variable_experience: true
      num_inference_workers: 2
      overlap_rollouts_and_learn: false
    auxiliary_losses: {}
habitat:
  seed: 100
  env_task: GymHabitatEnv
  env_task_gym_dependencies: []
  env_task_gym_id: ''
  environment:
    max_episode_steps: 500
    max_episode_seconds: 10000000
    iterator_options:
      cycle: true
      shuffle: true
      group_by_scene: true
      num_episode_sample: -1
      max_scene_repeat_episodes: -1
      max_scene_repeat_steps: 50000
      step_repetition_range: 0.2
  simulator:
    type: Sim-v0
    action_space_config: v1
    action_space_config_arguments: {}
    forward_step_size: 0.25
    create_renderer: false
    requires_textures: true
    auto_sleep: false
    step_physics: true
    concur_render: false
    needs_markers: true
    update_articulated_agent: true
    scene: data/scene_datasets/habitat-test-scenes/van-gogh-room.glb
    scene_dataset: default
    additional_object_paths: []
    seed: ${habitat.seed}
    turn_angle: 30
    tilt_angle: 30
    default_agent_id: 0
    debug_render: false
    debug_render_articulated_agent: false
    kinematic_mode: false
    debug_render_goal: true
    robot_joint_start_noise: 0.0
    ctrl_freq: 120.0
    ac_freq_ratio: 4
    load_objs: true
    hold_thresh: 0.15
    grasp_impulse: 10000.0
    agents:
      main_agent:
        height: 0.88
        radius: 0.18
        grasp_managers: 1
        sim_sensors:
          rgb_sensor:
            type: HabitatSimRGBSensor
            height: 480
            width: 640
            position:
            - 0.0
            - 0.88
            - 0.0
            orientation:
            - 0.0
            - 0.0
            - 0.0
            hfov: 79
            sensor_subtype: PINHOLE
            noise_model: None
            noise_model_kwargs: {}
          depth_sensor:
            type: HabitatSimDepthSensor
            height: 480
            width: 640
            position:
            - 0.0
            - 0.88
            - 0.0
            orientation:
            - 0.0
            - 0.0
            - 0.0
            hfov: 79
            sensor_subtype: PINHOLE
            noise_model: None
            noise_model_kwargs: {}
            min_depth: 0.5
            max_depth: 5.0
            normalize_depth: true
        is_set_start_state: false
        start_position:
        - 0.0
        - 0.0
        - 0.0
        start_rotation:
        - 0.0
        - 0.0
        - 0.0
        - 1.0
        joint_start_noise: 0.1
        articulated_agent_urdf: data/robots/hab_fetch/robots/hab_fetch.urdf
        articulated_agent_type: FetchRobot
        ik_arm_urdf: data/robots/hab_fetch/robots/fetch_onlyarm.urdf
        motion_data_path: ''
    agents_order:
    - main_agent
    habitat_sim_v0:
      gpu_device_id: 0
      gpu_gpu: false
      allow_sliding: false
      frustum_culling: true
      enable_physics: false
      physics_config_file: ./data/default.physics_config.json
      leave_context_with_background_renderer: false
      enable_gfx_replay_save: false
    ep_info: null
    object_ids_start: 100
  task:
    reward_measure: distance_to_goal_reward
    success_measure: spl
    success_reward: 2.5
    slack_reward: -0.001
    end_on_success: true
    type: ObjectNav-v1
    lab_sensors:
      objectgoal_sensor:
        type: ObjectGoalSensor
        goal_spec: TASK_CATEGORY_ID
        goal_spec_max_val: 50
      compass_sensor:
        type: CompassSensor
      gps_sensor:
        type: GPSSensor
        dimensionality: 2
      base_explorer:
        type: BaseExplorer
        ang_vel: 10.0
        area_thresh: 3.0
        forward_step_size: 0.25
        fov: 79
        lin_vel: 0.25
        map_resolution: 256
        minimize_time: true
        success_distance: 0.18
        turn_angle: 30.0
        visibility_dist: 4.5
      heading_sensor:
        type: HeadingSensor
      frontier_sensor:
        type: FrontierSensor
    measurements:
      distance_to_goal:
        type: DistanceToGoal
        distance_to: VIEW_POINTS
      success:
        type: Success
        success_distance: 0.1
      spl:
        type: SPL
      soft_spl:
        type: SoftSPL
      distance_to_goal_reward:
        type: DistanceToGoalReward
      frontier_exploration_map:
        type: FrontierExplorationMap
        max_episode_steps: 1000
        map_padding: 3
        map_resolution: 1024
        draw_source: true
        draw_border: true
        draw_shortest_path: true
        draw_view_points: true
        draw_goal_positions: true
        draw_goal_aabbs: true
        fog_of_war:
          draw: true
          visibility_dist: 5.0
          fov: 90
        draw_waypoints: true
      traveled_stairs:
        type: TraveledStairs
    goal_sensor_uuid: objectgoal
    count_obj_collisions: true
    settle_steps: 5
    constraint_violation_ends_episode: true
    constraint_violation_drops_object: false
    force_regenerate: false
    should_save_to_cache: false
    object_in_hand_sample_prob: 0.167
    min_start_distance: 3.0
    render_target: true
    physics_stability_steps: 1
    num_spawn_attempts: 200
    spawn_max_dist_to_obj: 2.0
    base_angle_noise: 0.523599
    ee_sample_factor: 0.2
    ee_exclude_region: 0.0
    base_noise: 0.05
    spawn_region_scale: 0.2
    joint_max_impulse: -1.0
    desired_resting_position:
    - 0.5
    - 0.0
    - 1.0
    use_marker_t: true
    cache_robot_init: false
    success_state: 0.0
    should_enforce_target_within_reach: false
    task_spec_base_path: habitat/task/rearrange/pddl/
    task_spec: ''
    pddl_domain_def: replica_cad
    obj_succ_thresh: 0.3
    enable_safe_drop: false
    art_succ_thresh: 0.15
    robot_at_thresh: 2.0
    filter_nav_to_tasks: []
    actions:
      stop:
        type: StopAction
        agent_index: 0
      move_forward:
        type: MoveForwardAction
        agent_index: 0
      turn_left:
        type: TurnLeftAction
        agent_index: 0
      turn_right:
        type: TurnRightAction
        agent_index: 0
      look_up:
        type: LookUpAction
        agent_index: 0
      look_down:
        type: LookDownAction
        agent_index: 0
  dataset:
    type: ObjectNav-v1
    split: val_mini
    scenes_dir: data/scene_datasets
    content_scenes:
    - '*'
    data_path: data/datasets/objectnav/hm3d/v1/{split}/{split}.json.gz
  gym:
    obs_keys: null
    action_keys: null
    achieved_goal_keys: []
    desired_goal_keys: []

2026-04-13 11:37:16,318 Initializing dataset ObjectNav-v1
0
Gym has been unmaintained since 2022 and does not support NumPy 2.0 amongst other critical functionality.
Please upgrade to Gymnasium, the maintained drop-in replacement of Gym, or contact the authors of your software and request that they upgrade.
See the migration guide at https://gymnasium.farama.org/introduction/migration_guide/ for additional information.
/home/jose/anaconda3/envs/VLFM_gpu/lib/python3.9/site-packages/fairscale/experimental/nn/offload.py:19: FutureWarning: `torch.cuda.amp.custom_fwd(args...)` is deprecated. Please use `torch.amp.custom_fwd(args..., device_type='cuda')` instead.
  return torch.cuda.amp.custom_fwd(orig_func)  # type: ignore
/home/jose/anaconda3/envs/VLFM_gpu/lib/python3.9/site-packages/fairscale/experimental/nn/offload.py:30: FutureWarning: `torch.cuda.amp.custom_bwd(args...)` is deprecated. Please use `torch.amp.custom_bwd(args..., device_type='cuda')` instead.
  return torch.cuda.amp.custom_bwd(orig_func)  # type: ignore
2026-04-13 11:37:19,499 Initializing dataset ObjectNav-v1
2026-04-13 11:37:19,517 initializing sim Sim-v0
[11:37:19:525110]:[Metadata] AttributesManagerBase.h(380)::createFromJsonOrDefaultInternal : <Dataset>: Proposing JSON name : default.scene_dataset_config.json from original name : default| This file does not exist.
[11:37:19:525175]:[Metadata] AssetAttributesManager.cpp(123)::createObject : Asset attributes (capsule3DSolid:capsule3DSolid_hemiRings_4_cylRings_1_segments_12_halfLen_0.75_useTexCoords_false_useTangents_false) created and registered.
[11:37:19:525194]:[Metadata] AssetAttributesManager.cpp(123)::createObject : Asset attributes (capsule3DWireframe:capsule3DWireframe_hemiRings_8_cylRings_1_segments_16_halfLen_1) created and registered.
[11:37:19:525208]:[Metadata] AssetAttributesManager.cpp(123)::createObject : Asset attributes (coneSolid:coneSolid_segments_12_halfLen_1.25_rings_1_useTexCoords_false_useTangents_false_capEnd_true) created and registered.
[11:37:19:525220]:[Metadata] AssetAttributesManager.cpp(123)::createObject : Asset attributes (coneWireframe:coneWireframe_segments_32_halfLen_1.25) created and registered.
[11:37:19:525229]:[Metadata] AssetAttributesManager.cpp(123)::createObject : Asset attributes (cubeSolid:cubeSolid) created and registered.
[11:37:19:525240]:[Metadata] AssetAttributesManager.cpp(123)::createObject : Asset attributes (cubeWireframe:cubeWireframe) created and registered.
[11:37:19:525250]:[Metadata] AssetAttributesManager.cpp(123)::createObject : Asset attributes (cylinderSolid:cylinderSolid_rings_1_segments_12_halfLen_1_useTexCoords_false_useTangents_false_capEnds_true) created and registered.
[11:37:19:525259]:[Metadata] AssetAttributesManager.cpp(123)::createObject : Asset attributes (cylinderWireframe:cylinderWireframe_rings_1_segments_32_halfLen_1) created and registered.
[11:37:19:525268]:[Metadata] AssetAttributesManager.cpp(123)::createObject : Asset attributes (icosphereSolid:icosphereSolid_subdivs_1) created and registered.
[11:37:19:525276]:[Metadata] AssetAttributesManager.cpp(123)::createObject : Asset attributes (icosphereWireframe:icosphereWireframe_subdivs_1) created and registered.
[11:37:19:525287]:[Metadata] AssetAttributesManager.cpp(123)::createObject : Asset attributes (uvSphereSolid:uvSphereSolid_rings_8_segments_16_useTexCoords_false_useTangents_false) created and registered.
[11:37:19:525297]:[Metadata] AssetAttributesManager.cpp(123)::createObject : Asset attributes (uvSphereWireframe:uvSphereWireframe_rings_16_segments_32) created and registered.
[11:37:19:525304]:[Metadata] AssetAttributesManager.cpp(112)::AssetAttributesManager : Built default primitive asset templates : 12
[11:37:19:525438]:[Metadata] SceneDatasetAttributesManager.cpp(37)::createObject : File (default) not found, so new default dataset attributes created  and registered.
[11:37:19:525442]:[Metadata] MetadataMediator.cpp(120)::createSceneDataset : Dataset default successfully created.
[11:37:19:525449]:[Metadata] AttributesManagerBase.h(380)::createFromJsonOrDefaultInternal : <Physics Manager>: Proposing JSON name : ./data/default.physics_config.json from original name : ./data/default.physics_config.json| This file does not exist.
[11:37:19:525458]:[Metadata] PhysicsAttributesManager.cpp(26)::createObject : File (./data/default.physics_config.json) not found, so new default physics manager attributes created and registered.
[11:37:19:525462]:[Metadata] MetadataMediator.cpp(210)::setActiveSceneDatasetName : Attempting to create new dataset ./data/scene_datasets/hm3d/hm3d_annotated_basis.scene_dataset_config.json
[11:37:19:525469]:[Metadata] AttributesManagerBase.h(380)::createFromJsonOrDefaultInternal : <Dataset>: Proposing JSON name : ./data/scene_datasets/hm3d/hm3d_annotated_basis.scene_dataset_config.json from original name : ./data/scene_datasets/hm3d/hm3d_annotated_basis.scene_dataset_config.json| This file exists.
[11:37:19:525528]:[Metadata] AssetAttributesManager.cpp(123)::createObject : Asset attributes (capsule3DSolid:capsule3DSolid_hemiRings_4_cylRings_1_segments_12_halfLen_0.75_useTexCoords_false_useTangents_false) created and registered.
[11:37:19:525538]:[Metadata] AssetAttributesManager.cpp(123)::createObject : Asset attributes (capsule3DWireframe:capsule3DWireframe_hemiRings_8_cylRings_1_segments_16_halfLen_1) created and registered.
[11:37:19:525548]:[Metadata] AssetAttributesManager.cpp(123)::createObject : Asset attributes (coneSolid:coneSolid_segments_12_halfLen_1.25_rings_1_useTexCoords_false_useTangents_false_capEnd_true) created and registered.
[11:37:19:525558]:[Metadata] AssetAttributesManager.cpp(123)::createObject : Asset attributes (coneWireframe:coneWireframe_segments_32_halfLen_1.25) created and registered.
[11:37:19:525565]:[Metadata] AssetAttributesManager.cpp(123)::createObject : Asset attributes (cubeSolid:cubeSolid) created and registered.
[11:37:19:525574]:[Metadata] AssetAttributesManager.cpp(123)::createObject : Asset attributes (cubeWireframe:cubeWireframe) created and registered.
[11:37:19:525582]:[Metadata] AssetAttributesManager.cpp(123)::createObject : Asset attributes (cylinderSolid:cylinderSolid_rings_1_segments_12_halfLen_1_useTexCoords_false_useTangents_false_capEnds_true) created and registered.
[11:37:19:525591]:[Metadata] AssetAttributesManager.cpp(123)::createObject : Asset attributes (cylinderWireframe:cylinderWireframe_rings_1_segments_32_halfLen_1) created and registered.
[11:37:19:525599]:[Metadata] AssetAttributesManager.cpp(123)::createObject : Asset attributes (icosphereSolid:icosphereSolid_subdivs_1) created and registered.
[11:37:19:525608]:[Metadata] AssetAttributesManager.cpp(123)::createObject : Asset attributes (icosphereWireframe:icosphereWireframe_subdivs_1) created and registered.
[11:37:19:525616]:[Metadata] AssetAttributesManager.cpp(123)::createObject : Asset attributes (uvSphereSolid:uvSphereSolid_rings_8_segments_16_useTexCoords_false_useTangents_false) created and registered.
[11:37:19:525624]:[Metadata] AssetAttributesManager.cpp(123)::createObject : Asset attributes (uvSphereWireframe:uvSphereWireframe_rings_16_segments_32) created and registered.
[11:37:19:525629]:[Metadata] AssetAttributesManager.cpp(112)::AssetAttributesManager : Built default primitive asset templates : 12
[11:37:19:525723]:[Metadata] SceneDatasetAttributesManager.cpp(310)::readDatasetJSONCell : "stages.default_attributes" set in Attributes Manager from JSON.
[11:37:19:525735]:[Metadata] AttributesManagerBase.h(357)::buildAttrSrcPathsFromJSONAndLoad : No Glob path result for ./data/scene_datasets/hm3d/example/00861-GLAQ4DNUx5U/*.basis.glb
[11:37:19:525741]:[Metadata] AttributesManagerBase.h(357)::buildAttrSrcPathsFromJSONAndLoad : No Glob path result for ./data/scene_datasets/hm3d/minival/00800-TEEsavR23oF/*.basis.glb
[11:37:19:525747]:[Metadata] AttributesManagerBase.h(357)::buildAttrSrcPathsFromJSONAndLoad : No Glob path result for ./data/scene_datasets/hm3d/minival/00802-wcojb4TFT35/*.basis.glb
[11:37:19:525753]:[Metadata] AttributesManagerBase.h(357)::buildAttrSrcPathsFromJSONAndLoad : No Glob path result for ./data/scene_datasets/hm3d/minival/00803-k1cupFYWXJ6/*.basis.glb
[11:37:19:525759]:[Metadata] AttributesManagerBase.h(357)::buildAttrSrcPathsFromJSONAndLoad : No Glob path result for ./data/scene_datasets/hm3d/minival/00808-y9hTuugGdiq/*.basis.glb
[11:37:19:525765]:[Metadata] AttributesManagerBase.h(357)::buildAttrSrcPathsFromJSONAndLoad : No Glob path result for ./data/scene_datasets/hm3d/test/00900-XRJ2muKkwAV/*.basis.glb
[11:37:19:525772]:[Metadata] AttributesManagerBase.h(357)::buildAttrSrcPathsFromJSONAndLoad : No Glob path result for ./data/scene_datasets/hm3d/test/00901-aJoC8Qw6xQ5/*.basis.glb
[11:37:19:525777]:[Metadata] AttributesManagerBase.h(357)::buildAttrSrcPathsFromJSONAndLoad : No Glob path result for ./data/scene_datasets/hm3d/test/00904-S9CUp5RsFY9/*.basis.glb
[11:37:19:525783]:[Metadata] AttributesManagerBase.h(357)::buildAttrSrcPathsFromJSONAndLoad : No Glob path result for ./data/scene_datasets/hm3d/test/00905-9v5HzFAB1cm/*.basis.glb
[11:37:19:525789]:[Metadata] AttributesManagerBase.h(357)::buildAttrSrcPathsFromJSONAndLoad : No Glob path result for ./data/scene_datasets/hm3d/test/00907-WGxjrSp71zX/*.basis.glb
[11:37:19:525795]:[Metadata] AttributesManagerBase.h(357)::buildAttrSrcPathsFromJSONAndLoad : No Glob path result for ./data/scene_datasets/hm3d/test/00909-MrKys1cv4jD/*.basis.glb
[11:37:19:525801]:[Metadata] AttributesManagerBase.h(357)::buildAttrSrcPathsFromJSONAndLoad : No Glob path result for ./data/scene_datasets/hm3d/test/00910-jE7Qzu3FyJD/*.basis.glb
[11:37:19:525806]:[Metadata] AttributesManagerBase.h(357)::buildAttrSrcPathsFromJSONAndLoad : No Glob path result for ./data/scene_datasets/hm3d/test/00911-a8h4mZT8buN/*.basis.glb
[11:37:19:525813]:[Metadata] AttributesManagerBase.h(357)::buildAttrSrcPathsFromJSONAndLoad : No Glob path result for ./data/scene_datasets/hm3d/test/00913-URu5ybF8PrH/*.basis.glb
[11:37:19:525819]:[Metadata] AttributesManagerBase.h(357)::buildAttrSrcPathsFromJSONAndLoad : No Glob path result for ./data/scene_datasets/hm3d/test/00914-TxyEAAVD4iD/*.basis.glb
[11:37:19:525825]:[Metadata] AttributesManagerBase.h(357)::buildAttrSrcPathsFromJSONAndLoad : No Glob path result for ./data/scene_datasets/hm3d/test/00915-ieavb8rbmA9/*.basis.glb
[11:37:19:525830]:[Metadata] AttributesManagerBase.h(357)::buildAttrSrcPathsFromJSONAndLoad : No Glob path result for ./data/scene_datasets/hm3d/test/00918-NQX2SZD1TMJ/*.basis.glb
[11:37:19:525836]:[Metadata] AttributesManagerBase.h(357)::buildAttrSrcPathsFromJSONAndLoad : No Glob path result for ./data/scene_datasets/hm3d/test/00921-nhtTwUrWv7v/*.basis.glb
[11:37:19:525842]:[Metadata] AttributesManagerBase.h(357)::buildAttrSrcPathsFromJSONAndLoad : No Glob path result for ./data/scene_datasets/hm3d/test/00925-4QUpJVDQ1DN/*.basis.glb
[11:37:19:525848]:[Metadata] AttributesManagerBase.h(357)::buildAttrSrcPathsFromJSONAndLoad : No Glob path result for ./data/scene_datasets/hm3d/test/00926-egVUByjgpHU/*.basis.glb
[11:37:19:525854]:[Metadata] AttributesManagerBase.h(357)::buildAttrSrcPathsFromJSONAndLoad : No Glob path result for ./data/scene_datasets/hm3d/test/00927-kucQY8TbKkz/*.basis.glb
[11:37:19:525859]:[Metadata] AttributesManagerBase.h(357)::buildAttrSrcPathsFromJSONAndLoad : No Glob path result for ./data/scene_datasets/hm3d/test/00929-azb2LDaMrGZ/*.basis.glb
[11:37:19:525865]:[Metadata] AttributesManagerBase.h(357)::buildAttrSrcPathsFromJSONAndLoad : No Glob path result for ./data/scene_datasets/hm3d/test/00939-VedHjk858Vu/*.basis.glb
[11:37:19:525871]:[Metadata] AttributesManagerBase.h(357)::buildAttrSrcPathsFromJSONAndLoad : No Glob path result for ./data/scene_datasets/hm3d/test/00940-oHcTqmvveM7/*.basis.glb
[11:37:19:525877]:[Metadata] AttributesManagerBase.h(357)::buildAttrSrcPathsFromJSONAndLoad : No Glob path result for ./data/scene_datasets/hm3d/test/00947-fyZC1Whhj9i/*.basis.glb
[11:37:19:525882]:[Metadata] AttributesManagerBase.h(357)::buildAttrSrcPathsFromJSONAndLoad : No Glob path result for ./data/scene_datasets/hm3d/test/00951-RGvKsZAErEk/*.basis.glb
[11:37:19:525888]:[Metadata] AttributesManagerBase.h(357)::buildAttrSrcPathsFromJSONAndLoad : No Glob path result for ./data/scene_datasets/hm3d/test/00952-ogAZhviACbN/*.basis.glb
[11:37:19:525894]:[Metadata] AttributesManagerBase.h(357)::buildAttrSrcPathsFromJSONAndLoad : No Glob path result for ./data/scene_datasets/hm3d/test/00955-5TxBa2qkcAh/*.basis.glb
[11:37:19:525900]:[Metadata] AttributesManagerBase.h(357)::buildAttrSrcPathsFromJSONAndLoad : No Glob path result for ./data/scene_datasets/hm3d/test/00956-oNiVkiFKkAr/*.basis.glb
[11:37:19:525905]:[Metadata] AttributesManagerBase.h(357)::buildAttrSrcPathsFromJSONAndLoad : No Glob path result for ./data/scene_datasets/hm3d/test/00957-DowRMDn4MVe/*.basis.glb
[11:37:19:525911]:[Metadata] AttributesManagerBase.h(357)::buildAttrSrcPathsFromJSONAndLoad : No Glob path result for ./data/scene_datasets/hm3d/test/00961-dU7KLdn2Kcd/*.basis.glb
[11:37:19:525917]:[Metadata] AttributesManagerBase.h(357)::buildAttrSrcPathsFromJSONAndLoad : No Glob path result for ./data/scene_datasets/hm3d/test/00963-awRQoguC7TN/*.basis.glb
[11:37:19:525923]:[Metadata] AttributesManagerBase.h(357)::buildAttrSrcPathsFromJSONAndLoad : No Glob path result for ./data/scene_datasets/hm3d/test/00967-XwXCfkthawu/*.basis.glb
[11:37:19:525929]:[Metadata] AttributesManagerBase.h(357)::buildAttrSrcPathsFromJSONAndLoad : No Glob path result for ./data/scene_datasets/hm3d/test/00970-kUmc6DP2tff/*.basis.glb
[11:37:19:525935]:[Metadata] AttributesManagerBase.h(357)::buildAttrSrcPathsFromJSONAndLoad : No Glob path result for ./data/scene_datasets/hm3d/test/00977-1cQ7WUQgXJ4/*.basis.glb
[11:37:19:525940]:[Metadata] AttributesManagerBase.h(357)::buildAttrSrcPathsFromJSONAndLoad : No Glob path result for ./data/scene_datasets/hm3d/test/00978-sZJ5zo6FrEe/*.basis.glb
[11:37:19:525946]:[Metadata] AttributesManagerBase.h(357)::buildAttrSrcPathsFromJSONAndLoad : No Glob path result for ./data/scene_datasets/hm3d/test/00981-Rp8JNfstaew/*.basis.glb
[11:37:19:525952]:[Metadata] AttributesManagerBase.h(357)::buildAttrSrcPathsFromJSONAndLoad : No Glob path result for ./data/scene_datasets/hm3d/test/00985-3ZJjFFjJKqZ/*.basis.glb
[11:37:19:525958]:[Metadata] AttributesManagerBase.h(357)::buildAttrSrcPathsFromJSONAndLoad : No Glob path result for ./data/scene_datasets/hm3d/test/00989-t9gvgFMoH4R/*.basis.glb
[11:37:19:525963]:[Metadata] AttributesManagerBase.h(357)::buildAttrSrcPathsFromJSONAndLoad : No Glob path result for ./data/scene_datasets/hm3d/test/00992-G3AqUkGnykx/*.basis.glb
[11:37:19:525970]:[Metadata] AttributesManagerBase.h(357)::buildAttrSrcPathsFromJSONAndLoad : No Glob path result for ./data/scene_datasets/hm3d/train/00006-HkseAnWCgqk/*.basis.glb
[11:37:19:525976]:[Metadata] AttributesManagerBase.h(357)::buildAttrSrcPathsFromJSONAndLoad : No Glob path result for ./data/scene_datasets/hm3d/train/00009-vLpv2VX547B/*.basis.glb
[11:37:19:525982]:[Metadata] AttributesManagerBase.h(357)::buildAttrSrcPathsFromJSONAndLoad : No Glob path result for ./data/scene_datasets/hm3d/train/00016-qk9eeNeR4vw/*.basis.glb
[11:37:19:525987]:[Metadata] AttributesManagerBase.h(357)::buildAttrSrcPathsFromJSONAndLoad : No Glob path result for ./data/scene_datasets/hm3d/train/00017-oEPjPNSPmzL/*.basis.glb
[11:37:19:525993]:[Metadata] AttributesManagerBase.h(357)::buildAttrSrcPathsFromJSONAndLoad : No Glob path result for ./data/scene_datasets/hm3d/train/00020-XYyR54sxe6b/*.basis.glb
[11:37:19:525999]:[Metadata] AttributesManagerBase.h(357)::buildAttrSrcPathsFromJSONAndLoad : No Glob path result for ./data/scene_datasets/hm3d/train/00022-gmuS7Wgsbrx/*.basis.glb
[11:37:19:526005]:[Metadata] AttributesManagerBase.h(357)::buildAttrSrcPathsFromJSONAndLoad : No Glob path result for ./data/scene_datasets/hm3d/train/00023-zepmXAdrpjR/*.basis.glb
[11:37:19:526010]:[Metadata] AttributesManagerBase.h(357)::buildAttrSrcPathsFromJSONAndLoad : No Glob path result for ./data/scene_datasets/hm3d/train/00025-ixTj1aTMup2/*.basis.glb
[11:37:19:526016]:[Metadata] AttributesManagerBase.h(357)::buildAttrSrcPathsFromJSONAndLoad : No Glob path result for ./data/scene_datasets/hm3d/train/00031-Wo6kuutE9i7/*.basis.glb
[11:37:19:526022]:[Metadata] AttributesManagerBase.h(357)::buildAttrSrcPathsFromJSONAndLoad : No Glob path result for ./data/scene_datasets/hm3d/train/00033-oPj9qMxrDEa/*.basis.glb
[11:37:19:526028]:[Metadata] AttributesManagerBase.h(357)::buildAttrSrcPathsFromJSONAndLoad : No Glob path result for ./data/scene_datasets/hm3d/train/00034-6imZUJGRUq4/*.basis.glb
[11:37:19:526034]:[Metadata] AttributesManagerBase.h(357)::buildAttrSrcPathsFromJSONAndLoad : No Glob path result for ./data/scene_datasets/hm3d/train/00035-3XYAD64HpDr/*.basis.glb
[11:37:19:526040]:[Metadata] AttributesManagerBase.h(357)::buildAttrSrcPathsFromJSONAndLoad : No Glob path result for ./data/scene_datasets/hm3d/train/00043-Jfyvj3xn2aJ/*.basis.glb
[11:37:19:526045]:[Metadata] AttributesManagerBase.h(357)::buildAttrSrcPathsFromJSONAndLoad : No Glob path result for ./data/scene_datasets/hm3d/train/00055-HxmXPBbFCkH/*.basis.glb
[11:37:19:526051]:[Metadata] AttributesManagerBase.h(357)::buildAttrSrcPathsFromJSONAndLoad : No Glob path result for ./data/scene_datasets/hm3d/train/00057-1UnKg1rAb8A/*.basis.glb
[11:37:19:526057]:[Metadata] AttributesManagerBase.h(357)::buildAttrSrcPathsFromJSONAndLoad : No Glob path result for ./data/scene_datasets/hm3d/train/00059-kJxT5qssH4H/*.basis.glb
[11:37:19:526063]:[Metadata] AttributesManagerBase.h(357)::buildAttrSrcPathsFromJSONAndLoad : No Glob path result for ./data/scene_datasets/hm3d/train/00062-ACZZiU6BXLz/*.basis.glb
[11:37:19:526069]:[Metadata] AttributesManagerBase.h(357)::buildAttrSrcPathsFromJSONAndLoad : No Glob path result for ./data/scene_datasets/hm3d/train/00064-gQgtJ9Stk5s/*.basis.glb
[11:37:19:526074]:[Metadata] AttributesManagerBase.h(357)::buildAttrSrcPathsFromJSONAndLoad : No Glob path result for ./data/scene_datasets/hm3d/train/00081-5biL7VEkByM/*.basis.glb
[11:37:19:526083]:[Metadata] AttributesManagerBase.h(357)::buildAttrSrcPathsFromJSONAndLoad : No Glob path result for ./data/scene_datasets/hm3d/train/00087-YY8rqV6L6rf/*.basis.glb
[11:37:19:526089]:[Metadata] AttributesManagerBase.h(357)::buildAttrSrcPathsFromJSONAndLoad : No Glob path result for ./data/scene_datasets/hm3d/train/00096-6HRFAUDqpTb/*.basis.glb
[11:37:19:526094]:[Metadata] AttributesManagerBase.h(357)::buildAttrSrcPathsFromJSONAndLoad : No Glob path result for ./data/scene_datasets/hm3d/train/00099-226REUyJh2K/*.basis.glb
[11:37:19:526100]:[Metadata] AttributesManagerBase.h(357)::buildAttrSrcPathsFromJSONAndLoad : No Glob path result for ./data/scene_datasets/hm3d/train/00105-xWvSkKiWQpC/*.basis.glb
[11:37:19:526106]:[Metadata] AttributesManagerBase.h(357)::buildAttrSrcPathsFromJSONAndLoad : No Glob path result for ./data/scene_datasets/hm3d/train/00108-oStKKWkQ1id/*.basis.glb
[11:37:19:526111]:[Metadata] AttributesManagerBase.h(357)::buildAttrSrcPathsFromJSONAndLoad : No Glob path result for ./data/scene_datasets/hm3d/train/00109-GTV2Y73Sn5t/*.basis.glb
[11:37:19:526117]:[Metadata] AttributesManagerBase.h(357)::buildAttrSrcPathsFromJSONAndLoad : No Glob path result for ./data/scene_datasets/hm3d/train/00135-HeSYRw7eMtG/*.basis.glb
[11:37:19:526123]:[Metadata] AttributesManagerBase.h(357)::buildAttrSrcPathsFromJSONAndLoad : No Glob path result for ./data/scene_datasets/hm3d/train/00141-iigzG1rtanx/*.basis.glb
[11:37:19:526129]:[Metadata] AttributesManagerBase.h(357)::buildAttrSrcPathsFromJSONAndLoad : No Glob path result for ./data/scene_datasets/hm3d/train/00143-5Kw4nGdqYtS/*.basis.glb
[11:37:19:526135]:[Metadata] AttributesManagerBase.h(357)::buildAttrSrcPathsFromJSONAndLoad : No Glob path result for ./data/scene_datasets/hm3d/train/00149-UuwwmrTsfBN/*.basis.glb
[11:37:19:526141]:[Metadata] AttributesManagerBase.h(357)::buildAttrSrcPathsFromJSONAndLoad : No Glob path result for ./data/scene_datasets/hm3d/train/00150-LcAd9dhvVwh/*.basis.glb
[11:37:19:526147]:[Metadata] AttributesManagerBase.h(357)::buildAttrSrcPathsFromJSONAndLoad : No Glob path result for ./data/scene_datasets/hm3d/train/00155-iLDo95ZbDJq/*.basis.glb
[11:37:19:526153]:[Metadata] AttributesManagerBase.h(357)::buildAttrSrcPathsFromJSONAndLoad : No Glob path result for ./data/scene_datasets/hm3d/train/00164-XfUxBGTFQQb/*.basis.glb
[11:37:19:526158]:[Metadata] AttributesManagerBase.h(357)::buildAttrSrcPathsFromJSONAndLoad : No Glob path result for ./data/scene_datasets/hm3d/train/00166-RaYrxWt5pR1/*.basis.glb
[11:37:19:526164]:[Metadata] AttributesManagerBase.h(357)::buildAttrSrcPathsFromJSONAndLoad : No Glob path result for ./data/scene_datasets/hm3d/train/00168-bHKTDQFJxTw/*.basis.glb
[11:37:19:526170]:[Metadata] AttributesManagerBase.h(357)::buildAttrSrcPathsFromJSONAndLoad : No Glob path result for ./data/scene_datasets/hm3d/train/00172-bB6nKqfsb1z/*.basis.glb
[11:37:19:526176]:[Metadata] AttributesManagerBase.h(357)::buildAttrSrcPathsFromJSONAndLoad : No Glob path result for ./data/scene_datasets/hm3d/train/00173-qZ4B7U6XE5Y/*.basis.glb
[11:37:19:526182]:[Metadata] AttributesManagerBase.h(357)::buildAttrSrcPathsFromJSONAndLoad : No Glob path result for ./data/scene_datasets/hm3d/train/00177-VSxVP19Cdyw/*.basis.glb
[11:37:19:526188]:[Metadata] AttributesManagerBase.h(357)::buildAttrSrcPathsFromJSONAndLoad : No Glob path result for ./data/scene_datasets/hm3d/train/00179-MVVzj944atG/*.basis.glb
[11:37:19:526194]:[Metadata] AttributesManagerBase.h(357)::buildAttrSrcPathsFromJSONAndLoad : No Glob path result for ./data/scene_datasets/hm3d/train/00188-dQrLTxHvLXU/*.basis.glb
[11:37:19:526200]:[Metadata] AttributesManagerBase.h(357)::buildAttrSrcPathsFromJSONAndLoad : No Glob path result for ./data/scene_datasets/hm3d/train/00203-VoVGtfYrpuQ/*.basis.glb
[11:37:19:526206]:[Metadata] AttributesManagerBase.h(357)::buildAttrSrcPathsFromJSONAndLoad : No Glob path result for ./data/scene_datasets/hm3d/train/00205-NEVASPhcrxR/*.basis.glb
[11:37:19:526211]:[Metadata] AttributesManagerBase.h(357)::buildAttrSrcPathsFromJSONAndLoad : No Glob path result for ./data/scene_datasets/hm3d/train/00207-FRQ75PjD278/*.basis.glb
[11:37:19:526217]:[Metadata] AttributesManagerBase.h(357)::buildAttrSrcPathsFromJSONAndLoad : No Glob path result for ./data/scene_datasets/hm3d/train/00210-j2EJhFEQGCL/*.basis.glb
[11:37:19:526222]:[Metadata] AttributesManagerBase.h(357)::buildAttrSrcPathsFromJSONAndLoad : No Glob path result for ./data/scene_datasets/hm3d/train/00217-qz3829g1Lzf/*.basis.glb
[11:37:19:526228]:[Metadata] AttributesManagerBase.h(357)::buildAttrSrcPathsFromJSONAndLoad : No Glob path result for ./data/scene_datasets/hm3d/train/00222-g8Xrdbe9fir/*.basis.glb
[11:37:19:526234]:[Metadata] AttributesManagerBase.h(357)::buildAttrSrcPathsFromJSONAndLoad : No Glob path result for ./data/scene_datasets/hm3d/train/00234-nACV8wLu1u5/*.basis.glb
[11:37:19:526239]:[Metadata] AttributesManagerBase.h(357)::buildAttrSrcPathsFromJSONAndLoad : No Glob path result for ./data/scene_datasets/hm3d/train/00238-j6fHrce9pHR/*.basis.glb
[11:37:19:526245]:[Metadata] AttributesManagerBase.h(357)::buildAttrSrcPathsFromJSONAndLoad : No Glob path result for ./data/scene_datasets/hm3d/train/00241-h6nwVLpAKQz/*.basis.glb
[11:37:19:526252]:[Metadata] AttributesManagerBase.h(357)::buildAttrSrcPathsFromJSONAndLoad : No Glob path result for ./data/scene_datasets/hm3d/train/00245-741Fdj7NLF9/*.basis.glb
[11:37:19:526257]:[Metadata] AttributesManagerBase.h(357)::buildAttrSrcPathsFromJSONAndLoad : No Glob path result for ./data/scene_datasets/hm3d/train/00250-U3oQjwTuMX8/*.basis.glb
[11:37:19:526264]:[Metadata] AttributesManagerBase.h(357)::buildAttrSrcPathsFromJSONAndLoad : No Glob path result for ./data/scene_datasets/hm3d/train/00251-wsAYBFtQaL7/*.basis.glb
[11:37:19:526269]:[Metadata] AttributesManagerBase.h(357)::buildAttrSrcPathsFromJSONAndLoad : No Glob path result for ./data/scene_datasets/hm3d/train/00254-YMNvYDhK8mB/*.basis.glb
[11:37:19:526276]:[Metadata] AttributesManagerBase.h(357)::buildAttrSrcPathsFromJSONAndLoad : No Glob path result for ./data/scene_datasets/hm3d/train/00255-NGyoyh91xXJ/*.basis.glb
[11:37:19:526281]:[Metadata] AttributesManagerBase.h(357)::buildAttrSrcPathsFromJSONAndLoad : No Glob path result for ./data/scene_datasets/hm3d/train/00256-92vYG1q49FY/*.basis.glb
[11:37:19:526287]:[Metadata] AttributesManagerBase.h(357)::buildAttrSrcPathsFromJSONAndLoad : No Glob path result for ./data/scene_datasets/hm3d/train/00258-2Pc8W48bu21/*.basis.glb
[11:37:19:526293]:[Metadata] AttributesManagerBase.h(357)::buildAttrSrcPathsFromJSONAndLoad : No Glob path result for ./data/scene_datasets/hm3d/train/00261-fK2vEV32Lag/*.basis.glb
[11:37:19:526299]:[Metadata] AttributesManagerBase.h(357)::buildAttrSrcPathsFromJSONAndLoad : No Glob path result for ./data/scene_datasets/hm3d/train/00262-1xGrZPxG1Hz/*.basis.glb
[11:37:19:526305]:[Metadata] AttributesManagerBase.h(357)::buildAttrSrcPathsFromJSONAndLoad : No Glob path result for ./data/scene_datasets/hm3d/train/00263-GGBvSFddQgs/*.basis.glb
[11:37:19:526310]:[Metadata] AttributesManagerBase.h(357)::buildAttrSrcPathsFromJSONAndLoad : No Glob path result for ./data/scene_datasets/hm3d/train/00267-gQ3xxshDiCz/*.basis.glb
[11:37:19:526316]:[Metadata] AttributesManagerBase.h(357)::buildAttrSrcPathsFromJSONAndLoad : No Glob path result for ./data/scene_datasets/hm3d/train/00269-JNiWU5TZLtt/*.basis.glb
[11:37:19:526322]:[Metadata] AttributesManagerBase.h(357)::buildAttrSrcPathsFromJSONAndLoad : No Glob path result for ./data/scene_datasets/hm3d/train/00272-kA2nG18hCAr/*.basis.glb
[11:37:19:526328]:[Metadata] AttributesManagerBase.h(357)::buildAttrSrcPathsFromJSONAndLoad : No Glob path result for ./data/scene_datasets/hm3d/train/00294-PPTLa8SkUfo/*.basis.glb
[11:37:19:526334]:[Metadata] AttributesManagerBase.h(357)::buildAttrSrcPathsFromJSONAndLoad : No Glob path result for ./data/scene_datasets/hm3d/train/00299-bdp1XNEdvmW/*.basis.glb
[11:37:19:526340]:[Metadata] AttributesManagerBase.h(357)::buildAttrSrcPathsFromJSONAndLoad : No Glob path result for ./data/scene_datasets/hm3d/train/00304-X6Pct1msZv5/*.basis.glb
[11:37:19:526346]:[Metadata] AttributesManagerBase.h(357)::buildAttrSrcPathsFromJSONAndLoad : No Glob path result for ./data/scene_datasets/hm3d/train/00307-vDfkYo5VqEQ/*.basis.glb
[11:37:19:526351]:[Metadata] AttributesManagerBase.h(357)::buildAttrSrcPathsFromJSONAndLoad : No Glob path result for ./data/scene_datasets/hm3d/train/00313-PE6kVEtrxtj/*.basis.glb
[11:37:19:526357]:[Metadata] AttributesManagerBase.h(357)::buildAttrSrcPathsFromJSONAndLoad : No Glob path result for ./data/scene_datasets/hm3d/train/00323-yHLr6bvWsVm/*.basis.glb
[11:37:19:526363]:[Metadata] AttributesManagerBase.h(357)::buildAttrSrcPathsFromJSONAndLoad : No Glob path result for ./data/scene_datasets/hm3d/train/00324-DoSbsoo4EAg/*.basis.glb
[11:37:19:526369]:[Metadata] AttributesManagerBase.h(357)::buildAttrSrcPathsFromJSONAndLoad : No Glob path result for ./data/scene_datasets/hm3d/train/00326-u9rPN5cHWBg/*.basis.glb
[11:37:19:526375]:[Metadata] AttributesManagerBase.h(357)::buildAttrSrcPathsFromJSONAndLoad : No Glob path result for ./data/scene_datasets/hm3d/train/00327-xgLmjqzoAzF/*.basis.glb
[11:37:19:526382]:[Metadata] AttributesManagerBase.h(357)::buildAttrSrcPathsFromJSONAndLoad : No Glob path result for ./data/scene_datasets/hm3d/train/00330-WhNyDTnd9g5/*.basis.glb
[11:37:19:526388]:[Metadata] AttributesManagerBase.h(357)::buildAttrSrcPathsFromJSONAndLoad : No Glob path result for ./data/scene_datasets/hm3d/train/00366-fxbzYAGkrtm/*.basis.glb
[11:37:19:526394]:[Metadata] AttributesManagerBase.h(357)::buildAttrSrcPathsFromJSONAndLoad : No Glob path result for ./data/scene_datasets/hm3d/train/00378-DqJKU7YU7dA/*.basis.glb
[11:37:19:526400]:[Metadata] AttributesManagerBase.h(357)::buildAttrSrcPathsFromJSONAndLoad : No Glob path result for ./data/scene_datasets/hm3d/train/00382-S7uMvxjBVZq/*.basis.glb
[11:37:19:526406]:[Metadata] AttributesManagerBase.h(357)::buildAttrSrcPathsFromJSONAndLoad : No Glob path result for ./data/scene_datasets/hm3d/train/00384-ceJTwFNjqCt/*.basis.glb
[11:37:19:526412]:[Metadata] AttributesManagerBase.h(357)::buildAttrSrcPathsFromJSONAndLoad : No Glob path result for ./data/scene_datasets/hm3d/train/00386-b3WpMbPFB6q/*.basis.glb
[11:37:19:526418]:[Metadata] AttributesManagerBase.h(357)::buildAttrSrcPathsFromJSONAndLoad : No Glob path result for ./data/scene_datasets/hm3d/train/00388-pcpn6mFqFCg/*.basis.glb
[11:37:19:526424]:[Metadata] AttributesManagerBase.h(357)::buildAttrSrcPathsFromJSONAndLoad : No Glob path result for ./data/scene_datasets/hm3d/train/00397-ZNanfzgCdm3/*.basis.glb
[11:37:19:526429]:[Metadata] AttributesManagerBase.h(357)::buildAttrSrcPathsFromJSONAndLoad : No Glob path result for ./data/scene_datasets/hm3d/train/00401-H8rQCnvBgo6/*.basis.glb
[11:37:19:526435]:[Metadata] AttributesManagerBase.h(357)::buildAttrSrcPathsFromJSONAndLoad : No Glob path result for ./data/scene_datasets/hm3d/train/00404-QN2dRqwd84J/*.basis.glb
[11:37:19:526440]:[Metadata] AttributesManagerBase.h(357)::buildAttrSrcPathsFromJSONAndLoad : No Glob path result for ./data/scene_datasets/hm3d/train/00407-NPHxDe6VeCc/*.basis.glb
[11:37:19:526447]:[Metadata] AttributesManagerBase.h(357)::buildAttrSrcPathsFromJSONAndLoad : No Glob path result for ./data/scene_datasets/hm3d/train/00410-v7DzfFFEpsD/*.basis.glb
[11:37:19:526453]:[Metadata] AttributesManagerBase.h(357)::buildAttrSrcPathsFromJSONAndLoad : No Glob path result for ./data/scene_datasets/hm3d/train/00414-77mMEyxhs44/*.basis.glb
[11:37:19:526458]:[Metadata] AttributesManagerBase.h(357)::buildAttrSrcPathsFromJSONAndLoad : No Glob path result for ./data/scene_datasets/hm3d/train/00417-nGhNxKrgBPb/*.basis.glb
[11:37:19:526464]:[Metadata] AttributesManagerBase.h(357)::buildAttrSrcPathsFromJSONAndLoad : No Glob path result for ./data/scene_datasets/hm3d/train/00422-8wJuSPJ9FXG/*.basis.glb
[11:37:19:526470]:[Metadata] AttributesManagerBase.h(357)::buildAttrSrcPathsFromJSONAndLoad : No Glob path result for ./data/scene_datasets/hm3d/train/00434-L5QEsaVqwrY/*.basis.glb
[11:37:19:526476]:[Metadata] AttributesManagerBase.h(357)::buildAttrSrcPathsFromJSONAndLoad : No Glob path result for ./data/scene_datasets/hm3d/train/00440-wPLokgvCnuk/*.basis.glb
[11:37:19:526482]:[Metadata] AttributesManagerBase.h(357)::buildAttrSrcPathsFromJSONAndLoad : No Glob path result for ./data/scene_datasets/hm3d/train/00444-sX9xad6ULKc/*.basis.glb
[11:37:19:526488]:[Metadata] AttributesManagerBase.h(357)::buildAttrSrcPathsFromJSONAndLoad : No Glob path result for ./data/scene_datasets/hm3d/train/00463-URjpCob8MGw/*.basis.glb
[11:37:19:526494]:[Metadata] AttributesManagerBase.h(357)::buildAttrSrcPathsFromJSONAndLoad : No Glob path result for ./data/scene_datasets/hm3d/train/00466-xAHnY3QzFUN/*.basis.glb
[11:37:19:526499]:[Metadata] AttributesManagerBase.h(357)::buildAttrSrcPathsFromJSONAndLoad : No Glob path result for ./data/scene_datasets/hm3d/train/00475-g7hUFVNac26/*.basis.glb
[11:37:19:526505]:[Metadata] AttributesManagerBase.h(357)::buildAttrSrcPathsFromJSONAndLoad : No Glob path result for ./data/scene_datasets/hm3d/train/00476-NtnvZSMK3en/*.basis.glb
[11:37:19:526511]:[Metadata] AttributesManagerBase.h(357)::buildAttrSrcPathsFromJSONAndLoad : No Glob path result for ./data/scene_datasets/hm3d/train/00487-erXNfWVjqZ8/*.basis.glb
[11:37:19:526517]:[Metadata] AttributesManagerBase.h(357)::buildAttrSrcPathsFromJSONAndLoad : No Glob path result for ./data/scene_datasets/hm3d/train/00495-CQWES1bawee/*.basis.glb
[11:37:19:526524]:[Metadata] AttributesManagerBase.h(357)::buildAttrSrcPathsFromJSONAndLoad : No Glob path result for ./data/scene_datasets/hm3d/train/00506-QVAA6zecMHu/*.basis.glb
[11:37:19:526529]:[Metadata] AttributesManagerBase.h(357)::buildAttrSrcPathsFromJSONAndLoad : No Glob path result for ./data/scene_datasets/hm3d/train/00508-4vwGX7U38Ux/*.basis.glb
[11:37:19:526535]:[Metadata] AttributesManagerBase.h(357)::buildAttrSrcPathsFromJSONAndLoad : No Glob path result for ./data/scene_datasets/hm3d/train/00525-iKFn6fzyRqs/*.basis.glb
[11:37:19:526541]:[Metadata] AttributesManagerBase.h(357)::buildAttrSrcPathsFromJSONAndLoad : No Glob path result for ./data/scene_datasets/hm3d/train/00529-W9YAR9qcuvN/*.basis.glb
[11:37:19:526547]:[Metadata] AttributesManagerBase.h(357)::buildAttrSrcPathsFromJSONAndLoad : No Glob path result for ./data/scene_datasets/hm3d/train/00534-DBBESbk4Y3k/*.basis.glb
[11:37:19:526553]:[Metadata] AttributesManagerBase.h(357)::buildAttrSrcPathsFromJSONAndLoad : No Glob path result for ./data/scene_datasets/hm3d/train/00537-oahi4u45xMf/*.basis.glb
[11:37:19:526559]:[Metadata] AttributesManagerBase.h(357)::buildAttrSrcPathsFromJSONAndLoad : No Glob path result for ./data/scene_datasets/hm3d/train/00538-3CBBjsNkhqW/*.basis.glb
[11:37:19:526565]:[Metadata] AttributesManagerBase.h(357)::buildAttrSrcPathsFromJSONAndLoad : No Glob path result for ./data/scene_datasets/hm3d/train/00539-zUG6FL9TYeR/*.basis.glb
[11:37:19:526571]:[Metadata] AttributesManagerBase.h(357)::buildAttrSrcPathsFromJSONAndLoad : No Glob path result for ./data/scene_datasets/hm3d/train/00541-FnDDfrBZPhh/*.basis.glb
[11:37:19:526577]:[Metadata] AttributesManagerBase.h(357)::buildAttrSrcPathsFromJSONAndLoad : No Glob path result for ./data/scene_datasets/hm3d/train/00546-nS8T59Aw3sf/*.basis.glb
[11:37:19:526584]:[Metadata] AttributesManagerBase.h(357)::buildAttrSrcPathsFromJSONAndLoad : No Glob path result for ./data/scene_datasets/hm3d/train/00547-9h5JJxM6E5S/*.basis.glb
[11:37:19:526590]:[Metadata] AttributesManagerBase.h(357)::buildAttrSrcPathsFromJSONAndLoad : No Glob path result for ./data/scene_datasets/hm3d/train/00557-fRZhp6vWGw7/*.basis.glb
[11:37:19:526596]:[Metadata] AttributesManagerBase.h(357)::buildAttrSrcPathsFromJSONAndLoad : No Glob path result for ./data/scene_datasets/hm3d/train/00560-gjhYih4upQ9/*.basis.glb
[11:37:19:526602]:[Metadata] AttributesManagerBase.h(357)::buildAttrSrcPathsFromJSONAndLoad : No Glob path result for ./data/scene_datasets/hm3d/train/00567-KjZrPggnHm8/*.basis.glb
[11:37:19:526608]:[Metadata] AttributesManagerBase.h(357)::buildAttrSrcPathsFromJSONAndLoad : No Glob path result for ./data/scene_datasets/hm3d/train/00569-YJDUB7hWg9h/*.basis.glb
[11:37:19:526614]:[Metadata] AttributesManagerBase.h(357)::buildAttrSrcPathsFromJSONAndLoad : No Glob path result for ./data/scene_datasets/hm3d/train/00582-TYDavTf8oyy/*.basis.glb
[11:37:19:526619]:[Metadata] AttributesManagerBase.h(357)::buildAttrSrcPathsFromJSONAndLoad : No Glob path result for ./data/scene_datasets/hm3d/train/00590-qgZhhx1MpTi/*.basis.glb
[11:37:19:526625]:[Metadata] AttributesManagerBase.h(357)::buildAttrSrcPathsFromJSONAndLoad : No Glob path result for ./data/scene_datasets/hm3d/train/00591-JptJPosx1Z6/*.basis.glb
[11:37:19:526631]:[Metadata] AttributesManagerBase.h(357)::buildAttrSrcPathsFromJSONAndLoad : No Glob path result for ./data/scene_datasets/hm3d/train/00592-CthA7sQNTPK/*.basis.glb
[11:37:19:526637]:[Metadata] AttributesManagerBase.h(357)::buildAttrSrcPathsFromJSONAndLoad : No Glob path result for ./data/scene_datasets/hm3d/train/00598-mt9H8KcxRKD/*.basis.glb
[11:37:19:526643]:[Metadata] AttributesManagerBase.h(357)::buildAttrSrcPathsFromJSONAndLoad : No Glob path result for ./data/scene_datasets/hm3d/train/00606-W16Bm4ysK8v/*.basis.glb
[11:37:19:526649]:[Metadata] AttributesManagerBase.h(357)::buildAttrSrcPathsFromJSONAndLoad : No Glob path result for ./data/scene_datasets/hm3d/train/00612-GsQBY83r3hb/*.basis.glb
[11:37:19:526655]:[Metadata] AttributesManagerBase.h(357)::buildAttrSrcPathsFromJSONAndLoad : No Glob path result for ./data/scene_datasets/hm3d/train/00619-R9fYpvCUkV7/*.basis.glb
[11:37:19:526661]:[Metadata] AttributesManagerBase.h(357)::buildAttrSrcPathsFromJSONAndLoad : No Glob path result for ./data/scene_datasets/hm3d/train/00624-ooq3SnvC79d/*.basis.glb
[11:37:19:526667]:[Metadata] AttributesManagerBase.h(357)::buildAttrSrcPathsFromJSONAndLoad : No Glob path result for ./data/scene_datasets/hm3d/train/00626-XiJhRLvpKpX/*.basis.glb
[11:37:19:526673]:[Metadata] AttributesManagerBase.h(357)::buildAttrSrcPathsFromJSONAndLoad : No Glob path result for ./data/scene_datasets/hm3d/train/00638-iePHCSf119p/*.basis.glb
[11:37:19:526680]:[Metadata] AttributesManagerBase.h(357)::buildAttrSrcPathsFromJSONAndLoad : No Glob path result for ./data/scene_datasets/hm3d/train/00643-ggNAcMh8JPT/*.basis.glb
[11:37:19:526686]:[Metadata] AttributesManagerBase.h(357)::buildAttrSrcPathsFromJSONAndLoad : No Glob path result for ./data/scene_datasets/hm3d/train/00657-TSJmdttd2GV/*.basis.glb
[11:37:19:526692]:[Metadata] AttributesManagerBase.h(357)::buildAttrSrcPathsFromJSONAndLoad : No Glob path result for ./data/scene_datasets/hm3d/train/00662-aRKASs4e8j1/*.basis.glb
[11:37:19:526698]:[Metadata] AttributesManagerBase.h(357)::buildAttrSrcPathsFromJSONAndLoad : No Glob path result for ./data/scene_datasets/hm3d/train/00664-u5atqC7vRCY/*.basis.glb
[11:37:19:526703]:[Metadata] AttributesManagerBase.h(357)::buildAttrSrcPathsFromJSONAndLoad : No Glob path result for ./data/scene_datasets/hm3d/train/00668-6YtDG3FhNvx/*.basis.glb
[11:37:19:526710]:[Metadata] AttributesManagerBase.h(357)::buildAttrSrcPathsFromJSONAndLoad : No Glob path result for ./data/scene_datasets/hm3d/train/00669-DNWbUAJYsPy/*.basis.glb
[11:37:19:526715]:[Metadata] AttributesManagerBase.h(357)::buildAttrSrcPathsFromJSONAndLoad : No Glob path result for ./data/scene_datasets/hm3d/train/00680-YmWinf3mhb5/*.basis.glb
[11:37:19:526721]:[Metadata] AttributesManagerBase.h(357)::buildAttrSrcPathsFromJSONAndLoad : No Glob path result for ./data/scene_datasets/hm3d/train/00685-ENiCjXWB6aQ/*.basis.glb
[11:37:19:526727]:[Metadata] AttributesManagerBase.h(357)::buildAttrSrcPathsFromJSONAndLoad : No Glob path result for ./data/scene_datasets/hm3d/train/00688-SgkmkWjjmDJ/*.basis.glb
[11:37:19:526733]:[Metadata] AttributesManagerBase.h(357)::buildAttrSrcPathsFromJSONAndLoad : No Glob path result for ./data/scene_datasets/hm3d/train/00696-DsEJeNPcZtE/*.basis.glb
[11:37:19:526739]:[Metadata] AttributesManagerBase.h(357)::buildAttrSrcPathsFromJSONAndLoad : No Glob path result for ./data/scene_datasets/hm3d/train/00706-YHmAkqgwe2p/*.basis.glb
[11:37:19:526745]:[Metadata] AttributesManagerBase.h(357)::buildAttrSrcPathsFromJSONAndLoad : No Glob path result for ./data/scene_datasets/hm3d/train/00707-XVSZJAtHKdi/*.basis.glb
[11:37:19:526751]:[Metadata] AttributesManagerBase.h(357)::buildAttrSrcPathsFromJSONAndLoad : No Glob path result for ./data/scene_datasets/hm3d/train/00712-HZ2iMMBsBQ9/*.basis.glb
[11:37:19:526757]:[Metadata] AttributesManagerBase.h(357)::buildAttrSrcPathsFromJSONAndLoad : No Glob path result for ./data/scene_datasets/hm3d/train/00720-8B43pG641ff/*.basis.glb
[11:37:19:526762]:[Metadata] AttributesManagerBase.h(357)::buildAttrSrcPathsFromJSONAndLoad : No Glob path result for ./data/scene_datasets/hm3d/train/00723-hWDDQnSDMXb/*.basis.glb
[11:37:19:526768]:[Metadata] AttributesManagerBase.h(357)::buildAttrSrcPathsFromJSONAndLoad : No Glob path result for ./data/scene_datasets/hm3d/train/00732-Z2DQddYp1fn/*.basis.glb
[11:37:19:526774]:[Metadata] AttributesManagerBase.h(357)::buildAttrSrcPathsFromJSONAndLoad : No Glob path result for ./data/scene_datasets/hm3d/train/00733-GtM3JtRvvvR/*.basis.glb
[11:37:19:526780]:[Metadata] AttributesManagerBase.h(357)::buildAttrSrcPathsFromJSONAndLoad : No Glob path result for ./data/scene_datasets/hm3d/train/00738-GPyDUnjwZQy/*.basis.glb
[11:37:19:526787]:[Metadata] AttributesManagerBase.h(357)::buildAttrSrcPathsFromJSONAndLoad : No Glob path result for ./data/scene_datasets/hm3d/train/00741-w8GiikYuFRk/*.basis.glb
[11:37:19:526793]:[Metadata] AttributesManagerBase.h(357)::buildAttrSrcPathsFromJSONAndLoad : No Glob path result for ./data/scene_datasets/hm3d/train/00744-1S7LAXRdDqK/*.basis.glb
[11:37:19:526799]:[Metadata] AttributesManagerBase.h(357)::buildAttrSrcPathsFromJSONAndLoad : No Glob path result for ./data/scene_datasets/hm3d/train/00745-yX5efd48dLf/*.basis.glb
[11:37:19:526805]:[Metadata] AttributesManagerBase.h(357)::buildAttrSrcPathsFromJSONAndLoad : No Glob path result for ./data/scene_datasets/hm3d/train/00746-RTV2n6fXB2w/*.basis.glb
[11:37:19:526811]:[Metadata] AttributesManagerBase.h(357)::buildAttrSrcPathsFromJSONAndLoad : No Glob path result for ./data/scene_datasets/hm3d/train/00750-E1NrAhMoqvB/*.basis.glb
[11:37:19:526818]:[Metadata] AttributesManagerBase.h(357)::buildAttrSrcPathsFromJSONAndLoad : No Glob path result for ./data/scene_datasets/hm3d/train/00757-LVgQNuK8vtv/*.basis.glb
[11:37:19:526824]:[Metadata] AttributesManagerBase.h(357)::buildAttrSrcPathsFromJSONAndLoad : No Glob path result for ./data/scene_datasets/hm3d/train/00758-HfMobPm86Xn/*.basis.glb
[11:37:19:526847]:[Metadata] AttributesManagerBase.h(352)::buildAttrSrcPathsFromJSONAndLoad : Glob path result for ./data/scene_datasets/hm3d/val/00800-TEEsavR23oF/*.basis.glb : ./data/scene_datasets/hm3d/val/00800-TEEsavR23oF/TEEsavR23oF.basis.glb
[11:37:19:526856]:[Metadata] AttributesManagerBase.h(265)::loadAllFileBasedTemplates : Loading 1  Stage Template templates found in ./data/scene_datasets/hm3d/val/00800-TEEsavR23oF
[11:37:19:526863]:[Metadata] AttributesManagerBase.h(380)::createFromJsonOrDefaultInternal : <Stage Template>: Proposing JSON name : ./data/scene_datasets/hm3d/val/00800-TEEsavR23oF/TEEsavR23oF.basis.stage_config.json from original name : ./data/scene_datasets/hm3d/val/00800-TEEsavR23oF/TEEsavR23oF.basis.glb| This file does not exist.
[11:37:19:526882]:[Metadata] AbstractObjectAttributesManagerBase.h(184)::createObject : File (./data/scene_datasets/hm3d/val/00800-TEEsavR23oF/TEEsavR23oF.basis.glb) exists but is not a recognized config filename extension, so new default Stage Template attributes created and registered.
[11:37:19:526886]:[Metadata] AttributesManagerBase.h(285)::loadAllFileBasedTemplates : <Stage Template> : Loaded file-based templates: 1
[11:37:19:526898]:[Metadata] AttributesManagerBase.h(352)::buildAttrSrcPathsFromJSONAndLoad : Glob path result for ./data/scene_datasets/hm3d/val/00802-wcojb4TFT35/*.basis.glb : ./data/scene_datasets/hm3d/val/00802-wcojb4TFT35/wcojb4TFT35.basis.glb
[11:37:19:526906]:[Metadata] AttributesManagerBase.h(265)::loadAllFileBasedTemplates : Loading 1  Stage Template templates found in ./data/scene_datasets/hm3d/val/00802-wcojb4TFT35
[11:37:19:526910]:[Metadata] AttributesManagerBase.h(380)::createFromJsonOrDefaultInternal : <Stage Template>: Proposing JSON name : ./data/scene_datasets/hm3d/val/00802-wcojb4TFT35/wcojb4TFT35.basis.stage_config.json from original name : ./data/scene_datasets/hm3d/val/00802-wcojb4TFT35/wcojb4TFT35.basis.glb| This file does not exist.
[11:37:19:526928]:[Metadata] AbstractObjectAttributesManagerBase.h(184)::createObject : File (./data/scene_datasets/hm3d/val/00802-wcojb4TFT35/wcojb4TFT35.basis.glb) exists but is not a recognized config filename extension, so new default Stage Template attributes created and registered.
[11:37:19:526931]:[Metadata] AttributesManagerBase.h(285)::loadAllFileBasedTemplates : <Stage Template> : Loaded file-based templates: 1
[11:37:19:526943]:[Metadata] AttributesManagerBase.h(352)::buildAttrSrcPathsFromJSONAndLoad : Glob path result for ./data/scene_datasets/hm3d/val/00803-k1cupFYWXJ6/*.basis.glb : ./data/scene_datasets/hm3d/val/00803-k1cupFYWXJ6/k1cupFYWXJ6.basis.glb
[11:37:19:526950]:[Metadata] AttributesManagerBase.h(265)::loadAllFileBasedTemplates : Loading 1  Stage Template templates found in ./data/scene_datasets/hm3d/val/00803-k1cupFYWXJ6
[11:37:19:526954]:[Metadata] AttributesManagerBase.h(380)::createFromJsonOrDefaultInternal : <Stage Template>: Proposing JSON name : ./data/scene_datasets/hm3d/val/00803-k1cupFYWXJ6/k1cupFYWXJ6.basis.stage_config.json from original name : ./data/scene_datasets/hm3d/val/00803-k1cupFYWXJ6/k1cupFYWXJ6.basis.glb| This file does not exist.
[11:37:19:526970]:[Metadata] AbstractObjectAttributesManagerBase.h(184)::createObject : File (./data/scene_datasets/hm3d/val/00803-k1cupFYWXJ6/k1cupFYWXJ6.basis.glb) exists but is not a recognized config filename extension, so new default Stage Template attributes created and registered.
[11:37:19:526973]:[Metadata] AttributesManagerBase.h(285)::loadAllFileBasedTemplates : <Stage Template> : Loaded file-based templates: 1
[11:37:19:526984]:[Metadata] AttributesManagerBase.h(352)::buildAttrSrcPathsFromJSONAndLoad : Glob path result for ./data/scene_datasets/hm3d/val/00808-y9hTuugGdiq/*.basis.glb : ./data/scene_datasets/hm3d/val/00808-y9hTuugGdiq/y9hTuugGdiq.basis.glb
[11:37:19:526991]:[Metadata] AttributesManagerBase.h(265)::loadAllFileBasedTemplates : Loading 1  Stage Template templates found in ./data/scene_datasets/hm3d/val/00808-y9hTuugGdiq
[11:37:19:526996]:[Metadata] AttributesManagerBase.h(380)::createFromJsonOrDefaultInternal : <Stage Template>: Proposing JSON name : ./data/scene_datasets/hm3d/val/00808-y9hTuugGdiq/y9hTuugGdiq.basis.stage_config.json from original name : ./data/scene_datasets/hm3d/val/00808-y9hTuugGdiq/y9hTuugGdiq.basis.glb| This file does not exist.
[11:37:19:527011]:[Metadata] AbstractObjectAttributesManagerBase.h(184)::createObject : File (./data/scene_datasets/hm3d/val/00808-y9hTuugGdiq/y9hTuugGdiq.basis.glb) exists but is not a recognized config filename extension, so new default Stage Template attributes created and registered.
[11:37:19:527015]:[Metadata] AttributesManagerBase.h(285)::loadAllFileBasedTemplates : <Stage Template> : Loaded file-based templates: 1
[11:37:19:527025]:[Metadata] AttributesManagerBase.h(352)::buildAttrSrcPathsFromJSONAndLoad : Glob path result for ./data/scene_datasets/hm3d/val/00810-CrMo8WxCyVb/*.basis.glb : ./data/scene_datasets/hm3d/val/00810-CrMo8WxCyVb/CrMo8WxCyVb.basis.glb
[11:37:19:527032]:[Metadata] AttributesManagerBase.h(265)::loadAllFileBasedTemplates : Loading 1  Stage Template templates found in ./data/scene_datasets/hm3d/val/00810-CrMo8WxCyVb
[11:37:19:527037]:[Metadata] AttributesManagerBase.h(380)::createFromJsonOrDefaultInternal : <Stage Template>: Proposing JSON name : ./data/scene_datasets/hm3d/val/00810-CrMo8WxCyVb/CrMo8WxCyVb.basis.stage_config.json from original name : ./data/scene_datasets/hm3d/val/00810-CrMo8WxCyVb/CrMo8WxCyVb.basis.glb| This file does not exist.
[11:37:19:527052]:[Metadata] AbstractObjectAttributesManagerBase.h(184)::createObject : File (./data/scene_datasets/hm3d/val/00810-CrMo8WxCyVb/CrMo8WxCyVb.basis.glb) exists but is not a recognized config filename extension, so new default Stage Template attributes created and registered.
[11:37:19:527055]:[Metadata] AttributesManagerBase.h(285)::loadAllFileBasedTemplates : <Stage Template> : Loaded file-based templates: 1
[11:37:19:527066]:[Metadata] AttributesManagerBase.h(352)::buildAttrSrcPathsFromJSONAndLoad : Glob path result for ./data/scene_datasets/hm3d/val/00813-svBbv1Pavdk/*.basis.glb : ./data/scene_datasets/hm3d/val/00813-svBbv1Pavdk/svBbv1Pavdk.basis.glb
[11:37:19:527073]:[Metadata] AttributesManagerBase.h(265)::loadAllFileBasedTemplates : Loading 1  Stage Template templates found in ./data/scene_datasets/hm3d/val/00813-svBbv1Pavdk
[11:37:19:527081]:[Metadata] AttributesManagerBase.h(380)::createFromJsonOrDefaultInternal : <Stage Template>: Proposing JSON name : ./data/scene_datasets/hm3d/val/00813-svBbv1Pavdk/svBbv1Pavdk.basis.stage_config.json from original name : ./data/scene_datasets/hm3d/val/00813-svBbv1Pavdk/svBbv1Pavdk.basis.glb| This file does not exist.
[11:37:19:527096]:[Metadata] AbstractObjectAttributesManagerBase.h(184)::createObject : File (./data/scene_datasets/hm3d/val/00813-svBbv1Pavdk/svBbv1Pavdk.basis.glb) exists but is not a recognized config filename extension, so new default Stage Template attributes created and registered.
[11:37:19:527100]:[Metadata] AttributesManagerBase.h(285)::loadAllFileBasedTemplates : <Stage Template> : Loaded file-based templates: 1
[11:37:19:527111]:[Metadata] AttributesManagerBase.h(352)::buildAttrSrcPathsFromJSONAndLoad : Glob path result for ./data/scene_datasets/hm3d/val/00814-p53SfW6mjZe/*.basis.glb : ./data/scene_datasets/hm3d/val/00814-p53SfW6mjZe/p53SfW6mjZe.basis.glb
[11:37:19:527118]:[Metadata] AttributesManagerBase.h(265)::loadAllFileBasedTemplates : Loading 1  Stage Template templates found in ./data/scene_datasets/hm3d/val/00814-p53SfW6mjZe
[11:37:19:527123]:[Metadata] AttributesManagerBase.h(380)::createFromJsonOrDefaultInternal : <Stage Template>: Proposing JSON name : ./data/scene_datasets/hm3d/val/00814-p53SfW6mjZe/p53SfW6mjZe.basis.stage_config.json from original name : ./data/scene_datasets/hm3d/val/00814-p53SfW6mjZe/p53SfW6mjZe.basis.glb| This file does not exist.
[11:37:19:527139]:[Metadata] AbstractObjectAttributesManagerBase.h(184)::createObject : File (./data/scene_datasets/hm3d/val/00814-p53SfW6mjZe/p53SfW6mjZe.basis.glb) exists but is not a recognized config filename extension, so new default Stage Template attributes created and registered.
[11:37:19:527142]:[Metadata] AttributesManagerBase.h(285)::loadAllFileBasedTemplates : <Stage Template> : Loaded file-based templates: 1
[11:37:19:527153]:[Metadata] AttributesManagerBase.h(352)::buildAttrSrcPathsFromJSONAndLoad : Glob path result for ./data/scene_datasets/hm3d/val/00815-h1zeeAwLh9Z/*.basis.glb : ./data/scene_datasets/hm3d/val/00815-h1zeeAwLh9Z/h1zeeAwLh9Z.basis.glb
[11:37:19:527160]:[Metadata] AttributesManagerBase.h(265)::loadAllFileBasedTemplates : Loading 1  Stage Template templates found in ./data/scene_datasets/hm3d/val/00815-h1zeeAwLh9Z
[11:37:19:527165]:[Metadata] AttributesManagerBase.h(380)::createFromJsonOrDefaultInternal : <Stage Template>: Proposing JSON name : ./data/scene_datasets/hm3d/val/00815-h1zeeAwLh9Z/h1zeeAwLh9Z.basis.stage_config.json from original name : ./data/scene_datasets/hm3d/val/00815-h1zeeAwLh9Z/h1zeeAwLh9Z.basis.glb| This file does not exist.
[11:37:19:527180]:[Metadata] AbstractObjectAttributesManagerBase.h(184)::createObject : File (./data/scene_datasets/hm3d/val/00815-h1zeeAwLh9Z/h1zeeAwLh9Z.basis.glb) exists but is not a recognized config filename extension, so new default Stage Template attributes created and registered.
[11:37:19:527184]:[Metadata] AttributesManagerBase.h(285)::loadAllFileBasedTemplates : <Stage Template> : Loaded file-based templates: 1
[11:37:19:527194]:[Metadata] AttributesManagerBase.h(352)::buildAttrSrcPathsFromJSONAndLoad : Glob path result for ./data/scene_datasets/hm3d/val/00820-mL8ThkuaVTM/*.basis.glb : ./data/scene_datasets/hm3d/val/00820-mL8ThkuaVTM/mL8ThkuaVTM.basis.glb
[11:37:19:527201]:[Metadata] AttributesManagerBase.h(265)::loadAllFileBasedTemplates : Loading 1  Stage Template templates found in ./data/scene_datasets/hm3d/val/00820-mL8ThkuaVTM
[11:37:19:527206]:[Metadata] AttributesManagerBase.h(380)::createFromJsonOrDefaultInternal : <Stage Template>: Proposing JSON name : ./data/scene_datasets/hm3d/val/00820-mL8ThkuaVTM/mL8ThkuaVTM.basis.stage_config.json from original name : ./data/scene_datasets/hm3d/val/00820-mL8ThkuaVTM/mL8ThkuaVTM.basis.glb| This file does not exist.
[11:37:19:527221]:[Metadata] AbstractObjectAttributesManagerBase.h(184)::createObject : File (./data/scene_datasets/hm3d/val/00820-mL8ThkuaVTM/mL8ThkuaVTM.basis.glb) exists but is not a recognized config filename extension, so new default Stage Template attributes created and registered.
[11:37:19:527225]:[Metadata] AttributesManagerBase.h(285)::loadAllFileBasedTemplates : <Stage Template> : Loaded file-based templates: 1
[11:37:19:527235]:[Metadata] AttributesManagerBase.h(352)::buildAttrSrcPathsFromJSONAndLoad : Glob path result for ./data/scene_datasets/hm3d/val/00821-eF36g7L6Z9M/*.basis.glb : ./data/scene_datasets/hm3d/val/00821-eF36g7L6Z9M/eF36g7L6Z9M.basis.glb
[11:37:19:527242]:[Metadata] AttributesManagerBase.h(265)::loadAllFileBasedTemplates : Loading 1  Stage Template templates found in ./data/scene_datasets/hm3d/val/00821-eF36g7L6Z9M
[11:37:19:527247]:[Metadata] AttributesManagerBase.h(380)::createFromJsonOrDefaultInternal : <Stage Template>: Proposing JSON name : ./data/scene_datasets/hm3d/val/00821-eF36g7L6Z9M/eF36g7L6Z9M.basis.stage_config.json from original name : ./data/scene_datasets/hm3d/val/00821-eF36g7L6Z9M/eF36g7L6Z9M.basis.glb| This file does not exist.
[11:37:19:527262]:[Metadata] AbstractObjectAttributesManagerBase.h(184)::createObject : File (./data/scene_datasets/hm3d/val/00821-eF36g7L6Z9M/eF36g7L6Z9M.basis.glb) exists but is not a recognized config filename extension, so new default Stage Template attributes created and registered.
[11:37:19:527266]:[Metadata] AttributesManagerBase.h(285)::loadAllFileBasedTemplates : <Stage Template> : Loaded file-based templates: 1
[11:37:19:527276]:[Metadata] AttributesManagerBase.h(352)::buildAttrSrcPathsFromJSONAndLoad : Glob path result for ./data/scene_datasets/hm3d/val/00823-7MXmsvcQjpJ/*.basis.glb : ./data/scene_datasets/hm3d/val/00823-7MXmsvcQjpJ/7MXmsvcQjpJ.basis.glb
[11:37:19:527283]:[Metadata] AttributesManagerBase.h(265)::loadAllFileBasedTemplates : Loading 1  Stage Template templates found in ./data/scene_datasets/hm3d/val/00823-7MXmsvcQjpJ
[11:37:19:527288]:[Metadata] AttributesManagerBase.h(380)::createFromJsonOrDefaultInternal : <Stage Template>: Proposing JSON name : ./data/scene_datasets/hm3d/val/00823-7MXmsvcQjpJ/7MXmsvcQjpJ.basis.stage_config.json from original name : ./data/scene_datasets/hm3d/val/00823-7MXmsvcQjpJ/7MXmsvcQjpJ.basis.glb| This file does not exist.
[11:37:19:527303]:[Metadata] AbstractObjectAttributesManagerBase.h(184)::createObject : File (./data/scene_datasets/hm3d/val/00823-7MXmsvcQjpJ/7MXmsvcQjpJ.basis.glb) exists but is not a recognized config filename extension, so new default Stage Template attributes created and registered.
[11:37:19:527306]:[Metadata] AttributesManagerBase.h(285)::loadAllFileBasedTemplates : <Stage Template> : Loaded file-based templates: 1
[11:37:19:527317]:[Metadata] AttributesManagerBase.h(352)::buildAttrSrcPathsFromJSONAndLoad : Glob path result for ./data/scene_datasets/hm3d/val/00824-Dd4bFSTQ8gi/*.basis.glb : ./data/scene_datasets/hm3d/val/00824-Dd4bFSTQ8gi/Dd4bFSTQ8gi.basis.glb
[11:37:19:527324]:[Metadata] AttributesManagerBase.h(265)::loadAllFileBasedTemplates : Loading 1  Stage Template templates found in ./data/scene_datasets/hm3d/val/00824-Dd4bFSTQ8gi
[11:37:19:527329]:[Metadata] AttributesManagerBase.h(380)::createFromJsonOrDefaultInternal : <Stage Template>: Proposing JSON name : ./data/scene_datasets/hm3d/val/00824-Dd4bFSTQ8gi/Dd4bFSTQ8gi.basis.stage_config.json from original name : ./data/scene_datasets/hm3d/val/00824-Dd4bFSTQ8gi/Dd4bFSTQ8gi.basis.glb| This file does not exist.
[11:37:19:527344]:[Metadata] AbstractObjectAttributesManagerBase.h(184)::createObject : File (./data/scene_datasets/hm3d/val/00824-Dd4bFSTQ8gi/Dd4bFSTQ8gi.basis.glb) exists but is not a recognized config filename extension, so new default Stage Template attributes created and registered.
[11:37:19:527347]:[Metadata] AttributesManagerBase.h(285)::loadAllFileBasedTemplates : <Stage Template> : Loaded file-based templates: 1
[11:37:19:527358]:[Metadata] AttributesManagerBase.h(352)::buildAttrSrcPathsFromJSONAndLoad : Glob path result for ./data/scene_datasets/hm3d/val/00827-BAbdmeyTvMZ/*.basis.glb : ./data/scene_datasets/hm3d/val/00827-BAbdmeyTvMZ/BAbdmeyTvMZ.basis.glb
[11:37:19:527364]:[Metadata] AttributesManagerBase.h(265)::loadAllFileBasedTemplates : Loading 1  Stage Template templates found in ./data/scene_datasets/hm3d/val/00827-BAbdmeyTvMZ
[11:37:19:527369]:[Metadata] AttributesManagerBase.h(380)::createFromJsonOrDefaultInternal : <Stage Template>: Proposing JSON name : ./data/scene_datasets/hm3d/val/00827-BAbdmeyTvMZ/BAbdmeyTvMZ.basis.stage_config.json from original name : ./data/scene_datasets/hm3d/val/00827-BAbdmeyTvMZ/BAbdmeyTvMZ.basis.glb| This file does not exist.
[11:37:19:527384]:[Metadata] AbstractObjectAttributesManagerBase.h(184)::createObject : File (./data/scene_datasets/hm3d/val/00827-BAbdmeyTvMZ/BAbdmeyTvMZ.basis.glb) exists but is not a recognized config filename extension, so new default Stage Template attributes created and registered.
[11:37:19:527388]:[Metadata] AttributesManagerBase.h(285)::loadAllFileBasedTemplates : <Stage Template> : Loaded file-based templates: 1
[11:37:19:527398]:[Metadata] AttributesManagerBase.h(352)::buildAttrSrcPathsFromJSONAndLoad : Glob path result for ./data/scene_datasets/hm3d/val/00829-QaLdnwvtxbs/*.basis.glb : ./data/scene_datasets/hm3d/val/00829-QaLdnwvtxbs/QaLdnwvtxbs.basis.glb
[11:37:19:527405]:[Metadata] AttributesManagerBase.h(265)::loadAllFileBasedTemplates : Loading 1  Stage Template templates found in ./data/scene_datasets/hm3d/val/00829-QaLdnwvtxbs
[11:37:19:527409]:[Metadata] AttributesManagerBase.h(380)::createFromJsonOrDefaultInternal : <Stage Template>: Proposing JSON name : ./data/scene_datasets/hm3d/val/00829-QaLdnwvtxbs/QaLdnwvtxbs.basis.stage_config.json from original name : ./data/scene_datasets/hm3d/val/00829-QaLdnwvtxbs/QaLdnwvtxbs.basis.glb| This file does not exist.
[11:37:19:527424]:[Metadata] AbstractObjectAttributesManagerBase.h(184)::createObject : File (./data/scene_datasets/hm3d/val/00829-QaLdnwvtxbs/QaLdnwvtxbs.basis.glb) exists but is not a recognized config filename extension, so new default Stage Template attributes created and registered.
[11:37:19:527428]:[Metadata] AttributesManagerBase.h(285)::loadAllFileBasedTemplates : <Stage Template> : Loaded file-based templates: 1
[11:37:19:527438]:[Metadata] AttributesManagerBase.h(352)::buildAttrSrcPathsFromJSONAndLoad : Glob path result for ./data/scene_datasets/hm3d/val/00831-yr17PDCnDDW/*.basis.glb : ./data/scene_datasets/hm3d/val/00831-yr17PDCnDDW/yr17PDCnDDW.basis.glb
[11:37:19:527445]:[Metadata] AttributesManagerBase.h(265)::loadAllFileBasedTemplates : Loading 1  Stage Template templates found in ./data/scene_datasets/hm3d/val/00831-yr17PDCnDDW
[11:37:19:527449]:[Metadata] AttributesManagerBase.h(380)::createFromJsonOrDefaultInternal : <Stage Template>: Proposing JSON name : ./data/scene_datasets/hm3d/val/00831-yr17PDCnDDW/yr17PDCnDDW.basis.stage_config.json from original name : ./data/scene_datasets/hm3d/val/00831-yr17PDCnDDW/yr17PDCnDDW.basis.glb| This file does not exist.
[11:37:19:527464]:[Metadata] AbstractObjectAttributesManagerBase.h(184)::createObject : File (./data/scene_datasets/hm3d/val/00831-yr17PDCnDDW/yr17PDCnDDW.basis.glb) exists but is not a recognized config filename extension, so new default Stage Template attributes created and registered.
[11:37:19:527467]:[Metadata] AttributesManagerBase.h(285)::loadAllFileBasedTemplates : <Stage Template> : Loaded file-based templates: 1
[11:37:19:527478]:[Metadata] AttributesManagerBase.h(352)::buildAttrSrcPathsFromJSONAndLoad : Glob path result for ./data/scene_datasets/hm3d/val/00832-qyAac8rV8Zk/*.basis.glb : ./data/scene_datasets/hm3d/val/00832-qyAac8rV8Zk/qyAac8rV8Zk.basis.glb
[11:37:19:527485]:[Metadata] AttributesManagerBase.h(265)::loadAllFileBasedTemplates : Loading 1  Stage Template templates found in ./data/scene_datasets/hm3d/val/00832-qyAac8rV8Zk
[11:37:19:527490]:[Metadata] AttributesManagerBase.h(380)::createFromJsonOrDefaultInternal : <Stage Template>: Proposing JSON name : ./data/scene_datasets/hm3d/val/00832-qyAac8rV8Zk/qyAac8rV8Zk.basis.stage_config.json from original name : ./data/scene_datasets/hm3d/val/00832-qyAac8rV8Zk/qyAac8rV8Zk.basis.glb| This file does not exist.
[11:37:19:527505]:[Metadata] AbstractObjectAttributesManagerBase.h(184)::createObject : File (./data/scene_datasets/hm3d/val/00832-qyAac8rV8Zk/qyAac8rV8Zk.basis.glb) exists but is not a recognized config filename extension, so new default Stage Template attributes created and registered.
[11:37:19:527509]:[Metadata] AttributesManagerBase.h(285)::loadAllFileBasedTemplates : <Stage Template> : Loaded file-based templates: 1
[11:37:19:527520]:[Metadata] AttributesManagerBase.h(352)::buildAttrSrcPathsFromJSONAndLoad : Glob path result for ./data/scene_datasets/hm3d/val/00835-q3zU7Yy5E5s/*.basis.glb : ./data/scene_datasets/hm3d/val/00835-q3zU7Yy5E5s/q3zU7Yy5E5s.basis.glb
[11:37:19:527527]:[Metadata] AttributesManagerBase.h(265)::loadAllFileBasedTemplates : Loading 1  Stage Template templates found in ./data/scene_datasets/hm3d/val/00835-q3zU7Yy5E5s
[11:37:19:527531]:[Metadata] AttributesManagerBase.h(380)::createFromJsonOrDefaultInternal : <Stage Template>: Proposing JSON name : ./data/scene_datasets/hm3d/val/00835-q3zU7Yy5E5s/q3zU7Yy5E5s.basis.stage_config.json from original name : ./data/scene_datasets/hm3d/val/00835-q3zU7Yy5E5s/q3zU7Yy5E5s.basis.glb| This file does not exist.
[11:37:19:527547]:[Metadata] AbstractObjectAttributesManagerBase.h(184)::createObject : File (./data/scene_datasets/hm3d/val/00835-q3zU7Yy5E5s/q3zU7Yy5E5s.basis.glb) exists but is not a recognized config filename extension, so new default Stage Template attributes created and registered.
[11:37:19:527551]:[Metadata] AttributesManagerBase.h(285)::loadAllFileBasedTemplates : <Stage Template> : Loaded file-based templates: 1
[11:37:19:527561]:[Metadata] AttributesManagerBase.h(352)::buildAttrSrcPathsFromJSONAndLoad : Glob path result for ./data/scene_datasets/hm3d/val/00839-zt1RVoi7PcG/*.basis.glb : ./data/scene_datasets/hm3d/val/00839-zt1RVoi7PcG/zt1RVoi7PcG.basis.glb
[11:37:19:527568]:[Metadata] AttributesManagerBase.h(265)::loadAllFileBasedTemplates : Loading 1  Stage Template templates found in ./data/scene_datasets/hm3d/val/00839-zt1RVoi7PcG
[11:37:19:527573]:[Metadata] AttributesManagerBase.h(380)::createFromJsonOrDefaultInternal : <Stage Template>: Proposing JSON name : ./data/scene_datasets/hm3d/val/00839-zt1RVoi7PcG/zt1RVoi7PcG.basis.stage_config.json from original name : ./data/scene_datasets/hm3d/val/00839-zt1RVoi7PcG/zt1RVoi7PcG.basis.glb| This file does not exist.
[11:37:19:527587]:[Metadata] AbstractObjectAttributesManagerBase.h(184)::createObject : File (./data/scene_datasets/hm3d/val/00839-zt1RVoi7PcG/zt1RVoi7PcG.basis.glb) exists but is not a recognized config filename extension, so new default Stage Template attributes created and registered.
[11:37:19:527591]:[Metadata] AttributesManagerBase.h(285)::loadAllFileBasedTemplates : <Stage Template> : Loaded file-based templates: 1
[11:37:19:527601]:[Metadata] AttributesManagerBase.h(352)::buildAttrSrcPathsFromJSONAndLoad : Glob path result for ./data/scene_datasets/hm3d/val/00843-DYehNKdT76V/*.basis.glb : ./data/scene_datasets/hm3d/val/00843-DYehNKdT76V/DYehNKdT76V.basis.glb
[11:37:19:527608]:[Metadata] AttributesManagerBase.h(265)::loadAllFileBasedTemplates : Loading 1  Stage Template templates found in ./data/scene_datasets/hm3d/val/00843-DYehNKdT76V
[11:37:19:527613]:[Metadata] AttributesManagerBase.h(380)::createFromJsonOrDefaultInternal : <Stage Template>: Proposing JSON name : ./data/scene_datasets/hm3d/val/00843-DYehNKdT76V/DYehNKdT76V.basis.stage_config.json from original name : ./data/scene_datasets/hm3d/val/00843-DYehNKdT76V/DYehNKdT76V.basis.glb| This file does not exist.
[11:37:19:527628]:[Metadata] AbstractObjectAttributesManagerBase.h(184)::createObject : File (./data/scene_datasets/hm3d/val/00843-DYehNKdT76V/DYehNKdT76V.basis.glb) exists but is not a recognized config filename extension, so new default Stage Template attributes created and registered.
[11:37:19:527631]:[Metadata] AttributesManagerBase.h(285)::loadAllFileBasedTemplates : <Stage Template> : Loaded file-based templates: 1
[11:37:19:527642]:[Metadata] AttributesManagerBase.h(352)::buildAttrSrcPathsFromJSONAndLoad : Glob path result for ./data/scene_datasets/hm3d/val/00844-q5QZSEeHe5g/*.basis.glb : ./data/scene_datasets/hm3d/val/00844-q5QZSEeHe5g/q5QZSEeHe5g.basis.glb
[11:37:19:527649]:[Metadata] AttributesManagerBase.h(265)::loadAllFileBasedTemplates : Loading 1  Stage Template templates found in ./data/scene_datasets/hm3d/val/00844-q5QZSEeHe5g
[11:37:19:527654]:[Metadata] AttributesManagerBase.h(380)::createFromJsonOrDefaultInternal : <Stage Template>: Proposing JSON name : ./data/scene_datasets/hm3d/val/00844-q5QZSEeHe5g/q5QZSEeHe5g.basis.stage_config.json from original name : ./data/scene_datasets/hm3d/val/00844-q5QZSEeHe5g/q5QZSEeHe5g.basis.glb| This file does not exist.
[11:37:19:527668]:[Metadata] AbstractObjectAttributesManagerBase.h(184)::createObject : File (./data/scene_datasets/hm3d/val/00844-q5QZSEeHe5g/q5QZSEeHe5g.basis.glb) exists but is not a recognized config filename extension, so new default Stage Template attributes created and registered.
[11:37:19:527672]:[Metadata] AttributesManagerBase.h(285)::loadAllFileBasedTemplates : <Stage Template> : Loaded file-based templates: 1
[11:37:19:527682]:[Metadata] AttributesManagerBase.h(352)::buildAttrSrcPathsFromJSONAndLoad : Glob path result for ./data/scene_datasets/hm3d/val/00847-bCPU9suPUw9/*.basis.glb : ./data/scene_datasets/hm3d/val/00847-bCPU9suPUw9/bCPU9suPUw9.basis.glb
[11:37:19:527689]:[Metadata] AttributesManagerBase.h(265)::loadAllFileBasedTemplates : Loading 1  Stage Template templates found in ./data/scene_datasets/hm3d/val/00847-bCPU9suPUw9
[11:37:19:527694]:[Metadata] AttributesManagerBase.h(380)::createFromJsonOrDefaultInternal : <Stage Template>: Proposing JSON name : ./data/scene_datasets/hm3d/val/00847-bCPU9suPUw9/bCPU9suPUw9.basis.stage_config.json from original name : ./data/scene_datasets/hm3d/val/00847-bCPU9suPUw9/bCPU9suPUw9.basis.glb| This file does not exist.
[11:37:19:527709]:[Metadata] AbstractObjectAttributesManagerBase.h(184)::createObject : File (./data/scene_datasets/hm3d/val/00847-bCPU9suPUw9/bCPU9suPUw9.basis.glb) exists but is not a recognized config filename extension, so new default Stage Template attributes created and registered.
[11:37:19:527712]:[Metadata] AttributesManagerBase.h(285)::loadAllFileBasedTemplates : <Stage Template> : Loaded file-based templates: 1
[11:37:19:527722]:[Metadata] AttributesManagerBase.h(352)::buildAttrSrcPathsFromJSONAndLoad : Glob path result for ./data/scene_datasets/hm3d/val/00848-ziup5kvtCCR/*.basis.glb : ./data/scene_datasets/hm3d/val/00848-ziup5kvtCCR/ziup5kvtCCR.basis.glb
[11:37:19:527729]:[Metadata] AttributesManagerBase.h(265)::loadAllFileBasedTemplates : Loading 1  Stage Template templates found in ./data/scene_datasets/hm3d/val/00848-ziup5kvtCCR
[11:37:19:527734]:[Metadata] AttributesManagerBase.h(380)::createFromJsonOrDefaultInternal : <Stage Template>: Proposing JSON name : ./data/scene_datasets/hm3d/val/00848-ziup5kvtCCR/ziup5kvtCCR.basis.stage_config.json from original name : ./data/scene_datasets/hm3d/val/00848-ziup5kvtCCR/ziup5kvtCCR.basis.glb| This file does not exist.
[11:37:19:527750]:[Metadata] AbstractObjectAttributesManagerBase.h(184)::createObject : File (./data/scene_datasets/hm3d/val/00848-ziup5kvtCCR/ziup5kvtCCR.basis.glb) exists but is not a recognized config filename extension, so new default Stage Template attributes created and registered.
[11:37:19:527753]:[Metadata] AttributesManagerBase.h(285)::loadAllFileBasedTemplates : <Stage Template> : Loaded file-based templates: 1
[11:37:19:527764]:[Metadata] AttributesManagerBase.h(352)::buildAttrSrcPathsFromJSONAndLoad : Glob path result for ./data/scene_datasets/hm3d/val/00849-a8BtkwhxdRV/*.basis.glb : ./data/scene_datasets/hm3d/val/00849-a8BtkwhxdRV/a8BtkwhxdRV.basis.glb
[11:37:19:527771]:[Metadata] AttributesManagerBase.h(265)::loadAllFileBasedTemplates : Loading 1  Stage Template templates found in ./data/scene_datasets/hm3d/val/00849-a8BtkwhxdRV
[11:37:19:527776]:[Metadata] AttributesManagerBase.h(380)::createFromJsonOrDefaultInternal : <Stage Template>: Proposing JSON name : ./data/scene_datasets/hm3d/val/00849-a8BtkwhxdRV/a8BtkwhxdRV.basis.stage_config.json from original name : ./data/scene_datasets/hm3d/val/00849-a8BtkwhxdRV/a8BtkwhxdRV.basis.glb| This file does not exist.
[11:37:19:527791]:[Metadata] AbstractObjectAttributesManagerBase.h(184)::createObject : File (./data/scene_datasets/hm3d/val/00849-a8BtkwhxdRV/a8BtkwhxdRV.basis.glb) exists but is not a recognized config filename extension, so new default Stage Template attributes created and registered.
[11:37:19:527794]:[Metadata] AttributesManagerBase.h(285)::loadAllFileBasedTemplates : <Stage Template> : Loaded file-based templates: 1
[11:37:19:527805]:[Metadata] AttributesManagerBase.h(352)::buildAttrSrcPathsFromJSONAndLoad : Glob path result for ./data/scene_datasets/hm3d/val/00853-5cdEh9F2hJL/*.basis.glb : ./data/scene_datasets/hm3d/val/00853-5cdEh9F2hJL/5cdEh9F2hJL.basis.glb
[11:37:19:527812]:[Metadata] AttributesManagerBase.h(265)::loadAllFileBasedTemplates : Loading 1  Stage Template templates found in ./data/scene_datasets/hm3d/val/00853-5cdEh9F2hJL
[11:37:19:527817]:[Metadata] AttributesManagerBase.h(380)::createFromJsonOrDefaultInternal : <Stage Template>: Proposing JSON name : ./data/scene_datasets/hm3d/val/00853-5cdEh9F2hJL/5cdEh9F2hJL.basis.stage_config.json from original name : ./data/scene_datasets/hm3d/val/00853-5cdEh9F2hJL/5cdEh9F2hJL.basis.glb| This file does not exist.
[11:37:19:527831]:[Metadata] AbstractObjectAttributesManagerBase.h(184)::createObject : File (./data/scene_datasets/hm3d/val/00853-5cdEh9F2hJL/5cdEh9F2hJL.basis.glb) exists but is not a recognized config filename extension, so new default Stage Template attributes created and registered.
[11:37:19:527835]:[Metadata] AttributesManagerBase.h(285)::loadAllFileBasedTemplates : <Stage Template> : Loaded file-based templates: 1
[11:37:19:527845]:[Metadata] AttributesManagerBase.h(352)::buildAttrSrcPathsFromJSONAndLoad : Glob path result for ./data/scene_datasets/hm3d/val/00861-GLAQ4DNUx5U/*.basis.glb : ./data/scene_datasets/hm3d/val/00861-GLAQ4DNUx5U/GLAQ4DNUx5U.basis.glb
[11:37:19:527851]:[Metadata] AttributesManagerBase.h(265)::loadAllFileBasedTemplates : Loading 1  Stage Template templates found in ./data/scene_datasets/hm3d/val/00861-GLAQ4DNUx5U
[11:37:19:527856]:[Metadata] AttributesManagerBase.h(380)::createFromJsonOrDefaultInternal : <Stage Template>: Proposing JSON name : ./data/scene_datasets/hm3d/val/00861-GLAQ4DNUx5U/GLAQ4DNUx5U.basis.stage_config.json from original name : ./data/scene_datasets/hm3d/val/00861-GLAQ4DNUx5U/GLAQ4DNUx5U.basis.glb| This file does not exist.
[11:37:19:527871]:[Metadata] AbstractObjectAttributesManagerBase.h(184)::createObject : File (./data/scene_datasets/hm3d/val/00861-GLAQ4DNUx5U/GLAQ4DNUx5U.basis.glb) exists but is not a recognized config filename extension, so new default Stage Template attributes created and registered.
[11:37:19:527874]:[Metadata] AttributesManagerBase.h(285)::loadAllFileBasedTemplates : <Stage Template> : Loaded file-based templates: 1
[11:37:19:527884]:[Metadata] AttributesManagerBase.h(352)::buildAttrSrcPathsFromJSONAndLoad : Glob path result for ./data/scene_datasets/hm3d/val/00862-LT9Jq6dN3Ea/*.basis.glb : ./data/scene_datasets/hm3d/val/00862-LT9Jq6dN3Ea/LT9Jq6dN3Ea.basis.glb
[11:37:19:527891]:[Metadata] AttributesManagerBase.h(265)::loadAllFileBasedTemplates : Loading 1  Stage Template templates found in ./data/scene_datasets/hm3d/val/00862-LT9Jq6dN3Ea
[11:37:19:527896]:[Metadata] AttributesManagerBase.h(380)::createFromJsonOrDefaultInternal : <Stage Template>: Proposing JSON name : ./data/scene_datasets/hm3d/val/00862-LT9Jq6dN3Ea/LT9Jq6dN3Ea.basis.stage_config.json from original name : ./data/scene_datasets/hm3d/val/00862-LT9Jq6dN3Ea/LT9Jq6dN3Ea.basis.glb| This file does not exist.
[11:37:19:527911]:[Metadata] AbstractObjectAttributesManagerBase.h(184)::createObject : File (./data/scene_datasets/hm3d/val/00862-LT9Jq6dN3Ea/LT9Jq6dN3Ea.basis.glb) exists but is not a recognized config filename extension, so new default Stage Template attributes created and registered.
[11:37:19:527915]:[Metadata] AttributesManagerBase.h(285)::loadAllFileBasedTemplates : <Stage Template> : Loaded file-based templates: 1
[11:37:19:527925]:[Metadata] AttributesManagerBase.h(352)::buildAttrSrcPathsFromJSONAndLoad : Glob path result for ./data/scene_datasets/hm3d/val/00869-MHPLjHsuG27/*.basis.glb : ./data/scene_datasets/hm3d/val/00869-MHPLjHsuG27/MHPLjHsuG27.basis.glb
[11:37:19:527932]:[Metadata] AttributesManagerBase.h(265)::loadAllFileBasedTemplates : Loading 1  Stage Template templates found in ./data/scene_datasets/hm3d/val/00869-MHPLjHsuG27
[11:37:19:527937]:[Metadata] AttributesManagerBase.h(380)::createFromJsonOrDefaultInternal : <Stage Template>: Proposing JSON name : ./data/scene_datasets/hm3d/val/00869-MHPLjHsuG27/MHPLjHsuG27.basis.stage_config.json from original name : ./data/scene_datasets/hm3d/val/00869-MHPLjHsuG27/MHPLjHsuG27.basis.glb| This file does not exist.
[11:37:19:527952]:[Metadata] AbstractObjectAttributesManagerBase.h(184)::createObject : File (./data/scene_datasets/hm3d/val/00869-MHPLjHsuG27/MHPLjHsuG27.basis.glb) exists but is not a recognized config filename extension, so new default Stage Template attributes created and registered.
[11:37:19:527956]:[Metadata] AttributesManagerBase.h(285)::loadAllFileBasedTemplates : <Stage Template> : Loaded file-based templates: 1
[11:37:19:527966]:[Metadata] AttributesManagerBase.h(352)::buildAttrSrcPathsFromJSONAndLoad : Glob path result for ./data/scene_datasets/hm3d/val/00871-VBzV5z6i1WS/*.basis.glb : ./data/scene_datasets/hm3d/val/00871-VBzV5z6i1WS/VBzV5z6i1WS.basis.glb
[11:37:19:527973]:[Metadata] AttributesManagerBase.h(265)::loadAllFileBasedTemplates : Loading 1  Stage Template templates found in ./data/scene_datasets/hm3d/val/00871-VBzV5z6i1WS
[11:37:19:527978]:[Metadata] AttributesManagerBase.h(380)::createFromJsonOrDefaultInternal : <Stage Template>: Proposing JSON name : ./data/scene_datasets/hm3d/val/00871-VBzV5z6i1WS/VBzV5z6i1WS.basis.stage_config.json from original name : ./data/scene_datasets/hm3d/val/00871-VBzV5z6i1WS/VBzV5z6i1WS.basis.glb| This file does not exist.
[11:37:19:527993]:[Metadata] AbstractObjectAttributesManagerBase.h(184)::createObject : File (./data/scene_datasets/hm3d/val/00871-VBzV5z6i1WS/VBzV5z6i1WS.basis.glb) exists but is not a recognized config filename extension, so new default Stage Template attributes created and registered.
[11:37:19:527996]:[Metadata] AttributesManagerBase.h(285)::loadAllFileBasedTemplates : <Stage Template> : Loaded file-based templates: 1
[11:37:19:528006]:[Metadata] AttributesManagerBase.h(352)::buildAttrSrcPathsFromJSONAndLoad : Glob path result for ./data/scene_datasets/hm3d/val/00873-bxsVRursffK/*.basis.glb : ./data/scene_datasets/hm3d/val/00873-bxsVRursffK/bxsVRursffK.basis.glb
[11:37:19:528013]:[Metadata] AttributesManagerBase.h(265)::loadAllFileBasedTemplates : Loading 1  Stage Template templates found in ./data/scene_datasets/hm3d/val/00873-bxsVRursffK
[11:37:19:528018]:[Metadata] AttributesManagerBase.h(380)::createFromJsonOrDefaultInternal : <Stage Template>: Proposing JSON name : ./data/scene_datasets/hm3d/val/00873-bxsVRursffK/bxsVRursffK.basis.stage_config.json from original name : ./data/scene_datasets/hm3d/val/00873-bxsVRursffK/bxsVRursffK.basis.glb| This file does not exist.
[11:37:19:528033]:[Metadata] AbstractObjectAttributesManagerBase.h(184)::createObject : File (./data/scene_datasets/hm3d/val/00873-bxsVRursffK/bxsVRursffK.basis.glb) exists but is not a recognized config filename extension, so new default Stage Template attributes created and registered.
[11:37:19:528037]:[Metadata] AttributesManagerBase.h(285)::loadAllFileBasedTemplates : <Stage Template> : Loaded file-based templates: 1
[11:37:19:528047]:[Metadata] AttributesManagerBase.h(352)::buildAttrSrcPathsFromJSONAndLoad : Glob path result for ./data/scene_datasets/hm3d/val/00876-mv2HUxq3B53/*.basis.glb : ./data/scene_datasets/hm3d/val/00876-mv2HUxq3B53/mv2HUxq3B53.basis.glb
[11:37:19:528054]:[Metadata] AttributesManagerBase.h(265)::loadAllFileBasedTemplates : Loading 1  Stage Template templates found in ./data/scene_datasets/hm3d/val/00876-mv2HUxq3B53
[11:37:19:528059]:[Metadata] AttributesManagerBase.h(380)::createFromJsonOrDefaultInternal : <Stage Template>: Proposing JSON name : ./data/scene_datasets/hm3d/val/00876-mv2HUxq3B53/mv2HUxq3B53.basis.stage_config.json from original name : ./data/scene_datasets/hm3d/val/00876-mv2HUxq3B53/mv2HUxq3B53.basis.glb| This file does not exist.
[11:37:19:528073]:[Metadata] AbstractObjectAttributesManagerBase.h(184)::createObject : File (./data/scene_datasets/hm3d/val/00876-mv2HUxq3B53/mv2HUxq3B53.basis.glb) exists but is not a recognized config filename extension, so new default Stage Template attributes created and registered.
[11:37:19:528079]:[Metadata] AttributesManagerBase.h(285)::loadAllFileBasedTemplates : <Stage Template> : Loaded file-based templates: 1
[11:37:19:528089]:[Metadata] AttributesManagerBase.h(352)::buildAttrSrcPathsFromJSONAndLoad : Glob path result for ./data/scene_datasets/hm3d/val/00877-4ok3usBNeis/*.basis.glb : ./data/scene_datasets/hm3d/val/00877-4ok3usBNeis/4ok3usBNeis.basis.glb
[11:37:19:528096]:[Metadata] AttributesManagerBase.h(265)::loadAllFileBasedTemplates : Loading 1  Stage Template templates found in ./data/scene_datasets/hm3d/val/00877-4ok3usBNeis
[11:37:19:528101]:[Metadata] AttributesManagerBase.h(380)::createFromJsonOrDefaultInternal : <Stage Template>: Proposing JSON name : ./data/scene_datasets/hm3d/val/00877-4ok3usBNeis/4ok3usBNeis.basis.stage_config.json from original name : ./data/scene_datasets/hm3d/val/00877-4ok3usBNeis/4ok3usBNeis.basis.glb| This file does not exist.
[11:37:19:528115]:[Metadata] AbstractObjectAttributesManagerBase.h(184)::createObject : File (./data/scene_datasets/hm3d/val/00877-4ok3usBNeis/4ok3usBNeis.basis.glb) exists but is not a recognized config filename extension, so new default Stage Template attributes created and registered.
[11:37:19:528118]:[Metadata] AttributesManagerBase.h(285)::loadAllFileBasedTemplates : <Stage Template> : Loaded file-based templates: 1
[11:37:19:528129]:[Metadata] AttributesManagerBase.h(352)::buildAttrSrcPathsFromJSONAndLoad : Glob path result for ./data/scene_datasets/hm3d/val/00878-XB4GS9ShBRE/*.basis.glb : ./data/scene_datasets/hm3d/val/00878-XB4GS9ShBRE/XB4GS9ShBRE.basis.glb
[11:37:19:528135]:[Metadata] AttributesManagerBase.h(265)::loadAllFileBasedTemplates : Loading 1  Stage Template templates found in ./data/scene_datasets/hm3d/val/00878-XB4GS9ShBRE
[11:37:19:528140]:[Metadata] AttributesManagerBase.h(380)::createFromJsonOrDefaultInternal : <Stage Template>: Proposing JSON name : ./data/scene_datasets/hm3d/val/00878-XB4GS9ShBRE/XB4GS9ShBRE.basis.stage_config.json from original name : ./data/scene_datasets/hm3d/val/00878-XB4GS9ShBRE/XB4GS9ShBRE.basis.glb| This file does not exist.
[11:37:19:528155]:[Metadata] AbstractObjectAttributesManagerBase.h(184)::createObject : File (./data/scene_datasets/hm3d/val/00878-XB4GS9ShBRE/XB4GS9ShBRE.basis.glb) exists but is not a recognized config filename extension, so new default Stage Template attributes created and registered.
[11:37:19:528159]:[Metadata] AttributesManagerBase.h(285)::loadAllFileBasedTemplates : <Stage Template> : Loaded file-based templates: 1
[11:37:19:528169]:[Metadata] AttributesManagerBase.h(352)::buildAttrSrcPathsFromJSONAndLoad : Glob path result for ./data/scene_datasets/hm3d/val/00880-Nfvxx8J5NCo/*.basis.glb : ./data/scene_datasets/hm3d/val/00880-Nfvxx8J5NCo/Nfvxx8J5NCo.basis.glb
[11:37:19:528176]:[Metadata] AttributesManagerBase.h(265)::loadAllFileBasedTemplates : Loading 1  Stage Template templates found in ./data/scene_datasets/hm3d/val/00880-Nfvxx8J5NCo
[11:37:19:528181]:[Metadata] AttributesManagerBase.h(380)::createFromJsonOrDefaultInternal : <Stage Template>: Proposing JSON name : ./data/scene_datasets/hm3d/val/00880-Nfvxx8J5NCo/Nfvxx8J5NCo.basis.stage_config.json from original name : ./data/scene_datasets/hm3d/val/00880-Nfvxx8J5NCo/Nfvxx8J5NCo.basis.glb| This file does not exist.
[11:37:19:528195]:[Metadata] AbstractObjectAttributesManagerBase.h(184)::createObject : File (./data/scene_datasets/hm3d/val/00880-Nfvxx8J5NCo/Nfvxx8J5NCo.basis.glb) exists but is not a recognized config filename extension, so new default Stage Template attributes created and registered.
[11:37:19:528199]:[Metadata] AttributesManagerBase.h(285)::loadAllFileBasedTemplates : <Stage Template> : Loaded file-based templates: 1
[11:37:19:528209]:[Metadata] AttributesManagerBase.h(352)::buildAttrSrcPathsFromJSONAndLoad : Glob path result for ./data/scene_datasets/hm3d/val/00890-6s7QHgap2fW/*.basis.glb : ./data/scene_datasets/hm3d/val/00890-6s7QHgap2fW/6s7QHgap2fW.basis.glb
[11:37:19:528216]:[Metadata] AttributesManagerBase.h(265)::loadAllFileBasedTemplates : Loading 1  Stage Template templates found in ./data/scene_datasets/hm3d/val/00890-6s7QHgap2fW
[11:37:19:528220]:[Metadata] AttributesManagerBase.h(380)::createFromJsonOrDefaultInternal : <Stage Template>: Proposing JSON name : ./data/scene_datasets/hm3d/val/00890-6s7QHgap2fW/6s7QHgap2fW.basis.stage_config.json from original name : ./data/scene_datasets/hm3d/val/00890-6s7QHgap2fW/6s7QHgap2fW.basis.glb| This file does not exist.
[11:37:19:528235]:[Metadata] AbstractObjectAttributesManagerBase.h(184)::createObject : File (./data/scene_datasets/hm3d/val/00890-6s7QHgap2fW/6s7QHgap2fW.basis.glb) exists but is not a recognized config filename extension, so new default Stage Template attributes created and registered.
[11:37:19:528238]:[Metadata] AttributesManagerBase.h(285)::loadAllFileBasedTemplates : <Stage Template> : Loaded file-based templates: 1
[11:37:19:528248]:[Metadata] AttributesManagerBase.h(352)::buildAttrSrcPathsFromJSONAndLoad : Glob path result for ./data/scene_datasets/hm3d/val/00891-cvZr5TUy5C5/*.basis.glb : ./data/scene_datasets/hm3d/val/00891-cvZr5TUy5C5/cvZr5TUy5C5.basis.glb
[11:37:19:528255]:[Metadata] AttributesManagerBase.h(265)::loadAllFileBasedTemplates : Loading 1  Stage Template templates found in ./data/scene_datasets/hm3d/val/00891-cvZr5TUy5C5
[11:37:19:528260]:[Metadata] AttributesManagerBase.h(380)::createFromJsonOrDefaultInternal : <Stage Template>: Proposing JSON name : ./data/scene_datasets/hm3d/val/00891-cvZr5TUy5C5/cvZr5TUy5C5.basis.stage_config.json from original name : ./data/scene_datasets/hm3d/val/00891-cvZr5TUy5C5/cvZr5TUy5C5.basis.glb| This file does not exist.
[11:37:19:528274]:[Metadata] AbstractObjectAttributesManagerBase.h(184)::createObject : File (./data/scene_datasets/hm3d/val/00891-cvZr5TUy5C5/cvZr5TUy5C5.basis.glb) exists but is not a recognized config filename extension, so new default Stage Template attributes created and registered.
[11:37:19:528278]:[Metadata] AttributesManagerBase.h(285)::loadAllFileBasedTemplates : <Stage Template> : Loaded file-based templates: 1
[11:37:19:528288]:[Metadata] AttributesManagerBase.h(352)::buildAttrSrcPathsFromJSONAndLoad : Glob path result for ./data/scene_datasets/hm3d/val/00894-HY1NcmCgn3n/*.basis.glb : ./data/scene_datasets/hm3d/val/00894-HY1NcmCgn3n/HY1NcmCgn3n.basis.glb
[11:37:19:528295]:[Metadata] AttributesManagerBase.h(265)::loadAllFileBasedTemplates : Loading 1  Stage Template templates found in ./data/scene_datasets/hm3d/val/00894-HY1NcmCgn3n
[11:37:19:528300]:[Metadata] AttributesManagerBase.h(380)::createFromJsonOrDefaultInternal : <Stage Template>: Proposing JSON name : ./data/scene_datasets/hm3d/val/00894-HY1NcmCgn3n/HY1NcmCgn3n.basis.stage_config.json from original name : ./data/scene_datasets/hm3d/val/00894-HY1NcmCgn3n/HY1NcmCgn3n.basis.glb| This file does not exist.
[11:37:19:528314]:[Metadata] AbstractObjectAttributesManagerBase.h(184)::createObject : File (./data/scene_datasets/hm3d/val/00894-HY1NcmCgn3n/HY1NcmCgn3n.basis.glb) exists but is not a recognized config filename extension, so new default Stage Template attributes created and registered.
[11:37:19:528318]:[Metadata] AttributesManagerBase.h(285)::loadAllFileBasedTemplates : <Stage Template> : Loaded file-based templates: 1
[11:37:19:528321]:[Metadata] AttributesManagerBase.h(360)::buildAttrSrcPathsFromJSONAndLoad : <Stage Template>:221paths specified in JSON doc forStage Templatetemplates.
[11:37:19:528333]:[Metadata] SceneInstanceAttributesManager.cpp(67)::setValsFromJSONDoc : No Stage specified for scene default_attributes , or specification error.
[11:37:19:528337]:[Metadata] SceneInstanceAttributesManager.cpp(107)::setValsFromJSONDoc : No Articulated Objects specified for scene default_attributes , or specification error.
[11:37:19:528344]:[Metadata] SceneInstanceAttributesManager.cpp(127)::setValsFromJSONDoc : No navmesh_instance specified for scene default_attributes .
[11:37:19:528350]:[Metadata] SceneInstanceAttributesManager.cpp(137)::setValsFromJSONDoc : No semantic_scene_instance specified for scene default_attributes .
[11:37:19:528356]:[Metadata] SceneDatasetAttributesManager.cpp(310)::readDatasetJSONCell : "scene_instances.default_attributes" set in Attributes Manager from JSON.
[11:37:19:528364]:[Metadata] AttributesManagerBase.h(357)::buildAttrSrcPathsFromJSONAndLoad : No Glob path result for ./data/scene_datasets/hm3d/example/00861-GLAQ4DNUx5U/*.basis.scene_instance.json
[11:37:19:528370]:[Metadata] AttributesManagerBase.h(357)::buildAttrSrcPathsFromJSONAndLoad : No Glob path result for ./data/scene_datasets/hm3d/minival/00800-TEEsavR23oF/*.basis.scene_instance.json
[11:37:19:528376]:[Metadata] AttributesManagerBase.h(357)::buildAttrSrcPathsFromJSONAndLoad : No Glob path result for ./data/scene_datasets/hm3d/minival/00802-wcojb4TFT35/*.basis.scene_instance.json
[11:37:19:528382]:[Metadata] AttributesManagerBase.h(357)::buildAttrSrcPathsFromJSONAndLoad : No Glob path result for ./data/scene_datasets/hm3d/minival/00803-k1cupFYWXJ6/*.basis.scene_instance.json
[11:37:19:528388]:[Metadata] AttributesManagerBase.h(357)::buildAttrSrcPathsFromJSONAndLoad : No Glob path result for ./data/scene_datasets/hm3d/minival/00808-y9hTuugGdiq/*.basis.scene_instance.json
[11:37:19:528394]:[Metadata] AttributesManagerBase.h(357)::buildAttrSrcPathsFromJSONAndLoad : No Glob path result for ./data/scene_datasets/hm3d/test/00900-XRJ2muKkwAV/*.basis.scene_instance.json
[11:37:19:528399]:[Metadata] AttributesManagerBase.h(357)::buildAttrSrcPathsFromJSONAndLoad : No Glob path result for ./data/scene_datasets/hm3d/test/00901-aJoC8Qw6xQ5/*.basis.scene_instance.json
[11:37:19:528405]:[Metadata] AttributesManagerBase.h(357)::buildAttrSrcPathsFromJSONAndLoad : No Glob path result for ./data/scene_datasets/hm3d/test/00904-S9CUp5RsFY9/*.basis.scene_instance.json
[11:37:19:528411]:[Metadata] AttributesManagerBase.h(357)::buildAttrSrcPathsFromJSONAndLoad : No Glob path result for ./data/scene_datasets/hm3d/test/00905-9v5HzFAB1cm/*.basis.scene_instance.json
[11:37:19:528417]:[Metadata] AttributesManagerBase.h(357)::buildAttrSrcPathsFromJSONAndLoad : No Glob path result for ./data/scene_datasets/hm3d/test/00907-WGxjrSp71zX/*.basis.scene_instance.json
[11:37:19:528423]:[Metadata] AttributesManagerBase.h(357)::buildAttrSrcPathsFromJSONAndLoad : No Glob path result for ./data/scene_datasets/hm3d/test/00909-MrKys1cv4jD/*.basis.scene_instance.json
[11:37:19:528428]:[Metadata] AttributesManagerBase.h(357)::buildAttrSrcPathsFromJSONAndLoad : No Glob path result for ./data/scene_datasets/hm3d/test/00910-jE7Qzu3FyJD/*.basis.scene_instance.json
[11:37:19:528434]:[Metadata] AttributesManagerBase.h(357)::buildAttrSrcPathsFromJSONAndLoad : No Glob path result for ./data/scene_datasets/hm3d/test/00911-a8h4mZT8buN/*.basis.scene_instance.json
[11:37:19:528439]:[Metadata] AttributesManagerBase.h(357)::buildAttrSrcPathsFromJSONAndLoad : No Glob path result for ./data/scene_datasets/hm3d/test/00913-URu5ybF8PrH/*.basis.scene_instance.json
[11:37:19:528445]:[Metadata] AttributesManagerBase.h(357)::buildAttrSrcPathsFromJSONAndLoad : No Glob path result for ./data/scene_datasets/hm3d/test/00914-TxyEAAVD4iD/*.basis.scene_instance.json
[11:37:19:528451]:[Metadata] AttributesManagerBase.h(357)::buildAttrSrcPathsFromJSONAndLoad : No Glob path result for ./data/scene_datasets/hm3d/test/00915-ieavb8rbmA9/*.basis.scene_instance.json
[11:37:19:528457]:[Metadata] AttributesManagerBase.h(357)::buildAttrSrcPathsFromJSONAndLoad : No Glob path result for ./data/scene_datasets/hm3d/test/00918-NQX2SZD1TMJ/*.basis.scene_instance.json
[11:37:19:528463]:[Metadata] AttributesManagerBase.h(357)::buildAttrSrcPathsFromJSONAndLoad : No Glob path result for ./data/scene_datasets/hm3d/test/00921-nhtTwUrWv7v/*.basis.scene_instance.json
[11:37:19:528469]:[Metadata] AttributesManagerBase.h(357)::buildAttrSrcPathsFromJSONAndLoad : No Glob path result for ./data/scene_datasets/hm3d/test/00925-4QUpJVDQ1DN/*.basis.scene_instance.json
[11:37:19:528475]:[Metadata] AttributesManagerBase.h(357)::buildAttrSrcPathsFromJSONAndLoad : No Glob path result for ./data/scene_datasets/hm3d/test/00926-egVUByjgpHU/*.basis.scene_instance.json
[11:37:19:528481]:[Metadata] AttributesManagerBase.h(357)::buildAttrSrcPathsFromJSONAndLoad : No Glob path result for ./data/scene_datasets/hm3d/test/00927-kucQY8TbKkz/*.basis.scene_instance.json
[11:37:19:528487]:[Metadata] AttributesManagerBase.h(357)::buildAttrSrcPathsFromJSONAndLoad : No Glob path result for ./data/scene_datasets/hm3d/test/00929-azb2LDaMrGZ/*.basis.scene_instance.json
[11:37:19:528492]:[Metadata] AttributesManagerBase.h(357)::buildAttrSrcPathsFromJSONAndLoad : No Glob path result for ./data/scene_datasets/hm3d/test/00939-VedHjk858Vu/*.basis.scene_instance.json
[11:37:19:528498]:[Metadata] AttributesManagerBase.h(357)::buildAttrSrcPathsFromJSONAndLoad : No Glob path result for ./data/scene_datasets/hm3d/test/00940-oHcTqmvveM7/*.basis.scene_instance.json
[11:37:19:528504]:[Metadata] AttributesManagerBase.h(357)::buildAttrSrcPathsFromJSONAndLoad : No Glob path result for ./data/scene_datasets/hm3d/test/00947-fyZC1Whhj9i/*.basis.scene_instance.json
[11:37:19:528510]:[Metadata] AttributesManagerBase.h(357)::buildAttrSrcPathsFromJSONAndLoad : No Glob path result for ./data/scene_datasets/hm3d/test/00951-RGvKsZAErEk/*.basis.scene_instance.json
[11:37:19:528516]:[Metadata] AttributesManagerBase.h(357)::buildAttrSrcPathsFromJSONAndLoad : No Glob path result for ./data/scene_datasets/hm3d/test/00952-ogAZhviACbN/*.basis.scene_instance.json
[11:37:19:528522]:[Metadata] AttributesManagerBase.h(357)::buildAttrSrcPathsFromJSONAndLoad : No Glob path result for ./data/scene_datasets/hm3d/test/00955-5TxBa2qkcAh/*.basis.scene_instance.json
[11:37:19:528527]:[Metadata] AttributesManagerBase.h(357)::buildAttrSrcPathsFromJSONAndLoad : No Glob path result for ./data/scene_datasets/hm3d/test/00956-oNiVkiFKkAr/*.basis.scene_instance.json
[11:37:19:528533]:[Metadata] AttributesManagerBase.h(357)::buildAttrSrcPathsFromJSONAndLoad : No Glob path result for ./data/scene_datasets/hm3d/test/00957-DowRMDn4MVe/*.basis.scene_instance.json
[11:37:19:528539]:[Metadata] AttributesManagerBase.h(357)::buildAttrSrcPathsFromJSONAndLoad : No Glob path result for ./data/scene_datasets/hm3d/test/00961-dU7KLdn2Kcd/*.basis.scene_instance.json
[11:37:19:528545]:[Metadata] AttributesManagerBase.h(357)::buildAttrSrcPathsFromJSONAndLoad : No Glob path result for ./data/scene_datasets/hm3d/test/00963-awRQoguC7TN/*.basis.scene_instance.json
[11:37:19:528551]:[Metadata] AttributesManagerBase.h(357)::buildAttrSrcPathsFromJSONAndLoad : No Glob path result for ./data/scene_datasets/hm3d/test/00967-XwXCfkthawu/*.basis.scene_instance.json
[11:37:19:528557]:[Metadata] AttributesManagerBase.h(357)::buildAttrSrcPathsFromJSONAndLoad : No Glob path result for ./data/scene_datasets/hm3d/test/00970-kUmc6DP2tff/*.basis.scene_instance.json
[11:37:19:528563]:[Metadata] AttributesManagerBase.h(357)::buildAttrSrcPathsFromJSONAndLoad : No Glob path result for ./data/scene_datasets/hm3d/test/00977-1cQ7WUQgXJ4/*.basis.scene_instance.json
[11:37:19:528569]:[Metadata] AttributesManagerBase.h(357)::buildAttrSrcPathsFromJSONAndLoad : No Glob path result for ./data/scene_datasets/hm3d/test/00978-sZJ5zo6FrEe/*.basis.scene_instance.json
[11:37:19:528575]:[Metadata] AttributesManagerBase.h(357)::buildAttrSrcPathsFromJSONAndLoad : No Glob path result for ./data/scene_datasets/hm3d/test/00981-Rp8JNfstaew/*.basis.scene_instance.json
[11:37:19:528580]:[Metadata] AttributesManagerBase.h(357)::buildAttrSrcPathsFromJSONAndLoad : No Glob path result for ./data/scene_datasets/hm3d/test/00985-3ZJjFFjJKqZ/*.basis.scene_instance.json
[11:37:19:528586]:[Metadata] AttributesManagerBase.h(357)::buildAttrSrcPathsFromJSONAndLoad : No Glob path result for ./data/scene_datasets/hm3d/test/00989-t9gvgFMoH4R/*.basis.scene_instance.json
[11:37:19:528592]:[Metadata] AttributesManagerBase.h(357)::buildAttrSrcPathsFromJSONAndLoad : No Glob path result for ./data/scene_datasets/hm3d/test/00992-G3AqUkGnykx/*.basis.scene_instance.json
[11:37:19:528598]:[Metadata] AttributesManagerBase.h(357)::buildAttrSrcPathsFromJSONAndLoad : No Glob path result for ./data/scene_datasets/hm3d/train/00006-HkseAnWCgqk/*.basis.scene_instance.json
[11:37:19:528604]:[Metadata] AttributesManagerBase.h(357)::buildAttrSrcPathsFromJSONAndLoad : No Glob path result for ./data/scene_datasets/hm3d/train/00009-vLpv2VX547B/*.basis.scene_instance.json
[11:37:19:528610]:[Metadata] AttributesManagerBase.h(357)::buildAttrSrcPathsFromJSONAndLoad : No Glob path result for ./data/scene_datasets/hm3d/train/00016-qk9eeNeR4vw/*.basis.scene_instance.json
[11:37:19:528616]:[Metadata] AttributesManagerBase.h(357)::buildAttrSrcPathsFromJSONAndLoad : No Glob path result for ./data/scene_datasets/hm3d/train/00017-oEPjPNSPmzL/*.basis.scene_instance.json
[11:37:19:528622]:[Metadata] AttributesManagerBase.h(357)::buildAttrSrcPathsFromJSONAndLoad : No Glob path result for ./data/scene_datasets/hm3d/train/00020-XYyR54sxe6b/*.basis.scene_instance.json
[11:37:19:528627]:[Metadata] AttributesManagerBase.h(357)::buildAttrSrcPathsFromJSONAndLoad : No Glob path result for ./data/scene_datasets/hm3d/train/00022-gmuS7Wgsbrx/*.basis.scene_instance.json
[11:37:19:528633]:[Metadata] AttributesManagerBase.h(357)::buildAttrSrcPathsFromJSONAndLoad : No Glob path result for ./data/scene_datasets/hm3d/train/00023-zepmXAdrpjR/*.basis.scene_instance.json
[11:37:19:528639]:[Metadata] AttributesManagerBase.h(357)::buildAttrSrcPathsFromJSONAndLoad : No Glob path result for ./data/scene_datasets/hm3d/train/00025-ixTj1aTMup2/*.basis.scene_instance.json
[11:37:19:528645]:[Metadata] AttributesManagerBase.h(357)::buildAttrSrcPathsFromJSONAndLoad : No Glob path result for ./data/scene_datasets/hm3d/train/00031-Wo6kuutE9i7/*.basis.scene_instance.json
[11:37:19:528651]:[Metadata] AttributesManagerBase.h(357)::buildAttrSrcPathsFromJSONAndLoad : No Glob path result for ./data/scene_datasets/hm3d/train/00033-oPj9qMxrDEa/*.basis.scene_instance.json
[11:37:19:528657]:[Metadata] AttributesManagerBase.h(357)::buildAttrSrcPathsFromJSONAndLoad : No Glob path result for ./data/scene_datasets/hm3d/train/00034-6imZUJGRUq4/*.basis.scene_instance.json
[11:37:19:528662]:[Metadata] AttributesManagerBase.h(357)::buildAttrSrcPathsFromJSONAndLoad : No Glob path result for ./data/scene_datasets/hm3d/train/00035-3XYAD64HpDr/*.basis.scene_instance.json
[11:37:19:528668]:[Metadata] AttributesManagerBase.h(357)::buildAttrSrcPathsFromJSONAndLoad : No Glob path result for ./data/scene_datasets/hm3d/train/00043-Jfyvj3xn2aJ/*.basis.scene_instance.json
[11:37:19:528674]:[Metadata] AttributesManagerBase.h(357)::buildAttrSrcPathsFromJSONAndLoad : No Glob path result for ./data/scene_datasets/hm3d/train/00055-HxmXPBbFCkH/*.basis.scene_instance.json
[11:37:19:528680]:[Metadata] AttributesManagerBase.h(357)::buildAttrSrcPathsFromJSONAndLoad : No Glob path result for ./data/scene_datasets/hm3d/train/00057-1UnKg1rAb8A/*.basis.scene_instance.json
[11:37:19:528685]:[Metadata] AttributesManagerBase.h(357)::buildAttrSrcPathsFromJSONAndLoad : No Glob path result for ./data/scene_datasets/hm3d/train/00059-kJxT5qssH4H/*.basis.scene_instance.json
[11:37:19:528691]:[Metadata] AttributesManagerBase.h(357)::buildAttrSrcPathsFromJSONAndLoad : No Glob path result for ./data/scene_datasets/hm3d/train/00062-ACZZiU6BXLz/*.basis.scene_instance.json
[11:37:19:528697]:[Metadata] AttributesManagerBase.h(357)::buildAttrSrcPathsFromJSONAndLoad : No Glob path result for ./data/scene_datasets/hm3d/train/00064-gQgtJ9Stk5s/*.basis.scene_instance.json
[11:37:19:528703]:[Metadata] AttributesManagerBase.h(357)::buildAttrSrcPathsFromJSONAndLoad : No Glob path result for ./data/scene_datasets/hm3d/train/00081-5biL7VEkByM/*.basis.scene_instance.json
[11:37:19:528709]:[Metadata] AttributesManagerBase.h(357)::buildAttrSrcPathsFromJSONAndLoad : No Glob path result for ./data/scene_datasets/hm3d/train/00087-YY8rqV6L6rf/*.basis.scene_instance.json
[11:37:19:528715]:[Metadata] AttributesManagerBase.h(357)::buildAttrSrcPathsFromJSONAndLoad : No Glob path result for ./data/scene_datasets/hm3d/train/00096-6HRFAUDqpTb/*.basis.scene_instance.json
[11:37:19:528721]:[Metadata] AttributesManagerBase.h(357)::buildAttrSrcPathsFromJSONAndLoad : No Glob path result for ./data/scene_datasets/hm3d/train/00099-226REUyJh2K/*.basis.scene_instance.json
[11:37:19:528727]:[Metadata] AttributesManagerBase.h(357)::buildAttrSrcPathsFromJSONAndLoad : No Glob path result for ./data/scene_datasets/hm3d/train/00105-xWvSkKiWQpC/*.basis.scene_instance.json
[11:37:19:528733]:[Metadata] AttributesManagerBase.h(357)::buildAttrSrcPathsFromJSONAndLoad : No Glob path result for ./data/scene_datasets/hm3d/train/00108-oStKKWkQ1id/*.basis.scene_instance.json
[11:37:19:528738]:[Metadata] AttributesManagerBase.h(357)::buildAttrSrcPathsFromJSONAndLoad : No Glob path result for ./data/scene_datasets/hm3d/train/00109-GTV2Y73Sn5t/*.basis.scene_instance.json
[11:37:19:528745]:[Metadata] AttributesManagerBase.h(357)::buildAttrSrcPathsFromJSONAndLoad : No Glob path result for ./data/scene_datasets/hm3d/train/00135-HeSYRw7eMtG/*.basis.scene_instance.json
[11:37:19:528751]:[Metadata] AttributesManagerBase.h(357)::buildAttrSrcPathsFromJSONAndLoad : No Glob path result for ./data/scene_datasets/hm3d/train/00141-iigzG1rtanx/*.basis.scene_instance.json
[11:37:19:528756]:[Metadata] AttributesManagerBase.h(357)::buildAttrSrcPathsFromJSONAndLoad : No Glob path result for ./data/scene_datasets/hm3d/train/00143-5Kw4nGdqYtS/*.basis.scene_instance.json
[11:37:19:528763]:[Metadata] AttributesManagerBase.h(357)::buildAttrSrcPathsFromJSONAndLoad : No Glob path result for ./data/scene_datasets/hm3d/train/00149-UuwwmrTsfBN/*.basis.scene_instance.json
[11:37:19:528768]:[Metadata] AttributesManagerBase.h(357)::buildAttrSrcPathsFromJSONAndLoad : No Glob path result for ./data/scene_datasets/hm3d/train/00150-LcAd9dhvVwh/*.basis.scene_instance.json
[11:37:19:528774]:[Metadata] AttributesManagerBase.h(357)::buildAttrSrcPathsFromJSONAndLoad : No Glob path result for ./data/scene_datasets/hm3d/train/00155-iLDo95ZbDJq/*.basis.scene_instance.json
[11:37:19:528780]:[Metadata] AttributesManagerBase.h(357)::buildAttrSrcPathsFromJSONAndLoad : No Glob path result for ./data/scene_datasets/hm3d/train/00164-XfUxBGTFQQb/*.basis.scene_instance.json
[11:37:19:528785]:[Metadata] AttributesManagerBase.h(357)::buildAttrSrcPathsFromJSONAndLoad : No Glob path result for ./data/scene_datasets/hm3d/train/00166-RaYrxWt5pR1/*.basis.scene_instance.json
[11:37:19:528791]:[Metadata] AttributesManagerBase.h(357)::buildAttrSrcPathsFromJSONAndLoad : No Glob path result for ./data/scene_datasets/hm3d/train/00168-bHKTDQFJxTw/*.basis.scene_instance.json
[11:37:19:528797]:[Metadata] AttributesManagerBase.h(357)::buildAttrSrcPathsFromJSONAndLoad : No Glob path result for ./data/scene_datasets/hm3d/train/00172-bB6nKqfsb1z/*.basis.scene_instance.json
[11:37:19:528803]:[Metadata] AttributesManagerBase.h(357)::buildAttrSrcPathsFromJSONAndLoad : No Glob path result for ./data/scene_datasets/hm3d/train/00173-qZ4B7U6XE5Y/*.basis.scene_instance.json
[11:37:19:528809]:[Metadata] AttributesManagerBase.h(357)::buildAttrSrcPathsFromJSONAndLoad : No Glob path result for ./data/scene_datasets/hm3d/train/00177-VSxVP19Cdyw/*.basis.scene_instance.json
[11:37:19:528814]:[Metadata] AttributesManagerBase.h(357)::buildAttrSrcPathsFromJSONAndLoad : No Glob path result for ./data/scene_datasets/hm3d/train/00179-MVVzj944atG/*.basis.scene_instance.json
[11:37:19:528820]:[Metadata] AttributesManagerBase.h(357)::buildAttrSrcPathsFromJSONAndLoad : No Glob path result for ./data/scene_datasets/hm3d/train/00188-dQrLTxHvLXU/*.basis.scene_instance.json
[11:37:19:528826]:[Metadata] AttributesManagerBase.h(357)::buildAttrSrcPathsFromJSONAndLoad : No Glob path result for ./data/scene_datasets/hm3d/train/00203-VoVGtfYrpuQ/*.basis.scene_instance.json
[11:37:19:528832]:[Metadata] AttributesManagerBase.h(357)::buildAttrSrcPathsFromJSONAndLoad : No Glob path result for ./data/scene_datasets/hm3d/train/00205-NEVASPhcrxR/*.basis.scene_instance.json
[11:37:19:528837]:[Metadata] AttributesManagerBase.h(357)::buildAttrSrcPathsFromJSONAndLoad : No Glob path result for ./data/scene_datasets/hm3d/train/00207-FRQ75PjD278/*.basis.scene_instance.json
[11:37:19:528843]:[Metadata] AttributesManagerBase.h(357)::buildAttrSrcPathsFromJSONAndLoad : No Glob path result for ./data/scene_datasets/hm3d/train/00210-j2EJhFEQGCL/*.basis.scene_instance.json
[11:37:19:528849]:[Metadata] AttributesManagerBase.h(357)::buildAttrSrcPathsFromJSONAndLoad : No Glob path result for ./data/scene_datasets/hm3d/train/00217-qz3829g1Lzf/*.basis.scene_instance.json
[11:37:19:528855]:[Metadata] AttributesManagerBase.h(357)::buildAttrSrcPathsFromJSONAndLoad : No Glob path result for ./data/scene_datasets/hm3d/train/00222-g8Xrdbe9fir/*.basis.scene_instance.json
[11:37:19:528861]:[Metadata] AttributesManagerBase.h(357)::buildAttrSrcPathsFromJSONAndLoad : No Glob path result for ./data/scene_datasets/hm3d/train/00234-nACV8wLu1u5/*.basis.scene_instance.json
[11:37:19:528867]:[Metadata] AttributesManagerBase.h(357)::buildAttrSrcPathsFromJSONAndLoad : No Glob path result for ./data/scene_datasets/hm3d/train/00238-j6fHrce9pHR/*.basis.scene_instance.json
[11:37:19:528873]:[Metadata] AttributesManagerBase.h(357)::buildAttrSrcPathsFromJSONAndLoad : No Glob path result for ./data/scene_datasets/hm3d/train/00241-h6nwVLpAKQz/*.basis.scene_instance.json
[11:37:19:528878]:[Metadata] AttributesManagerBase.h(357)::buildAttrSrcPathsFromJSONAndLoad : No Glob path result for ./data/scene_datasets/hm3d/train/00245-741Fdj7NLF9/*.basis.scene_instance.json
[11:37:19:528884]:[Metadata] AttributesManagerBase.h(357)::buildAttrSrcPathsFromJSONAndLoad : No Glob path result for ./data/scene_datasets/hm3d/train/00250-U3oQjwTuMX8/*.basis.scene_instance.json
[11:37:19:528890]:[Metadata] AttributesManagerBase.h(357)::buildAttrSrcPathsFromJSONAndLoad : No Glob path result for ./data/scene_datasets/hm3d/train/00251-wsAYBFtQaL7/*.basis.scene_instance.json
[11:37:19:528896]:[Metadata] AttributesManagerBase.h(357)::buildAttrSrcPathsFromJSONAndLoad : No Glob path result for ./data/scene_datasets/hm3d/train/00254-YMNvYDhK8mB/*.basis.scene_instance.json
[11:37:19:528902]:[Metadata] AttributesManagerBase.h(357)::buildAttrSrcPathsFromJSONAndLoad : No Glob path result for ./data/scene_datasets/hm3d/train/00255-NGyoyh91xXJ/*.basis.scene_instance.json
[11:37:19:528907]:[Metadata] AttributesManagerBase.h(357)::buildAttrSrcPathsFromJSONAndLoad : No Glob path result for ./data/scene_datasets/hm3d/train/00256-92vYG1q49FY/*.basis.scene_instance.json
[11:37:19:528913]:[Metadata] AttributesManagerBase.h(357)::buildAttrSrcPathsFromJSONAndLoad : No Glob path result for ./data/scene_datasets/hm3d/train/00258-2Pc8W48bu21/*.basis.scene_instance.json
[11:37:19:528919]:[Metadata] AttributesManagerBase.h(357)::buildAttrSrcPathsFromJSONAndLoad : No Glob path result for ./data/scene_datasets/hm3d/train/00261-fK2vEV32Lag/*.basis.scene_instance.json
[11:37:19:528925]:[Metadata] AttributesManagerBase.h(357)::buildAttrSrcPathsFromJSONAndLoad : No Glob path result for ./data/scene_datasets/hm3d/train/00262-1xGrZPxG1Hz/*.basis.scene_instance.json
[11:37:19:528931]:[Metadata] AttributesManagerBase.h(357)::buildAttrSrcPathsFromJSONAndLoad : No Glob path result for ./data/scene_datasets/hm3d/train/00263-GGBvSFddQgs/*.basis.scene_instance.json
[11:37:19:528937]:[Metadata] AttributesManagerBase.h(357)::buildAttrSrcPathsFromJSONAndLoad : No Glob path result for ./data/scene_datasets/hm3d/train/00267-gQ3xxshDiCz/*.basis.scene_instance.json
[11:37:19:528942]:[Metadata] AttributesManagerBase.h(357)::buildAttrSrcPathsFromJSONAndLoad : No Glob path result for ./data/scene_datasets/hm3d/train/00269-JNiWU5TZLtt/*.basis.scene_instance.json
[11:37:19:528948]:[Metadata] AttributesManagerBase.h(357)::buildAttrSrcPathsFromJSONAndLoad : No Glob path result for ./data/scene_datasets/hm3d/train/00272-kA2nG18hCAr/*.basis.scene_instance.json
[11:37:19:528954]:[Metadata] AttributesManagerBase.h(357)::buildAttrSrcPathsFromJSONAndLoad : No Glob path result for ./data/scene_datasets/hm3d/train/00294-PPTLa8SkUfo/*.basis.scene_instance.json
[11:37:19:528960]:[Metadata] AttributesManagerBase.h(357)::buildAttrSrcPathsFromJSONAndLoad : No Glob path result for ./data/scene_datasets/hm3d/train/00299-bdp1XNEdvmW/*.basis.scene_instance.json
[11:37:19:528966]:[Metadata] AttributesManagerBase.h(357)::buildAttrSrcPathsFromJSONAndLoad : No Glob path result for ./data/scene_datasets/hm3d/train/00304-X6Pct1msZv5/*.basis.scene_instance.json
[11:37:19:528972]:[Metadata] AttributesManagerBase.h(357)::buildAttrSrcPathsFromJSONAndLoad : No Glob path result for ./data/scene_datasets/hm3d/train/00307-vDfkYo5VqEQ/*.basis.scene_instance.json
[11:37:19:528978]:[Metadata] AttributesManagerBase.h(357)::buildAttrSrcPathsFromJSONAndLoad : No Glob path result for ./data/scene_datasets/hm3d/train/00313-PE6kVEtrxtj/*.basis.scene_instance.json
[11:37:19:528983]:[Metadata] AttributesManagerBase.h(357)::buildAttrSrcPathsFromJSONAndLoad : No Glob path result for ./data/scene_datasets/hm3d/train/00323-yHLr6bvWsVm/*.basis.scene_instance.json
[11:37:19:528990]:[Metadata] AttributesManagerBase.h(357)::buildAttrSrcPathsFromJSONAndLoad : No Glob path result for ./data/scene_datasets/hm3d/train/00324-DoSbsoo4EAg/*.basis.scene_instance.json
[11:37:19:528996]:[Metadata] AttributesManagerBase.h(357)::buildAttrSrcPathsFromJSONAndLoad : No Glob path result for ./data/scene_datasets/hm3d/train/00326-u9rPN5cHWBg/*.basis.scene_instance.json
[11:37:19:529001]:[Metadata] AttributesManagerBase.h(357)::buildAttrSrcPathsFromJSONAndLoad : No Glob path result for ./data/scene_datasets/hm3d/train/00327-xgLmjqzoAzF/*.basis.scene_instance.json
[11:37:19:529007]:[Metadata] AttributesManagerBase.h(357)::buildAttrSrcPathsFromJSONAndLoad : No Glob path result for ./data/scene_datasets/hm3d/train/00330-WhNyDTnd9g5/*.basis.scene_instance.json
[11:37:19:529013]:[Metadata] AttributesManagerBase.h(357)::buildAttrSrcPathsFromJSONAndLoad : No Glob path result for ./data/scene_datasets/hm3d/train/00366-fxbzYAGkrtm/*.basis.scene_instance.json
[11:37:19:529019]:[Metadata] AttributesManagerBase.h(357)::buildAttrSrcPathsFromJSONAndLoad : No Glob path result for ./data/scene_datasets/hm3d/train/00378-DqJKU7YU7dA/*.basis.scene_instance.json
[11:37:19:529025]:[Metadata] AttributesManagerBase.h(357)::buildAttrSrcPathsFromJSONAndLoad : No Glob path result for ./data/scene_datasets/hm3d/train/00382-S7uMvxjBVZq/*.basis.scene_instance.json
[11:37:19:529031]:[Metadata] AttributesManagerBase.h(357)::buildAttrSrcPathsFromJSONAndLoad : No Glob path result for ./data/scene_datasets/hm3d/train/00384-ceJTwFNjqCt/*.basis.scene_instance.json
[11:37:19:529037]:[Metadata] AttributesManagerBase.h(357)::buildAttrSrcPathsFromJSONAndLoad : No Glob path result for ./data/scene_datasets/hm3d/train/00386-b3WpMbPFB6q/*.basis.scene_instance.json
[11:37:19:529043]:[Metadata] AttributesManagerBase.h(357)::buildAttrSrcPathsFromJSONAndLoad : No Glob path result for ./data/scene_datasets/hm3d/train/00388-pcpn6mFqFCg/*.basis.scene_instance.json
[11:37:19:529049]:[Metadata] AttributesManagerBase.h(357)::buildAttrSrcPathsFromJSONAndLoad : No Glob path result for ./data/scene_datasets/hm3d/train/00397-ZNanfzgCdm3/*.basis.scene_instance.json
[11:37:19:529055]:[Metadata] AttributesManagerBase.h(357)::buildAttrSrcPathsFromJSONAndLoad : No Glob path result for ./data/scene_datasets/hm3d/train/00401-H8rQCnvBgo6/*.basis.scene_instance.json
[11:37:19:529060]:[Metadata] AttributesManagerBase.h(357)::buildAttrSrcPathsFromJSONAndLoad : No Glob path result for ./data/scene_datasets/hm3d/train/00404-QN2dRqwd84J/*.basis.scene_instance.json
[11:37:19:529066]:[Metadata] AttributesManagerBase.h(357)::buildAttrSrcPathsFromJSONAndLoad : No Glob path result for ./data/scene_datasets/hm3d/train/00407-NPHxDe6VeCc/*.basis.scene_instance.json
[11:37:19:529072]:[Metadata] AttributesManagerBase.h(357)::buildAttrSrcPathsFromJSONAndLoad : No Glob path result for ./data/scene_datasets/hm3d/train/00410-v7DzfFFEpsD/*.basis.scene_instance.json
[11:37:19:529080]:[Metadata] AttributesManagerBase.h(357)::buildAttrSrcPathsFromJSONAndLoad : No Glob path result for ./data/scene_datasets/hm3d/train/00414-77mMEyxhs44/*.basis.scene_instance.json
[11:37:19:529085]:[Metadata] AttributesManagerBase.h(357)::buildAttrSrcPathsFromJSONAndLoad : No Glob path result for ./data/scene_datasets/hm3d/train/00417-nGhNxKrgBPb/*.basis.scene_instance.json
[11:37:19:529090]:[Metadata] AttributesManagerBase.h(357)::buildAttrSrcPathsFromJSONAndLoad : No Glob path result for ./data/scene_datasets/hm3d/train/00422-8wJuSPJ9FXG/*.basis.scene_instance.json
[11:37:19:529094]:[Metadata] AttributesManagerBase.h(357)::buildAttrSrcPathsFromJSONAndLoad : No Glob path result for ./data/scene_datasets/hm3d/train/00434-L5QEsaVqwrY/*.basis.scene_instance.json
[11:37:19:529097]:[Metadata] AttributesManagerBase.h(357)::buildAttrSrcPathsFromJSONAndLoad : No Glob path result for ./data/scene_datasets/hm3d/train/00440-wPLokgvCnuk/*.basis.scene_instance.json
[11:37:19:529101]:[Metadata] AttributesManagerBase.h(357)::buildAttrSrcPathsFromJSONAndLoad : No Glob path result for ./data/scene_datasets/hm3d/train/00444-sX9xad6ULKc/*.basis.scene_instance.json
[11:37:19:529104]:[Metadata] AttributesManagerBase.h(357)::buildAttrSrcPathsFromJSONAndLoad : No Glob path result for ./data/scene_datasets/hm3d/train/00463-URjpCob8MGw/*.basis.scene_instance.json
[11:37:19:529107]:[Metadata] AttributesManagerBase.h(357)::buildAttrSrcPathsFromJSONAndLoad : No Glob path result for ./data/scene_datasets/hm3d/train/00466-xAHnY3QzFUN/*.basis.scene_instance.json
[11:37:19:529111]:[Metadata] AttributesManagerBase.h(357)::buildAttrSrcPathsFromJSONAndLoad : No Glob path result for ./data/scene_datasets/hm3d/train/00475-g7hUFVNac26/*.basis.scene_instance.json
[11:37:19:529114]:[Metadata] AttributesManagerBase.h(357)::buildAttrSrcPathsFromJSONAndLoad : No Glob path result for ./data/scene_datasets/hm3d/train/00476-NtnvZSMK3en/*.basis.scene_instance.json
[11:37:19:529118]:[Metadata] AttributesManagerBase.h(357)::buildAttrSrcPathsFromJSONAndLoad : No Glob path result for ./data/scene_datasets/hm3d/train/00487-erXNfWVjqZ8/*.basis.scene_instance.json
[11:37:19:529121]:[Metadata] AttributesManagerBase.h(357)::buildAttrSrcPathsFromJSONAndLoad : No Glob path result for ./data/scene_datasets/hm3d/train/00495-CQWES1bawee/*.basis.scene_instance.json
[11:37:19:529125]:[Metadata] AttributesManagerBase.h(357)::buildAttrSrcPathsFromJSONAndLoad : No Glob path result for ./data/scene_datasets/hm3d/train/00506-QVAA6zecMHu/*.basis.scene_instance.json
[11:37:19:529128]:[Metadata] AttributesManagerBase.h(357)::buildAttrSrcPathsFromJSONAndLoad : No Glob path result for ./data/scene_datasets/hm3d/train/00508-4vwGX7U38Ux/*.basis.scene_instance.json
[11:37:19:529132]:[Metadata] AttributesManagerBase.h(357)::buildAttrSrcPathsFromJSONAndLoad : No Glob path result for ./data/scene_datasets/hm3d/train/00525-iKFn6fzyRqs/*.basis.scene_instance.json
[11:37:19:529135]:[Metadata] AttributesManagerBase.h(357)::buildAttrSrcPathsFromJSONAndLoad : No Glob path result for ./data/scene_datasets/hm3d/train/00529-W9YAR9qcuvN/*.basis.scene_instance.json
[11:37:19:529138]:[Metadata] AttributesManagerBase.h(357)::buildAttrSrcPathsFromJSONAndLoad : No Glob path result for ./data/scene_datasets/hm3d/train/00534-DBBESbk4Y3k/*.basis.scene_instance.json
[11:37:19:529142]:[Metadata] AttributesManagerBase.h(357)::buildAttrSrcPathsFromJSONAndLoad : No Glob path result for ./data/scene_datasets/hm3d/train/00537-oahi4u45xMf/*.basis.scene_instance.json
[11:37:19:529145]:[Metadata] AttributesManagerBase.h(357)::buildAttrSrcPathsFromJSONAndLoad : No Glob path result for ./data/scene_datasets/hm3d/train/00538-3CBBjsNkhqW/*.basis.scene_instance.json
[11:37:19:529148]:[Metadata] AttributesManagerBase.h(357)::buildAttrSrcPathsFromJSONAndLoad : No Glob path result for ./data/scene_datasets/hm3d/train/00539-zUG6FL9TYeR/*.basis.scene_instance.json
[11:37:19:529152]:[Metadata] AttributesManagerBase.h(357)::buildAttrSrcPathsFromJSONAndLoad : No Glob path result for ./data/scene_datasets/hm3d/train/00541-FnDDfrBZPhh/*.basis.scene_instance.json
[11:37:19:529155]:[Metadata] AttributesManagerBase.h(357)::buildAttrSrcPathsFromJSONAndLoad : No Glob path result for ./data/scene_datasets/hm3d/train/00546-nS8T59Aw3sf/*.basis.scene_instance.json
[11:37:19:529158]:[Metadata] AttributesManagerBase.h(357)::buildAttrSrcPathsFromJSONAndLoad : No Glob path result for ./data/scene_datasets/hm3d/train/00547-9h5JJxM6E5S/*.basis.scene_instance.json
[11:37:19:529162]:[Metadata] AttributesManagerBase.h(357)::buildAttrSrcPathsFromJSONAndLoad : No Glob path result for ./data/scene_datasets/hm3d/train/00557-fRZhp6vWGw7/*.basis.scene_instance.json
[11:37:19:529165]:[Metadata] AttributesManagerBase.h(357)::buildAttrSrcPathsFromJSONAndLoad : No Glob path result for ./data/scene_datasets/hm3d/train/00560-gjhYih4upQ9/*.basis.scene_instance.json
[11:37:19:529169]:[Metadata] AttributesManagerBase.h(357)::buildAttrSrcPathsFromJSONAndLoad : No Glob path result for ./data/scene_datasets/hm3d/train/00567-KjZrPggnHm8/*.basis.scene_instance.json
[11:37:19:529172]:[Metadata] AttributesManagerBase.h(357)::buildAttrSrcPathsFromJSONAndLoad : No Glob path result for ./data/scene_datasets/hm3d/train/00569-YJDUB7hWg9h/*.basis.scene_instance.json
[11:37:19:529176]:[Metadata] AttributesManagerBase.h(357)::buildAttrSrcPathsFromJSONAndLoad : No Glob path result for ./data/scene_datasets/hm3d/train/00582-TYDavTf8oyy/*.basis.scene_instance.json
[11:37:19:529179]:[Metadata] AttributesManagerBase.h(357)::buildAttrSrcPathsFromJSONAndLoad : No Glob path result for ./data/scene_datasets/hm3d/train/00590-qgZhhx1MpTi/*.basis.scene_instance.json
[11:37:19:529183]:[Metadata] AttributesManagerBase.h(357)::buildAttrSrcPathsFromJSONAndLoad : No Glob path result for ./data/scene_datasets/hm3d/train/00591-JptJPosx1Z6/*.basis.scene_instance.json
[11:37:19:529186]:[Metadata] AttributesManagerBase.h(357)::buildAttrSrcPathsFromJSONAndLoad : No Glob path result for ./data/scene_datasets/hm3d/train/00592-CthA7sQNTPK/*.basis.scene_instance.json
[11:37:19:529189]:[Metadata] AttributesManagerBase.h(357)::buildAttrSrcPathsFromJSONAndLoad : No Glob path result for ./data/scene_datasets/hm3d/train/00598-mt9H8KcxRKD/*.basis.scene_instance.json
[11:37:19:529193]:[Metadata] AttributesManagerBase.h(357)::buildAttrSrcPathsFromJSONAndLoad : No Glob path result for ./data/scene_datasets/hm3d/train/00606-W16Bm4ysK8v/*.basis.scene_instance.json
[11:37:19:529196]:[Metadata] AttributesManagerBase.h(357)::buildAttrSrcPathsFromJSONAndLoad : No Glob path result for ./data/scene_datasets/hm3d/train/00612-GsQBY83r3hb/*.basis.scene_instance.json
[11:37:19:529199]:[Metadata] AttributesManagerBase.h(357)::buildAttrSrcPathsFromJSONAndLoad : No Glob path result for ./data/scene_datasets/hm3d/train/00619-R9fYpvCUkV7/*.basis.scene_instance.json
[11:37:19:529203]:[Metadata] AttributesManagerBase.h(357)::buildAttrSrcPathsFromJSONAndLoad : No Glob path result for ./data/scene_datasets/hm3d/train/00624-ooq3SnvC79d/*.basis.scene_instance.json
[11:37:19:529206]:[Metadata] AttributesManagerBase.h(357)::buildAttrSrcPathsFromJSONAndLoad : No Glob path result for ./data/scene_datasets/hm3d/train/00626-XiJhRLvpKpX/*.basis.scene_instance.json
[11:37:19:529210]:[Metadata] AttributesManagerBase.h(357)::buildAttrSrcPathsFromJSONAndLoad : No Glob path result for ./data/scene_datasets/hm3d/train/00638-iePHCSf119p/*.basis.scene_instance.json
[11:37:19:529213]:[Metadata] AttributesManagerBase.h(357)::buildAttrSrcPathsFromJSONAndLoad : No Glob path result for ./data/scene_datasets/hm3d/train/00643-ggNAcMh8JPT/*.basis.scene_instance.json
[11:37:19:529217]:[Metadata] AttributesManagerBase.h(357)::buildAttrSrcPathsFromJSONAndLoad : No Glob path result for ./data/scene_datasets/hm3d/train/00657-TSJmdttd2GV/*.basis.scene_instance.json
[11:37:19:529220]:[Metadata] AttributesManagerBase.h(357)::buildAttrSrcPathsFromJSONAndLoad : No Glob path result for ./data/scene_datasets/hm3d/train/00662-aRKASs4e8j1/*.basis.scene_instance.json
[11:37:19:529224]:[Metadata] AttributesManagerBase.h(357)::buildAttrSrcPathsFromJSONAndLoad : No Glob path result for ./data/scene_datasets/hm3d/train/00664-u5atqC7vRCY/*.basis.scene_instance.json
[11:37:19:529227]:[Metadata] AttributesManagerBase.h(357)::buildAttrSrcPathsFromJSONAndLoad : No Glob path result for ./data/scene_datasets/hm3d/train/00668-6YtDG3FhNvx/*.basis.scene_instance.json
[11:37:19:529230]:[Metadata] AttributesManagerBase.h(357)::buildAttrSrcPathsFromJSONAndLoad : No Glob path result for ./data/scene_datasets/hm3d/train/00669-DNWbUAJYsPy/*.basis.scene_instance.json
[11:37:19:529234]:[Metadata] AttributesManagerBase.h(357)::buildAttrSrcPathsFromJSONAndLoad : No Glob path result for ./data/scene_datasets/hm3d/train/00680-YmWinf3mhb5/*.basis.scene_instance.json
[11:37:19:529237]:[Metadata] AttributesManagerBase.h(357)::buildAttrSrcPathsFromJSONAndLoad : No Glob path result for ./data/scene_datasets/hm3d/train/00685-ENiCjXWB6aQ/*.basis.scene_instance.json
[11:37:19:529240]:[Metadata] AttributesManagerBase.h(357)::buildAttrSrcPathsFromJSONAndLoad : No Glob path result for ./data/scene_datasets/hm3d/train/00688-SgkmkWjjmDJ/*.basis.scene_instance.json
[11:37:19:529244]:[Metadata] AttributesManagerBase.h(357)::buildAttrSrcPathsFromJSONAndLoad : No Glob path result for ./data/scene_datasets/hm3d/train/00696-DsEJeNPcZtE/*.basis.scene_instance.json
[11:37:19:529247]:[Metadata] AttributesManagerBase.h(357)::buildAttrSrcPathsFromJSONAndLoad : No Glob path result for ./data/scene_datasets/hm3d/train/00706-YHmAkqgwe2p/*.basis.scene_instance.json
[11:37:19:529250]:[Metadata] AttributesManagerBase.h(357)::buildAttrSrcPathsFromJSONAndLoad : No Glob path result for ./data/scene_datasets/hm3d/train/00707-XVSZJAtHKdi/*.basis.scene_instance.json
[11:37:19:529254]:[Metadata] AttributesManagerBase.h(357)::buildAttrSrcPathsFromJSONAndLoad : No Glob path result for ./data/scene_datasets/hm3d/train/00712-HZ2iMMBsBQ9/*.basis.scene_instance.json
[11:37:19:529257]:[Metadata] AttributesManagerBase.h(357)::buildAttrSrcPathsFromJSONAndLoad : No Glob path result for ./data/scene_datasets/hm3d/train/00720-8B43pG641ff/*.basis.scene_instance.json
[11:37:19:529261]:[Metadata] AttributesManagerBase.h(357)::buildAttrSrcPathsFromJSONAndLoad : No Glob path result for ./data/scene_datasets/hm3d/train/00723-hWDDQnSDMXb/*.basis.scene_instance.json
[11:37:19:529264]:[Metadata] AttributesManagerBase.h(357)::buildAttrSrcPathsFromJSONAndLoad : No Glob path result for ./data/scene_datasets/hm3d/train/00732-Z2DQddYp1fn/*.basis.scene_instance.json
[11:37:19:529268]:[Metadata] AttributesManagerBase.h(357)::buildAttrSrcPathsFromJSONAndLoad : No Glob path result for ./data/scene_datasets/hm3d/train/00733-GtM3JtRvvvR/*.basis.scene_instance.json
[11:37:19:529271]:[Metadata] AttributesManagerBase.h(357)::buildAttrSrcPathsFromJSONAndLoad : No Glob path result for ./data/scene_datasets/hm3d/train/00738-GPyDUnjwZQy/*.basis.scene_instance.json
[11:37:19:529275]:[Metadata] AttributesManagerBase.h(357)::buildAttrSrcPathsFromJSONAndLoad : No Glob path result for ./data/scene_datasets/hm3d/train/00741-w8GiikYuFRk/*.basis.scene_instance.json
[11:37:19:529278]:[Metadata] AttributesManagerBase.h(357)::buildAttrSrcPathsFromJSONAndLoad : No Glob path result for ./data/scene_datasets/hm3d/train/00744-1S7LAXRdDqK/*.basis.scene_instance.json
[11:37:19:529281]:[Metadata] AttributesManagerBase.h(357)::buildAttrSrcPathsFromJSONAndLoad : No Glob path result for ./data/scene_datasets/hm3d/train/00745-yX5efd48dLf/*.basis.scene_instance.json
[11:37:19:529285]:[Metadata] AttributesManagerBase.h(357)::buildAttrSrcPathsFromJSONAndLoad : No Glob path result for ./data/scene_datasets/hm3d/train/00746-RTV2n6fXB2w/*.basis.scene_instance.json
[11:37:19:529288]:[Metadata] AttributesManagerBase.h(357)::buildAttrSrcPathsFromJSONAndLoad : No Glob path result for ./data/scene_datasets/hm3d/train/00750-E1NrAhMoqvB/*.basis.scene_instance.json
[11:37:19:529291]:[Metadata] AttributesManagerBase.h(357)::buildAttrSrcPathsFromJSONAndLoad : No Glob path result for ./data/scene_datasets/hm3d/train/00757-LVgQNuK8vtv/*.basis.scene_instance.json
[11:37:19:529295]:[Metadata] AttributesManagerBase.h(357)::buildAttrSrcPathsFromJSONAndLoad : No Glob path result for ./data/scene_datasets/hm3d/train/00758-HfMobPm86Xn/*.basis.scene_instance.json
[11:37:19:529302]:[Metadata] AttributesManagerBase.h(357)::buildAttrSrcPathsFromJSONAndLoad : No Glob path result for ./data/scene_datasets/hm3d/val/00800-TEEsavR23oF/*.basis.scene_instance.json
[11:37:19:529310]:[Metadata] AttributesManagerBase.h(357)::buildAttrSrcPathsFromJSONAndLoad : No Glob path result for ./data/scene_datasets/hm3d/val/00802-wcojb4TFT35/*.basis.scene_instance.json
[11:37:19:529316]:[Metadata] AttributesManagerBase.h(357)::buildAttrSrcPathsFromJSONAndLoad : No Glob path result for ./data/scene_datasets/hm3d/val/00803-k1cupFYWXJ6/*.basis.scene_instance.json
[11:37:19:529322]:[Metadata] AttributesManagerBase.h(357)::buildAttrSrcPathsFromJSONAndLoad : No Glob path result for ./data/scene_datasets/hm3d/val/00808-y9hTuugGdiq/*.basis.scene_instance.json
[11:37:19:529328]:[Metadata] AttributesManagerBase.h(357)::buildAttrSrcPathsFromJSONAndLoad : No Glob path result for ./data/scene_datasets/hm3d/val/00810-CrMo8WxCyVb/*.basis.scene_instance.json
[11:37:19:529336]:[Metadata] AttributesManagerBase.h(357)::buildAttrSrcPathsFromJSONAndLoad : No Glob path result for ./data/scene_datasets/hm3d/val/00813-svBbv1Pavdk/*.basis.scene_instance.json
[11:37:19:529343]:[Metadata] AttributesManagerBase.h(357)::buildAttrSrcPathsFromJSONAndLoad : No Glob path result for ./data/scene_datasets/hm3d/val/00814-p53SfW6mjZe/*.basis.scene_instance.json
[11:37:19:529349]:[Metadata] AttributesManagerBase.h(357)::buildAttrSrcPathsFromJSONAndLoad : No Glob path result for ./data/scene_datasets/hm3d/val/00815-h1zeeAwLh9Z/*.basis.scene_instance.json
[11:37:19:529355]:[Metadata] AttributesManagerBase.h(357)::buildAttrSrcPathsFromJSONAndLoad : No Glob path result for ./data/scene_datasets/hm3d/val/00820-mL8ThkuaVTM/*.basis.scene_instance.json
[11:37:19:529362]:[Metadata] AttributesManagerBase.h(357)::buildAttrSrcPathsFromJSONAndLoad : No Glob path result for ./data/scene_datasets/hm3d/val/00821-eF36g7L6Z9M/*.basis.scene_instance.json
[11:37:19:529368]:[Metadata] AttributesManagerBase.h(357)::buildAttrSrcPathsFromJSONAndLoad : No Glob path result for ./data/scene_datasets/hm3d/val/00823-7MXmsvcQjpJ/*.basis.scene_instance.json
[11:37:19:529374]:[Metadata] AttributesManagerBase.h(357)::buildAttrSrcPathsFromJSONAndLoad : No Glob path result for ./data/scene_datasets/hm3d/val/00824-Dd4bFSTQ8gi/*.basis.scene_instance.json
[11:37:19:529381]:[Metadata] AttributesManagerBase.h(357)::buildAttrSrcPathsFromJSONAndLoad : No Glob path result for ./data/scene_datasets/hm3d/val/00827-BAbdmeyTvMZ/*.basis.scene_instance.json
[11:37:19:529387]:[Metadata] AttributesManagerBase.h(357)::buildAttrSrcPathsFromJSONAndLoad : No Glob path result for ./data/scene_datasets/hm3d/val/00829-QaLdnwvtxbs/*.basis.scene_instance.json
[11:37:19:529393]:[Metadata] AttributesManagerBase.h(357)::buildAttrSrcPathsFromJSONAndLoad : No Glob path result for ./data/scene_datasets/hm3d/val/00831-yr17PDCnDDW/*.basis.scene_instance.json
[11:37:19:529399]:[Metadata] AttributesManagerBase.h(357)::buildAttrSrcPathsFromJSONAndLoad : No Glob path result for ./data/scene_datasets/hm3d/val/00832-qyAac8rV8Zk/*.basis.scene_instance.json
[11:37:19:529405]:[Metadata] AttributesManagerBase.h(357)::buildAttrSrcPathsFromJSONAndLoad : No Glob path result for ./data/scene_datasets/hm3d/val/00835-q3zU7Yy5E5s/*.basis.scene_instance.json
[11:37:19:529411]:[Metadata] AttributesManagerBase.h(357)::buildAttrSrcPathsFromJSONAndLoad : No Glob path result for ./data/scene_datasets/hm3d/val/00839-zt1RVoi7PcG/*.basis.scene_instance.json
[11:37:19:529417]:[Metadata] AttributesManagerBase.h(357)::buildAttrSrcPathsFromJSONAndLoad : No Glob path result for ./data/scene_datasets/hm3d/val/00843-DYehNKdT76V/*.basis.scene_instance.json
[11:37:19:529423]:[Metadata] AttributesManagerBase.h(357)::buildAttrSrcPathsFromJSONAndLoad : No Glob path result for ./data/scene_datasets/hm3d/val/00844-q5QZSEeHe5g/*.basis.scene_instance.json
[11:37:19:529430]:[Metadata] AttributesManagerBase.h(357)::buildAttrSrcPathsFromJSONAndLoad : No Glob path result for ./data/scene_datasets/hm3d/val/00847-bCPU9suPUw9/*.basis.scene_instance.json
[11:37:19:529436]:[Metadata] AttributesManagerBase.h(357)::buildAttrSrcPathsFromJSONAndLoad : No Glob path result for ./data/scene_datasets/hm3d/val/00848-ziup5kvtCCR/*.basis.scene_instance.json
[11:37:19:529442]:[Metadata] AttributesManagerBase.h(357)::buildAttrSrcPathsFromJSONAndLoad : No Glob path result for ./data/scene_datasets/hm3d/val/00849-a8BtkwhxdRV/*.basis.scene_instance.json
[11:37:19:529449]:[Metadata] AttributesManagerBase.h(357)::buildAttrSrcPathsFromJSONAndLoad : No Glob path result for ./data/scene_datasets/hm3d/val/00853-5cdEh9F2hJL/*.basis.scene_instance.json
[11:37:19:529455]:[Metadata] AttributesManagerBase.h(357)::buildAttrSrcPathsFromJSONAndLoad : No Glob path result for ./data/scene_datasets/hm3d/val/00861-GLAQ4DNUx5U/*.basis.scene_instance.json
[11:37:19:529461]:[Metadata] AttributesManagerBase.h(357)::buildAttrSrcPathsFromJSONAndLoad : No Glob path result for ./data/scene_datasets/hm3d/val/00862-LT9Jq6dN3Ea/*.basis.scene_instance.json
[11:37:19:529467]:[Metadata] AttributesManagerBase.h(357)::buildAttrSrcPathsFromJSONAndLoad : No Glob path result for ./data/scene_datasets/hm3d/val/00869-MHPLjHsuG27/*.basis.scene_instance.json
[11:37:19:529473]:[Metadata] AttributesManagerBase.h(357)::buildAttrSrcPathsFromJSONAndLoad : No Glob path result for ./data/scene_datasets/hm3d/val/00871-VBzV5z6i1WS/*.basis.scene_instance.json
[11:37:19:529479]:[Metadata] AttributesManagerBase.h(357)::buildAttrSrcPathsFromJSONAndLoad : No Glob path result for ./data/scene_datasets/hm3d/val/00873-bxsVRursffK/*.basis.scene_instance.json
[11:37:19:529485]:[Metadata] AttributesManagerBase.h(357)::buildAttrSrcPathsFromJSONAndLoad : No Glob path result for ./data/scene_datasets/hm3d/val/00876-mv2HUxq3B53/*.basis.scene_instance.json
[11:37:19:529492]:[Metadata] AttributesManagerBase.h(357)::buildAttrSrcPathsFromJSONAndLoad : No Glob path result for ./data/scene_datasets/hm3d/val/00877-4ok3usBNeis/*.basis.scene_instance.json
[11:37:19:529498]:[Metadata] AttributesManagerBase.h(357)::buildAttrSrcPathsFromJSONAndLoad : No Glob path result for ./data/scene_datasets/hm3d/val/00878-XB4GS9ShBRE/*.basis.scene_instance.json
[11:37:19:529504]:[Metadata] AttributesManagerBase.h(357)::buildAttrSrcPathsFromJSONAndLoad : No Glob path result for ./data/scene_datasets/hm3d/val/00880-Nfvxx8J5NCo/*.basis.scene_instance.json
[11:37:19:529510]:[Metadata] AttributesManagerBase.h(357)::buildAttrSrcPathsFromJSONAndLoad : No Glob path result for ./data/scene_datasets/hm3d/val/00890-6s7QHgap2fW/*.basis.scene_instance.json
[11:37:19:529516]:[Metadata] AttributesManagerBase.h(357)::buildAttrSrcPathsFromJSONAndLoad : No Glob path result for ./data/scene_datasets/hm3d/val/00891-cvZr5TUy5C5/*.basis.scene_instance.json
[11:37:19:529522]:[Metadata] AttributesManagerBase.h(357)::buildAttrSrcPathsFromJSONAndLoad : No Glob path result for ./data/scene_datasets/hm3d/val/00894-HY1NcmCgn3n/*.basis.scene_instance.json
[11:37:19:529525]:[Metadata] AttributesManagerBase.h(360)::buildAttrSrcPathsFromJSONAndLoad : <Scene Instance>:221paths specified in JSON doc forScene Instancetemplates.
[11:37:19:529532]:[Metadata] SceneDatasetAttributesManager.cpp(37)::createObject : JSON Configuration File (./data/scene_datasets/hm3d/hm3d_annotated_basis.scene_dataset_config.json) based dataset attributes created  and registered.
[11:37:19:529534]:[Metadata] MetadataMediator.cpp(120)::createSceneDataset : Dataset ./data/scene_datasets/hm3d/hm3d_annotated_basis.scene_dataset_config.json successfully created.
[11:37:19:529538]:[Metadata] MetadataMediator.cpp(217)::setActiveSceneDatasetName : Attempt to create new dataset ./data/scene_datasets/hm3d/hm3d_annotated_basis.scene_dataset_config.json   succeeded. Currently active dataset : ./data/scene_datasets/hm3d/hm3d_annotated_basis.scene_dataset_config.json
[11:37:19:529541]:[Metadata] MetadataMediator.cpp(175)::setCurrPhysicsAttributesHandle : Old physics manager attributes  changed to ./data/default.physics_config.json successfully.
[11:37:19:529545]:[Metadata] MetadataMediator.cpp(66)::setSimulatorConfiguration : Set new simulator config for scene/stage : data/scene_datasets/hm3d/val/00800-TEEsavR23oF/TEEsavR23oF.basis.glb and dataset : ./data/scene_datasets/hm3d/hm3d_annotated_basis.scene_dataset_config.json which is currently active dataset.
Renderer: NVIDIA GeForce RTX 5060 Ti/PCIe/SSE2 by NVIDIA Corporation
OpenGL version: 4.6.0 NVIDIA 590.48.01
Using optional features:
    GL_ARB_vertex_array_object
    GL_ARB_separate_shader_objects
    GL_ARB_robustness
    GL_ARB_texture_storage
    GL_ARB_texture_view
    GL_ARB_framebuffer_no_attachments
    GL_ARB_invalidate_subdata
    GL_ARB_texture_storage_multisample
    GL_ARB_multi_bind
    GL_ARB_direct_state_access
    GL_ARB_get_texture_sub_image
    GL_ARB_texture_filter_anisotropic
    GL_KHR_debug
    GL_KHR_parallel_shader_compile
    GL_NV_depth_buffer_float
Using driver workarounds:
    no-forward-compatible-core-context
    nv-egl-incorrect-gl11-function-pointers
    no-layout-qualifiers-on-old-glsl
    nv-zero-context-profile-mask
    nv-implementation-color-read-format-dsa-broken
    nv-cubemap-inconsistent-compressed-image-size
    nv-cubemap-broken-full-compressed-image-query
    nv-compressed-block-size-in-bits
[11:37:19:591434]:[Metadata] MetadataMediator.cpp(279)::getSceneInstanceAttributesByName : No existing scene instance attributes containing name data/scene_datasets/hm3d/val/00800-TEEsavR23oF/TEEsavR23oF.basis.glb found in Dataset : ./data/scene_datasets/hm3d/hm3d_annotated_basis.scene_dataset_config.json but 1 StageAttributes found.  Using ./data/scene_datasets/hm3d/val/00800-TEEsavR23oF/TEEsavR23oF.basis.glb as stage and to construct a SceneInstanceAttributes with same name that will be added to Dataset.
[11:37:19:591481]:[Metadata] SceneDatasetAttributes.cpp(47)::addNewSceneInstanceToDataset : Dataset : 'hm3d_annotated_basis' : Stage Attributes './data/scene_datasets/hm3d/val/00800-TEEsavR23oF/TEEsavR23oF.basis.glb' specified in Scene Attributes exists in dataset library.
[11:37:19:591485]:[Metadata] SceneDatasetAttributes.cpp(84)::addNewSceneInstanceToDataset : Dataset : 'hm3d_annotated_basis' : Lighting Layout Attributes 'no_lights' specified in Scene Attributes but does not exist in dataset, so creating.
[11:37:19:591490]:[Metadata] AttributesManagerBase.h(380)::createFromJsonOrDefaultInternal : <Lighting Layout>: Proposing JSON name : no_lights.lighting_config.json from original name : no_lights| This file does not exist.
[11:37:19:591497]:[Metadata] LightLayoutAttributesManager.cpp(38)::createObject : File (no_lights) not found, so new default light layout attributes created and registered.
[11:37:19:591504]:[Sim] Simulator.cpp(235)::createSceneInstance : Navmesh file location in scene instance : ./data/scene_datasets/hm3d/val/00800-TEEsavR23oF/TEEsavR23oF.basis.navmesh
[11:37:19:591513]:[Sim] Simulator.cpp(240)::createSceneInstance : Loading navmesh from ./data/scene_datasets/hm3d/val/00800-TEEsavR23oF/TEEsavR23oF.basis.navmesh
[11:37:19:591577]:[Sim] Simulator.cpp(242)::createSceneInstance : Navmesh Loaded.
[11:37:19:591590]:[Scene] SceneGraph.h(85)::createDrawableGroup : Created DrawableGroup: 
[11:37:19:591596]:[Assets] ResourceManager.cpp(308)::loadSemanticSceneDescriptor : SceneInstance : data/scene_datasets/hm3d/val/00800-TEEsavR23oF/TEEsavR23oF.basis.glb proposed Semantic Scene Descriptor filename : ./data/scene_datasets/hm3d/val/00800-TEEsavR23oF/TEEsavR23oF.semantic.txt
[11:37:19:592313]:[Assets] ResourceManager.cpp(319)::loadSemanticSceneDescriptor : SSD with SceneInstanceAttributes-provided name  ./data/scene_datasets/hm3d/val/00800-TEEsavR23oF/TEEsavR23oF.semantic.txt successfully found and loaded
[11:37:19:592327]:[Assets] ResourceManager.cpp(1666)::configureImporterManagerGLExtensions : Importing Basis files as BC7.
[11:37:19:592435]:[Sim] Simulator.cpp(309)::createSceneInstance : Using scene instance-specified Light key : - no_lights -
[11:37:19:592441]:[Metadata] MetadataMediator.cpp(66)::setSimulatorConfiguration : Set new simulator config for scene/stage : data/scene_datasets/hm3d/val/00800-TEEsavR23oF/TEEsavR23oF.basis.glb and dataset : ./data/scene_datasets/hm3d/hm3d_annotated_basis.scene_dataset_config.json which is currently active dataset.
[11:37:19:592458]:[Sim] Simulator.cpp(419)::instanceStageForSceneAttributes : Start to load stage named : ./data/scene_datasets/hm3d/val/00800-TEEsavR23oF/TEEsavR23oF.basis.glb with render asset : ./data/scene_datasets/hm3d/val/00800-TEEsavR23oF/TEEsavR23oF.basis.glb and collision asset : ./data/scene_datasets/hm3d/val/00800-TEEsavR23oF/TEEsavR23oF.basis.glb
[11:37:19:592476]:[Assets] ResourceManager.cpp(702)::createStageAssetInfosFromAttributes : Frame :{"up":[0,0,1],"front":[0,1,0],"origin":[0,0,0]} for render mesh named : ./data/scene_datasets/hm3d/val/00800-TEEsavR23oF/TEEsavR23oF.basis.glb|{"up":[0,0,1],"front":[0,1,0],"origin":[0,0,0]} for semantic mesh named : ./data/scene_datasets/hm3d/val/00800-TEEsavR23oF/TEEsavR23oF.semantic.glb with type specified as semantic|Semantic Txtrs : True
[11:37:19:592483]:[Assets] ResourceManager.cpp(442)::loadStage : Loading Semantic Stage mesh : ./data/scene_datasets/hm3d/val/00800-TEEsavR23oF/TEEsavR23oF.semantic.glb
[11:37:19:592486]:[Scene] SceneGraph.h(85)::createDrawableGroup : Created DrawableGroup: 
[11:37:19:592490]:[Assets] ResourceManager.cpp(984)::loadStageInternal : Attempting to load stage ./data/scene_datasets/hm3d/val/00800-TEEsavR23oF/TEEsavR23oF.semantic.glb 
[11:37:19:592495]:[Assets] ResourceManager.cpp(863)::loadRenderAsset : Loading Semantic Mesh asset named: ./data/scene_datasets/hm3d/val/00800-TEEsavR23oF/TEEsavR23oF.semantic.glb
[11:37:19:592497]:[Assets] ResourceManager.cpp(1666)::configureImporterManagerGLExtensions : Importing Basis files as BC7.
[11:37:21:215447]:[Assets] ResourceManager.cpp(2105)::loadMaterials : Building 41 materials for asset named 'TEEsavR23oF.semantic.glb' : 
[11:37:21:260102]:[Assets] ResourceManager.cpp(475)::loadStage : Semantic Stage mesh : ./data/scene_datasets/hm3d/val/00800-TEEsavR23oF/TEEsavR23oF.semantic.glb loaded.
[11:37:21:260125]:[Assets] ResourceManager.cpp(518)::loadStage : Start load render asset ./data/scene_datasets/hm3d/val/00800-TEEsavR23oF/TEEsavR23oF.basis.glb .
[11:37:21:260129]:[Assets] ResourceManager.cpp(984)::loadStageInternal : Attempting to load stage ./data/scene_datasets/hm3d/val/00800-TEEsavR23oF/TEEsavR23oF.basis.glb 
[11:37:21:260136]:[Assets] ResourceManager.cpp(866)::loadRenderAsset : Loading general asset named: ./data/scene_datasets/hm3d/val/00800-TEEsavR23oF/TEEsavR23oF.basis.glb
[11:37:21:260140]:[Assets] ResourceManager.cpp(1666)::configureImporterManagerGLExtensions : Importing Basis files as BC7.
[11:37:21:993014]:[Assets] ResourceManager.cpp(2105)::loadMaterials : Building 41 materials for asset named 'TEEsavR23oF.basis.glb' : 
[11:37:21:993059]:[Assets] ResourceManager.cpp(2210)::loadMaterials : Idx 00:Flat.
[11:37:21:993067]:[Assets] ResourceManager.cpp(2210)::loadMaterials : Idx 01:Flat.
[11:37:21:993072]:[Assets] ResourceManager.cpp(2210)::loadMaterials : Idx 02:Flat.
[11:37:21:993079]:[Assets] ResourceManager.cpp(2210)::loadMaterials : Idx 03:Flat.
[11:37:21:993084]:[Assets] ResourceManager.cpp(2210)::loadMaterials : Idx 04:Flat.
[11:37:21:993088]:[Assets] ResourceManager.cpp(2210)::loadMaterials : Idx 05:Flat.
[11:37:21:993094]:[Assets] ResourceManager.cpp(2210)::loadMaterials : Idx 06:Flat.
[11:37:21:993099]:[Assets] ResourceManager.cpp(2210)::loadMaterials : Idx 07:Flat.
[11:37:21:993103]:[Assets] ResourceManager.cpp(2210)::loadMaterials : Idx 08:Flat.
[11:37:21:993108]:[Assets] ResourceManager.cpp(2210)::loadMaterials : Idx 09:Flat.
[11:37:21:993112]:[Assets] ResourceManager.cpp(2210)::loadMaterials : Idx 10:Flat.
[11:37:21:993117]:[Assets] ResourceManager.cpp(2210)::loadMaterials : Idx 11:Flat.
[11:37:21:993122]:[Assets] ResourceManager.cpp(2210)::loadMaterials : Idx 12:Flat.
[11:37:21:993126]:[Assets] ResourceManager.cpp(2210)::loadMaterials : Idx 13:Flat.
[11:37:21:993130]:[Assets] ResourceManager.cpp(2210)::loadMaterials : Idx 14:Flat.
[11:37:21:993135]:[Assets] ResourceManager.cpp(2210)::loadMaterials : Idx 15:Flat.
[11:37:21:993142]:[Assets] ResourceManager.cpp(2210)::loadMaterials : Idx 16:Flat.
[11:37:21:993147]:[Assets] ResourceManager.cpp(2210)::loadMaterials : Idx 17:Flat.
[11:37:21:993151]:[Assets] ResourceManager.cpp(2210)::loadMaterials : Idx 18:Flat.
[11:37:21:993157]:[Assets] ResourceManager.cpp(2210)::loadMaterials : Idx 19:Flat.
[11:37:21:993163]:[Assets] ResourceManager.cpp(2210)::loadMaterials : Idx 20:Flat.
[11:37:21:993169]:[Assets] ResourceManager.cpp(2210)::loadMaterials : Idx 21:Flat.
[11:37:21:993175]:[Assets] ResourceManager.cpp(2210)::loadMaterials : Idx 22:Flat.
[11:37:21:993183]:[Assets] ResourceManager.cpp(2210)::loadMaterials : Idx 23:Flat.
[11:37:21:993191]:[Assets] ResourceManager.cpp(2210)::loadMaterials : Idx 24:Flat.
[11:37:21:993198]:[Assets] ResourceManager.cpp(2210)::loadMaterials : Idx 25:Flat.
[11:37:21:993202]:[Assets] ResourceManager.cpp(2210)::loadMaterials : Idx 26:Flat.
[11:37:21:993207]:[Assets] ResourceManager.cpp(2210)::loadMaterials : Idx 27:Flat.
[11:37:21:993211]:[Assets] ResourceManager.cpp(2210)::loadMaterials : Idx 28:Flat.
[11:37:21:993215]:[Assets] ResourceManager.cpp(2210)::loadMaterials : Idx 29:Flat.
[11:37:21:993219]:[Assets] ResourceManager.cpp(2210)::loadMaterials : Idx 30:Flat.
[11:37:21:993224]:[Assets] ResourceManager.cpp(2210)::loadMaterials : Idx 31:Flat.
[11:37:21:993228]:[Assets] ResourceManager.cpp(2210)::loadMaterials : Idx 32:Flat.
[11:37:21:993232]:[Assets] ResourceManager.cpp(2210)::loadMaterials : Idx 33:Flat.
[11:37:21:993237]:[Assets] ResourceManager.cpp(2210)::loadMaterials : Idx 34:Flat.
[11:37:21:993242]:[Assets] ResourceManager.cpp(2210)::loadMaterials : Idx 35:Flat.
[11:37:21:993248]:[Assets] ResourceManager.cpp(2210)::loadMaterials : Idx 36:Flat.
[11:37:21:993255]:[Assets] ResourceManager.cpp(2210)::loadMaterials : Idx 37:Flat.
[11:37:21:993261]:[Assets] ResourceManager.cpp(2210)::loadMaterials : Idx 38:Flat.
[11:37:21:993267]:[Assets] ResourceManager.cpp(2210)::loadMaterials : Idx 39:Flat.
[11:37:21:993273]:[Assets] ResourceManager.cpp(2210)::loadMaterials : Idx 40:Flat.
[11:37:22:058468]:[Sim] Simulator.cpp(446)::instanceStageForSceneAttributes : Successfully loaded stage named : ./data/scene_datasets/hm3d/val/00800-TEEsavR23oF/TEEsavR23oF.basis.glb
[11:37:22:058510]:[Sim] Simulator.cpp(203)::reconfigure : CreateSceneInstance success == true for active scene name : data/scene_datasets/hm3d/val/00800-TEEsavR23oF/TEEsavR23oF.basis.glb  with renderer.
[11:37:22:068931]:[Nav] PathFinder.cpp(571)::build : Building navmesh with 332 x 223 cells
[11:37:22:140897]:[Nav] PathFinder.cpp(845)::build : Created navmesh with 344 vertices 168 polygons
[11:37:22:140931]:[Sim] Simulator.cpp(908)::recomputeNavMesh : reconstruct navmesh successful
2026-04-13 11:37:22,142 Initializing task ObjectNav-v1
2026-04-13 11:37:22,523 agent number of parameters: 0
  0%|          | 0/30 [00:00<?, ?it/s]BLIP2ITMClient.cosine: (480, 640, 3), Seems like there is a toilet ahead.
Step: 0 | Mode: initialize | Action: 2
BLIP2ITMClient.cosine: (480, 640, 3), Seems like there is a toilet ahead.
Step: 1 | Mode: initialize | Action: 2
BLIP2ITMClient.cosine: (480, 640, 3), Seems like there is a toilet ahead.
Step: 2 | Mode: initialize | Action: 2
BLIP2ITMClient.cosine: (480, 640, 3), Seems like there is a toilet ahead.
Step: 3 | Mode: initialize | Action: 2
BLIP2ITMClient.cosine: (480, 640, 3), Seems like there is a toilet ahead.
Step: 4 | Mode: initialize | Action: 2
BLIP2ITMClient.cosine: (480, 640, 3), Seems like there is a toilet ahead.
Step: 5 | Mode: initialize | Action: 2
BLIP2ITMClient.cosine: (480, 640, 3), Seems like there is a toilet ahead.
Step: 6 | Mode: initialize | Action: 2
BLIP2ITMClient.cosine: (480, 640, 3), Seems like there is a toilet ahead.
Step: 7 | Mode: initialize | Action: 2
BLIP2ITMClient.cosine: (480, 640, 3), Seems like there is a toilet ahead.
Step: 8 | Mode: initialize | Action: 2
BLIP2ITMClient.cosine: (480, 640, 3), Seems like there is a toilet ahead.
Step: 9 | Mode: initialize | Action: 2
BLIP2ITMClient.cosine: (480, 640, 3), Seems like there is a toilet ahead.
Step: 10 | Mode: initialize | Action: 2
BLIP2ITMClient.cosine: (480, 640, 3), Seems like there is a toilet ahead.
Step: 11 | Mode: initialize | Action: 2
BLIP2ITMClient.cosine: (480, 640, 3), Seems like there is a toilet ahead.
Best value: 20.13%
Step: 12 | Mode: explore | Action: 3
BLIP2ITMClient.cosine: (480, 640, 3), Seems like there is a toilet ahead.
Sticking to last point.
Best value: 20.13%
Step: 13 | Mode: explore | Action: 3
BLIP2ITMClient.cosine: (480, 640, 3), Seems like there is a toilet ahead.
Sticking to last point.
Best value: 20.13%
Step: 14 | Mode: explore | Action: 3
BLIP2ITMClient.cosine: (480, 640, 3), Seems like there is a toilet ahead.
Sticking to last point.
Best value: 20.13%
Step: 15 | Mode: explore | Action: 3
BLIP2ITMClient.cosine: (480, 640, 3), Seems like there is a toilet ahead.
Sticking to last point.
Best value: 20.13%
Step: 16 | Mode: explore | Action: 3
BLIP2ITMClient.cosine: (480, 640, 3), Seems like there is a toilet ahead.
Sticking to last point.
Best value: 20.13%
Step: 17 | Mode: explore | Action: 3
BLIP2ITMClient.cosine: (480, 640, 3), Seems like there is a toilet ahead.
Sticking to last point.
Best value: 20.01%
Step: 18 | Mode: explore | Action: 1
BLIP2ITMClient.cosine: (480, 640, 3), Seems like there is a toilet ahead.
Sticking to last point.
Best value: 20.05%
Step: 19 | Mode: explore | Action: 1
BLIP2ITMClient.cosine: (480, 640, 3), Seems like there is a toilet ahead.
Sticking to last point.
Best value: 20.76%
Step: 20 | Mode: explore | Action: 1
BLIP2ITMClient.cosine: (480, 640, 3), Seems like there is a toilet ahead.
Best value: 19.67%
Step: 21 | Mode: explore | Action: 3
BLIP2ITMClient.cosine: (480, 640, 3), Seems like there is a toilet ahead.
Sticking to last point.
Best value: 19.88%
Step: 22 | Mode: explore | Action: 1
BLIP2ITMClient.cosine: (480, 640, 3), Seems like there is a toilet ahead.
Sticking to last point.
Best value: 19.11%
Step: 23 | Mode: explore | Action: 1
BLIP2ITMClient.cosine: (480, 640, 3), Seems like there is a toilet ahead.
Sticking to last point.
Best value: 19.64%
Step: 24 | Mode: explore | Action: 1
BLIP2ITMClient.cosine: (480, 640, 3), Seems like there is a toilet ahead.
Sticking to last point.
Best value: 19.15%
Step: 25 | Mode: explore | Action: 2
BLIP2ITMClient.cosine: (480, 640, 3), Seems like there is a toilet ahead.
Sticking to last point.
Best value: 21.48%
Step: 26 | Mode: explore | Action: 1
BLIP2ITMClient.cosine: (480, 640, 3), Seems like there is a toilet ahead.
Sticking to last point.
Best value: 23.40%
Step: 27 | Mode: explore | Action: 1
BLIP2ITMClient.cosine: (480, 640, 3), Seems like there is a toilet ahead.
Sticking to last point.
Best value: 25.05%
Step: 28 | Mode: explore | Action: 1
BLIP2ITMClient.cosine: (480, 640, 3), Seems like there is a toilet ahead.
Sticking to last point.
Best value: 25.81%
Step: 29 | Mode: explore | Action: 1
BLIP2ITMClient.cosine: (480, 640, 3), Seems like there is a toilet ahead.
Sticking to last point.
Best value: 26.61%
Step: 30 | Mode: explore | Action: 1
BLIP2ITMClient.cosine: (480, 640, 3), Seems like there is a toilet ahead.
Sticking to last point.
Best value: 27.08%
Step: 31 | Mode: explore | Action: 1
BLIP2ITMClient.cosine: (480, 640, 3), Seems like there is a toilet ahead.
Best value: 25.87%
Step: 32 | Mode: explore | Action: 2
BLIP2ITMClient.cosine: (480, 640, 3), Seems like there is a toilet ahead.
Sticking to last point.
Best value: 27.05%
Step: 33 | Mode: explore | Action: 1
BLIP2ITMClient.cosine: (480, 640, 3), Seems like there is a toilet ahead.
Best value: 24.81%
Step: 34 | Mode: explore | Action: 1
BLIP2ITMClient.cosine: (480, 640, 3), Seems like there is a toilet ahead.
Sticking to last point.
Best value: 27.09%
Step: 35 | Mode: explore | Action: 1
BLIP2ITMClient.cosine: (480, 640, 3), Seems like there is a toilet ahead.
Sticking to last point.
Best value: 27.09%
Step: 36 | Mode: explore | Action: 2
BLIP2ITMClient.cosine: (480, 640, 3), Seems like there is a toilet ahead.
Sticking to last point.
Best value: 27.65%
Step: 37 | Mode: explore | Action: 1
BLIP2ITMClient.cosine: (480, 640, 3), Seems like there is a toilet ahead.
Sticking to last point.
Best value: 27.15%
Step: 38 | Mode: explore | Action: 2
BLIP2ITMClient.cosine: (480, 640, 3), Seems like there is a toilet ahead.
Sticking to last point.
Best value: 28.85%
Step: 39 | Mode: explore | Action: 2
BLIP2ITMClient.cosine: (480, 640, 3), Seems like there is a toilet ahead.
Best value: 27.53%
Step: 40 | Mode: explore | Action: 2
BLIP2ITMClient.cosine: (480, 640, 3), Seems like there is a toilet ahead.
Sticking to last point.
Best value: 27.29%
Step: 41 | Mode: explore | Action: 1
BLIP2ITMClient.cosine: (480, 640, 3), Seems like there is a toilet ahead.
Sticking to last point.
Best value: 26.90%
Step: 42 | Mode: explore | Action: 3
BLIP2ITMClient.cosine: (480, 640, 3), Seems like there is a toilet ahead.
Sticking to last point.
Best value: 26.42%
Step: 43 | Mode: explore | Action: 3
BLIP2ITMClient.cosine: (480, 640, 3), Seems like there is a toilet ahead.
Sticking to last point.
Best value: 26.57%
Step: 44 | Mode: explore | Action: 1
BLIP2ITMClient.cosine: (480, 640, 3), Seems like there is a toilet ahead.
Sticking to last point.
Best value: 26.57%
Step: 45 | Mode: explore | Action: 1
BLIP2ITMClient.cosine: (480, 640, 3), Seems like there is a toilet ahead.
Sticking to last point.
Best value: 26.57%
Step: 46 | Mode: explore | Action: 2
BLIP2ITMClient.cosine: (480, 640, 3), Seems like there is a toilet ahead.
Sticking to last point.
Best value: 27.85%
Step: 47 | Mode: explore | Action: 2
BLIP2ITMClient.cosine: (480, 640, 3), Seems like there is a toilet ahead.
Best value: 26.34%
Step: 48 | Mode: explore | Action: 1
BLIP2ITMClient.cosine: (480, 640, 3), Seems like there is a toilet ahead.
Best value: 23.00%
Step: 49 | Mode: explore | Action: 1
BLIP2ITMClient.cosine: (480, 640, 3), Seems like there is a toilet ahead.
Sticking to last point.
Best value: 23.48%
Step: 50 | Mode: explore | Action: 1
BLIP2ITMClient.cosine: (480, 640, 3), Seems like there is a toilet ahead.
Sticking to last point.
Best value: 24.18%
Step: 51 | Mode: explore | Action: 2
BLIP2ITMClient.cosine: (480, 640, 3), Seems like there is a toilet ahead.
Sticking to last point.
Best value: 24.18%
Step: 52 | Mode: explore | Action: 1
BLIP2ITMClient.cosine: (480, 640, 3), Seems like there is a toilet ahead.
Sticking to last point.
Best value: 24.18%
Step: 53 | Mode: explore | Action: 3
BLIP2ITMClient.cosine: (480, 640, 3), Seems like there is a toilet ahead.
Sticking to last point.
Best value: 24.17%
Step: 54 | Mode: explore | Action: 3
BLIP2ITMClient.cosine: (480, 640, 3), Seems like there is a toilet ahead.
Best value: 22.74%
Step: 55 | Mode: explore | Action: 3
BLIP2ITMClient.cosine: (480, 640, 3), Seems like there is a toilet ahead.
Step: 56 | Mode: navigate | Action: 2
BLIP2ITMClient.cosine: (480, 640, 3), Seems like there is a toilet ahead.
Step: 57 | Mode: navigate | Action: 1
  3%|▎         | 1/30 [00:19<09:35, 19.84s/it]BLIP2ITMClient.cosine: (480, 640, 3), Seems like there is a toilet ahead.
Step: 58 | Mode: navigate | Action: 0
Success rate: 100.00% (1 out of 1)
Logging episode 0005 to results/pilot/vlfm_original_jsons/5_TEEsavR23oF.json
BLIP2ITMClient.cosine: (480, 640, 3), Seems like there is a chair ahead.
Step: 0 | Mode: initialize | Action: 2
BLIP2ITMClient.cosine: (480, 640, 3), Seems like there is a chair ahead.
Step: 1 | Mode: initialize | Action: 2
BLIP2ITMClient.cosine: (480, 640, 3), Seems like there is a chair ahead.
Step: 2 | Mode: initialize | Action: 2
BLIP2ITMClient.cosine: (480, 640, 3), Seems like there is a chair ahead.
Step: 3 | Mode: initialize | Action: 2
BLIP2ITMClient.cosine: (480, 640, 3), Seems like there is a chair ahead.
Step: 4 | Mode: initialize | Action: 2
BLIP2ITMClient.cosine: (480, 640, 3), Seems like there is a chair ahead.
Step: 5 | Mode: initialize | Action: 2
BLIP2ITMClient.cosine: (480, 640, 3), Seems like there is a chair ahead.
Step: 6 | Mode: initialize | Action: 2
BLIP2ITMClient.cosine: (480, 640, 3), Seems like there is a chair ahead.
Step: 7 | Mode: initialize | Action: 2
BLIP2ITMClient.cosine: (480, 640, 3), Seems like there is a chair ahead.
Step: 8 | Mode: initialize | Action: 2
BLIP2ITMClient.cosine: (480, 640, 3), Seems like there is a chair ahead.
Step: 9 | Mode: initialize | Action: 2
BLIP2ITMClient.cosine: (480, 640, 3), Seems like there is a chair ahead.
Step: 10 | Mode: initialize | Action: 2
BLIP2ITMClient.cosine: (480, 640, 3), Seems like there is a chair ahead.
Step: 11 | Mode: initialize | Action: 2
BLIP2ITMClient.cosine: (480, 640, 3), Seems like there is a chair ahead.
Best value: 16.89%
Step: 12 | Mode: explore | Action: 2
BLIP2ITMClient.cosine: (480, 640, 3), Seems like there is a chair ahead.
Sticking to last point.
Best value: 16.89%
Step: 13 | Mode: explore | Action: 2
BLIP2ITMClient.cosine: (480, 640, 3), Seems like there is a chair ahead.
Sticking to last point.
Best value: 16.89%
Step: 14 | Mode: explore | Action: 2
BLIP2ITMClient.cosine: (480, 640, 3), Seems like there is a chair ahead.
Sticking to last point.
Best value: 16.89%
Step: 15 | Mode: explore | Action: 2
BLIP2ITMClient.cosine: (480, 640, 3), Seems like there is a chair ahead.
Sticking to last point.
Best value: 16.19%
Step: 16 | Mode: explore | Action: 1
BLIP2ITMClient.cosine: (480, 640, 3), Seems like there is a chair ahead.
Sticking to last point.
Best value: 16.26%
Step: 17 | Mode: explore | Action: 2
BLIP2ITMClient.cosine: (480, 640, 3), Seems like there is a chair ahead.
Sticking to last point.
Best value: 17.60%
Step: 18 | Mode: explore | Action: 1
BLIP2ITMClient.cosine: (480, 640, 3), Seems like there is a chair ahead.
Sticking to last point.
Best value: 18.40%
Step: 19 | Mode: explore | Action: 1
BLIP2ITMClient.cosine: (480, 640, 3), Seems like there is a chair ahead.
Sticking to last point.
Best value: 18.49%
Step: 20 | Mode: explore | Action: 1
BLIP2ITMClient.cosine: (480, 640, 3), Seems like there is a chair ahead.
Sticking to last point.
Best value: 18.56%
Step: 21 | Mode: explore | Action: 1
BLIP2ITMClient.cosine: (480, 640, 3), Seems like there is a chair ahead.
Sticking to last point.
Best value: 17.79%
Step: 22 | Mode: explore | Action: 1
BLIP2ITMClient.cosine: (480, 640, 3), Seems like there is a chair ahead.
Sticking to last point.
Best value: 17.76%
Step: 23 | Mode: explore | Action: 3
BLIP2ITMClient.cosine: (480, 640, 3), Seems like there is a chair ahead.
Sticking to last point.
Best value: 18.01%
Step: 24 | Mode: explore | Action: 3
BLIP2ITMClient.cosine: (480, 640, 3), Seems like there is a chair ahead.
Sticking to last point.
Best value: 18.07%
Step: 25 | Mode: explore | Action: 2
BLIP2ITMClient.cosine: (480, 640, 3), Seems like there is a chair ahead.
Sticking to last point.
Best value: 18.07%
Step: 26 | Mode: explore | Action: 2
BLIP2ITMClient.cosine: (480, 640, 3), Seems like there is a chair ahead.
Sticking to last point.
Best value: 18.06%
Step: 27 | Mode: explore | Action: 2
BLIP2ITMClient.cosine: (480, 640, 3), Seems like there is a chair ahead.
Sticking to last point.
Best value: 18.06%
Step: 28 | Mode: explore | Action: 1
BLIP2ITMClient.cosine: (480, 640, 3), Seems like there is a chair ahead.
Sticking to last point.
Best value: 18.06%
Step: 29 | Mode: explore | Action: 3
BLIP2ITMClient.cosine: (480, 640, 3), Seems like there is a chair ahead.
Sticking to last point.
Best value: 18.06%
Step: 30 | Mode: explore | Action: 3
BLIP2ITMClient.cosine: (480, 640, 3), Seems like there is a chair ahead.
Sticking to last point.
Best value: 18.01%
Step: 31 | Mode: explore | Action: 2
BLIP2ITMClient.cosine: (480, 640, 3), Seems like there is a chair ahead.
Sticking to last point.
Best value: 18.01%
Step: 32 | Mode: explore | Action: 1
BLIP2ITMClient.cosine: (480, 640, 3), Seems like there is a chair ahead.
Sticking to last point.
Best value: 18.01%
Step: 33 | Mode: explore | Action: 1
BLIP2ITMClient.cosine: (480, 640, 3), Seems like there is a chair ahead.
Sticking to last point.
Best value: 18.01%
Step: 34 | Mode: explore | Action: 1
BLIP2ITMClient.cosine: (480, 640, 3), Seems like there is a chair ahead.
Sticking to last point.
Best value: 18.01%
Step: 35 | Mode: explore | Action: 1
BLIP2ITMClient.cosine: (480, 640, 3), Seems like there is a chair ahead.
Sticking to last point.
Best value: 18.01%
Step: 36 | Mode: explore | Action: 3
BLIP2ITMClient.cosine: (480, 640, 3), Seems like there is a chair ahead.
Sticking to last point.
Best value: 18.01%
Step: 37 | Mode: explore | Action: 3
BLIP2ITMClient.cosine: (480, 640, 3), Seems like there is a chair ahead.
Sticking to last point.
Best value: 18.01%
Step: 38 | Mode: explore | Action: 3
BLIP2ITMClient.cosine: (480, 640, 3), Seems like there is a chair ahead.
Sticking to last point.
Best value: 18.01%
Step: 39 | Mode: explore | Action: 3
BLIP2ITMClient.cosine: (480, 640, 3), Seems like there is a chair ahead.
Sticking to last point.
Best value: 17.91%
Step: 40 | Mode: explore | Action: 3
BLIP2ITMClient.cosine: (480, 640, 3), Seems like there is a chair ahead.
Sticking to last point.
Best value: 17.80%
Step: 41 | Mode: explore | Action: 3
BLIP2ITMClient.cosine: (480, 640, 3), Seems like there is a chair ahead.
Sticking to last point.
Best value: 17.80%
Step: 42 | Mode: explore | Action: 1
BLIP2ITMClient.cosine: (480, 640, 3), Seems like there is a chair ahead.
Sticking to last point.
Best value: 17.80%
Step: 43 | Mode: explore | Action: 1
BLIP2ITMClient.cosine: (480, 640, 3), Seems like there is a chair ahead.
Sticking to last point.
Best value: 17.80%
Step: 44 | Mode: explore | Action: 2
BLIP2ITMClient.cosine: (480, 640, 3), Seems like there is a chair ahead.
Sticking to last point.
Best value: 17.80%
Step: 45 | Mode: explore | Action: 3
BLIP2ITMClient.cosine: (480, 640, 3), Seems like there is a chair ahead.
Sticking to last point.
Best value: 17.80%
Step: 46 | Mode: explore | Action: 1
BLIP2ITMClient.cosine: (480, 640, 3), Seems like there is a chair ahead.
Sticking to last point.
Best value: 17.80%
Step: 47 | Mode: explore | Action: 1
BLIP2ITMClient.cosine: (480, 640, 3), Seems like there is a chair ahead.
Sticking to last point.
Best value: 17.80%
Step: 48 | Mode: explore | Action: 2
BLIP2ITMClient.cosine: (480, 640, 3), Seems like there is a chair ahead.
Sticking to last point.
Best value: 17.80%
Step: 49 | Mode: explore | Action: 1
BLIP2ITMClient.cosine: (480, 640, 3), Seems like there is a chair ahead.
Sticking to last point.
Best value: 17.80%
Step: 50 | Mode: explore | Action: 3
BLIP2ITMClient.cosine: (480, 640, 3), Seems like there is a chair ahead.
Sticking to last point.
Best value: 17.80%
Step: 51 | Mode: explore | Action: 1
BLIP2ITMClient.cosine: (480, 640, 3), Seems like there is a chair ahead.
Sticking to last point.
Best value: 17.80%
Step: 52 | Mode: explore | Action: 1
BLIP2ITMClient.cosine: (480, 640, 3), Seems like there is a chair ahead.
Sticking to last point.
Best value: 17.80%
Step: 53 | Mode: explore | Action: 1
BLIP2ITMClient.cosine: (480, 640, 3), Seems like there is a chair ahead.
Sticking to last point.
Best value: 17.80%
Step: 54 | Mode: explore | Action: 1
BLIP2ITMClient.cosine: (480, 640, 3), Seems like there is a chair ahead.
Sticking to last point.
Best value: 17.80%
Step: 55 | Mode: explore | Action: 1
BLIP2ITMClient.cosine: (480, 640, 3), Seems like there is a chair ahead.
Sticking to last point.
Best value: 17.80%
Step: 56 | Mode: explore | Action: 2
BLIP2ITMClient.cosine: (480, 640, 3), Seems like there is a chair ahead.
Sticking to last point.
Best value: 17.80%
Step: 57 | Mode: explore | Action: 1
BLIP2ITMClient.cosine: (480, 640, 3), Seems like there is a chair ahead.
Sticking to last point.
Best value: 17.80%
Step: 58 | Mode: explore | Action: 1
BLIP2ITMClient.cosine: (480, 640, 3), Seems like there is a chair ahead.
Sticking to last point.
Best value: 17.80%
Step: 59 | Mode: explore | Action: 1
BLIP2ITMClient.cosine: (480, 640, 3), Seems like there is a chair ahead.
Sticking to last point.
Best value: 17.80%
Step: 60 | Mode: explore | Action: 1
BLIP2ITMClient.cosine: (480, 640, 3), Seems like there is a chair ahead.
Sticking to last point.
Best value: 17.80%
Step: 61 | Mode: explore | Action: 1
BLIP2ITMClient.cosine: (480, 640, 3), Seems like there is a chair ahead.
Sticking to last point.
Best value: 17.80%
Step: 62 | Mode: explore | Action: 1
BLIP2ITMClient.cosine: (480, 640, 3), Seems like there is a chair ahead.
Sticking to last point.
Best value: 17.80%
Step: 63 | Mode: explore | Action: 2
BLIP2ITMClient.cosine: (480, 640, 3), Seems like there is a chair ahead.
Sticking to last point.
Best value: 17.80%
Step: 64 | Mode: explore | Action: 2
BLIP2ITMClient.cosine: (480, 640, 3), Seems like there is a chair ahead.
Sticking to last point.
Best value: 17.80%
Step: 65 | Mode: explore | Action: 2
BLIP2ITMClient.cosine: (480, 640, 3), Seems like there is a chair ahead.
Sticking to last point.
Best value: 17.80%
Step: 66 | Mode: explore | Action: 2
BLIP2ITMClient.cosine: (480, 640, 3), Seems like there is a chair ahead.
Sticking to last point.
Best value: 17.80%
Step: 67 | Mode: explore | Action: 2
BLIP2ITMClient.cosine: (480, 640, 3), Seems like there is a chair ahead.
Sticking to last point.
Best value: 17.80%
Step: 68 | Mode: explore | Action: 2
BLIP2ITMClient.cosine: (480, 640, 3), Seems like there is a chair ahead.
Sticking to last point.
Best value: 17.80%
Step: 69 | Mode: explore | Action: 1
BLIP2ITMClient.cosine: (480, 640, 3), Seems like there is a chair ahead.
Sticking to last point.
Best value: 17.80%
Step: 70 | Mode: explore | Action: 1
BLIP2ITMClient.cosine: (480, 640, 3), Seems like there is a chair ahead.
Sticking to last point.
Best value: 17.80%
Step: 71 | Mode: explore | Action: 1
BLIP2ITMClient.cosine: (480, 640, 3), Seems like there is a chair ahead.
Sticking to last point.
Best value: 17.78%
Step: 72 | Mode: explore | Action: 1
BLIP2ITMClient.cosine: (480, 640, 3), Seems like there is a chair ahead.
Sticking to last point.
Best value: 17.78%
Step: 73 | Mode: explore | Action: 2
BLIP2ITMClient.cosine: (480, 640, 3), Seems like there is a chair ahead.
Sticking to last point.
Best value: 17.78%
Step: 74 | Mode: explore | Action: 1
BLIP2ITMClient.cosine: (480, 640, 3), Seems like there is a chair ahead.
Sticking to last point.
Best value: 17.78%
Step: 75 | Mode: explore | Action: 3
BLIP2ITMClient.cosine: (480, 640, 3), Seems like there is a chair ahead.
Sticking to last point.
Best value: 17.78%
Step: 76 | Mode: explore | Action: 3
BLIP2ITMClient.cosine: (480, 640, 3), Seems like there is a chair ahead.
Sticking to last point.
Best value: 17.69%
Step: 77 | Mode: explore | Action: 1
BLIP2ITMClient.cosine: (480, 640, 3), Seems like there is a chair ahead.
Sticking to last point.
Best value: 17.79%
Step: 78 | Mode: explore | Action: 1
BLIP2ITMClient.cosine: (480, 640, 3), Seems like there is a chair ahead.
Sticking to last point.
Best value: 18.11%
Step: 79 | Mode: explore | Action: 1
BLIP2ITMClient.cosine: (480, 640, 3), Seems like there is a chair ahead.
Sticking to last point.
Best value: 18.61%
Step: 80 | Mode: explore | Action: 1
BLIP2ITMClient.cosine: (480, 640, 3), Seems like there is a chair ahead.
Sticking to last point.
Best value: 18.76%
Step: 81 | Mode: explore | Action: 1
BLIP2ITMClient.cosine: (480, 640, 3), Seems like there is a chair ahead.
Sticking to last point.
Best value: 18.76%
Step: 82 | Mode: explore | Action: 1
BLIP2ITMClient.cosine: (480, 640, 3), Seems like there is a chair ahead.
Sticking to last point.
Best value: 18.75%
Step: 83 | Mode: explore | Action: 1
BLIP2ITMClient.cosine: (480, 640, 3), Seems like there is a chair ahead.
Sticking to last point.
Best value: 18.75%
Step: 84 | Mode: explore | Action: 3
BLIP2ITMClient.cosine: (480, 640, 3), Seems like there is a chair ahead.
Sticking to last point.
Best value: 18.64%
Step: 85 | Mode: explore | Action: 2
BLIP2ITMClient.cosine: (480, 640, 3), Seems like there is a chair ahead.
Sticking to last point.
Best value: 18.64%
Step: 86 | Mode: explore | Action: 2
BLIP2ITMClient.cosine: (480, 640, 3), Seems like there is a chair ahead.
Sticking to last point.
Best value: 18.64%
Step: 87 | Mode: explore | Action: 1
BLIP2ITMClient.cosine: (480, 640, 3), Seems like there is a chair ahead.
Sticking to last point.
Best value: 18.64%
Step: 88 | Mode: explore | Action: 3
BLIP2ITMClient.cosine: (480, 640, 3), Seems like there is a chair ahead.
Sticking to last point.
Best value: 18.64%
Step: 89 | Mode: explore | Action: 2
BLIP2ITMClient.cosine: (480, 640, 3), Seems like there is a chair ahead.
Sticking to last point.
Best value: 18.64%
Step: 90 | Mode: explore | Action: 1
BLIP2ITMClient.cosine: (480, 640, 3), Seems like there is a chair ahead.
Sticking to last point.
Best value: 18.64%
Step: 91 | Mode: explore | Action: 3
BLIP2ITMClient.cosine: (480, 640, 3), Seems like there is a chair ahead.
Sticking to last point.
Best value: 18.64%
Step: 92 | Mode: explore | Action: 1
BLIP2ITMClient.cosine: (480, 640, 3), Seems like there is a chair ahead.
Sticking to last point.
Best value: 18.64%
Step: 93 | Mode: explore | Action: 1
BLIP2ITMClient.cosine: (480, 640, 3), Seems like there is a chair ahead.
Sticking to last point.
Best value: 18.64%
Step: 94 | Mode: explore | Action: 3
BLIP2ITMClient.cosine: (480, 640, 3), Seems like there is a chair ahead.
Sticking to last point.
Best value: 18.64%
Step: 95 | Mode: explore | Action: 3
BLIP2ITMClient.cosine: (480, 640, 3), Seems like there is a chair ahead.
Sticking to last point.
Best value: 18.64%
Step: 96 | Mode: explore | Action: 3
BLIP2ITMClient.cosine: (480, 640, 3), Seems like there is a chair ahead.
Best value: 14.96%
Step: 97 | Mode: explore | Action: 2
BLIP2ITMClient.cosine: (480, 640, 3), Seems like there is a chair ahead.
Sticking to last point.
Best value: 14.96%
Step: 98 | Mode: explore | Action: 2
BLIP2ITMClient.cosine: (480, 640, 3), Seems like there is a chair ahead.
Sticking to last point.
Best value: 14.96%
Step: 99 | Mode: explore | Action: 2
BLIP2ITMClient.cosine: (480, 640, 3), Seems like there is a chair ahead.
Sticking to last point.
Best value: 14.88%
Step: 100 | Mode: explore | Action: 1
BLIP2ITMClient.cosine: (480, 640, 3), Seems like there is a chair ahead.
Sticking to last point.
Best value: 14.95%
Step: 101 | Mode: explore | Action: 2
BLIP2ITMClient.cosine: (480, 640, 3), Seems like there is a chair ahead.
Sticking to last point.
Best value: 18.40%
Step: 102 | Mode: explore | Action: 1
BLIP2ITMClient.cosine: (480, 640, 3), Seems like there is a chair ahead.
Best value: 16.60%
Step: 103 | Mode: explore | Action: 2
BLIP2ITMClient.cosine: (480, 640, 3), Seems like there is a chair ahead.
Sticking to last point.
Best value: 19.90%
Step: 104 | Mode: explore | Action: 2
BLIP2ITMClient.cosine: (480, 640, 3), Seems like there is a chair ahead.
Sticking to last point.
Best value: 20.98%
Step: 105 | Mode: explore | Action: 1
BLIP2ITMClient.cosine: (480, 640, 3), Seems like there is a chair ahead.
Sticking to last point.
Best value: 22.14%
Step: 106 | Mode: explore | Action: 3
BLIP2ITMClient.cosine: (480, 640, 3), Seems like there is a chair ahead.
Sticking to last point.
Best value: 21.73%
Step: 107 | Mode: explore | Action: 3
BLIP2ITMClient.cosine: (480, 640, 3), Seems like there is a chair ahead.
Sticking to last point.
Best value: 21.51%
Step: 108 | Mode: explore | Action: 1
BLIP2ITMClient.cosine: (480, 640, 3), Seems like there is a chair ahead.
Sticking to last point.
Best value: 21.51%
Step: 109 | Mode: explore | Action: 3
BLIP2ITMClient.cosine: (480, 640, 3), Seems like there is a chair ahead.
Sticking to last point.
Best value: 21.51%
Step: 110 | Mode: explore | Action: 1
BLIP2ITMClient.cosine: (480, 640, 3), Seems like there is a chair ahead.
Sticking to last point.
Best value: 21.74%
Step: 111 | Mode: explore | Action: 2
BLIP2ITMClient.cosine: (480, 640, 3), Seems like there is a chair ahead.
Sticking to last point.
Best value: 21.51%
Step: 112 | Mode: explore | Action: 2
BLIP2ITMClient.cosine: (480, 640, 3), Seems like there is a chair ahead.
Best value: 23.28%
Step: 113 | Mode: explore | Action: 2
BLIP2ITMClient.cosine: (480, 640, 3), Seems like there is a chair ahead.
Sticking to last point.
Best value: 22.34%
Step: 114 | Mode: explore | Action: 2
BLIP2ITMClient.cosine: (480, 640, 3), Seems like there is a chair ahead.
Best value: 20.77%
Step: 115 | Mode: explore | Action: 3
BLIP2ITMClient.cosine: (480, 640, 3), Seems like there is a chair ahead.
Sticking to last point.
Best value: 20.59%
Step: 116 | Mode: explore | Action: 1
BLIP2ITMClient.cosine: (480, 640, 3), Seems like there is a chair ahead.
Sticking to last point.
Best value: 20.05%
Step: 117 | Mode: explore | Action: 1
BLIP2ITMClient.cosine: (480, 640, 3), Seems like there is a chair ahead.
Sticking to last point.
Best value: 20.33%
Step: 118 | Mode: explore | Action: 1
BLIP2ITMClient.cosine: (480, 640, 3), Seems like there is a chair ahead.
Sticking to last point.
Best value: 20.25%
Step: 119 | Mode: explore | Action: 2
BLIP2ITMClient.cosine: (480, 640, 3), Seems like there is a chair ahead.
Sticking to last point.
Best value: 20.28%
Step: 120 | Mode: explore | Action: 2
BLIP2ITMClient.cosine: (480, 640, 3), Seems like there is a chair ahead.
Sticking to last point.
Best value: 20.26%
Step: 121 | Mode: explore | Action: 1
BLIP2ITMClient.cosine: (480, 640, 3), Seems like there is a chair ahead.
Sticking to last point.
Best value: 20.22%
Step: 122 | Mode: explore | Action: 2
BLIP2ITMClient.cosine: (480, 640, 3), Seems like there is a chair ahead.
Sticking to last point.
Best value: 20.22%
Step: 123 | Mode: explore | Action: 1
BLIP2ITMClient.cosine: (480, 640, 3), Seems like there is a chair ahead.
Sticking to last point.
Best value: 20.22%
Step: 124 | Mode: explore | Action: 3
BLIP2ITMClient.cosine: (480, 640, 3), Seems like there is a chair ahead.
Sticking to last point.
Best value: 20.22%
Step: 125 | Mode: explore | Action: 3
BLIP2ITMClient.cosine: (480, 640, 3), Seems like there is a chair ahead.
Sticking to last point.
Best value: 20.22%
Step: 126 | Mode: explore | Action: 1
BLIP2ITMClient.cosine: (480, 640, 3), Seems like there is a chair ahead.
Sticking to last point.
Best value: 20.22%
Step: 127 | Mode: explore | Action: 3
BLIP2ITMClient.cosine: (480, 640, 3), Seems like there is a chair ahead.
Sticking to last point.
Best value: 20.22%
Step: 128 | Mode: explore | Action: 3
BLIP2ITMClient.cosine: (480, 640, 3), Seems like there is a chair ahead.
Best value: 19.38%
Step: 129 | Mode: explore | Action: 2
BLIP2ITMClient.cosine: (480, 640, 3), Seems like there is a chair ahead.
Sticking to last point.
Best value: 19.38%
Step: 130 | Mode: explore | Action: 3
BLIP2ITMClient.cosine: (480, 640, 3), Seems like there is a chair ahead.
Sticking to last point.
Best value: 18.97%
Step: 131 | Mode: explore | Action: 3
BLIP2ITMClient.cosine: (480, 640, 3), Seems like there is a chair ahead.
Best value: 11.38%
Step: 132 | Mode: explore | Action: 2
BLIP2ITMClient.cosine: (480, 640, 3), Seems like there is a chair ahead.
Sticking to last point.
Best value: 11.38%
Step: 133 | Mode: explore | Action: 2
BLIP2ITMClient.cosine: (480, 640, 3), Seems like there is a chair ahead.
Sticking to last point.
Best value: 11.38%
Step: 134 | Mode: explore | Action: 2
BLIP2ITMClient.cosine: (480, 640, 3), Seems like there is a chair ahead.
Sticking to last point.
Best value: 11.38%
Step: 135 | Mode: explore | Action: 2
BLIP2ITMClient.cosine: (480, 640, 3), Seems like there is a chair ahead.
Sticking to last point.
Best value: 11.38%
Step: 136 | Mode: explore | Action: 2
BLIP2ITMClient.cosine: (480, 640, 3), Seems like there is a chair ahead.
Sticking to last point.
Best value: 11.38%
Step: 137 | Mode: explore | Action: 2
BLIP2ITMClient.cosine: (480, 640, 3), Seems like there is a chair ahead.
Sticking to last point.
Best value: 11.38%
Step: 138 | Mode: explore | Action: 2
BLIP2ITMClient.cosine: (480, 640, 3), Seems like there is a chair ahead.
Sticking to last point.
Best value: 11.38%
Step: 139 | Mode: explore | Action: 2
BLIP2ITMClient.cosine: (480, 640, 3), Seems like there is a chair ahead.
Sticking to last point.
Best value: 11.38%
Step: 140 | Mode: explore | Action: 2
BLIP2ITMClient.cosine: (480, 640, 3), Seems like there is a chair ahead.
Sticking to last point.
Best value: 11.38%
Step: 141 | Mode: explore | Action: 2
BLIP2ITMClient.cosine: (480, 640, 3), Seems like there is a chair ahead.
Sticking to last point.
Best value: 11.38%
Step: 142 | Mode: explore | Action: 1
BLIP2ITMClient.cosine: (480, 640, 3), Seems like there is a chair ahead.
Sticking to last point.
Best value: 11.38%
Step: 143 | Mode: explore | Action: 3
BLIP2ITMClient.cosine: (480, 640, 3), Seems like there is a chair ahead.
Sticking to last point.
Best value: 11.38%
Step: 144 | Mode: explore | Action: 1
BLIP2ITMClient.cosine: (480, 640, 3), Seems like there is a chair ahead.
Sticking to last point.
Best value: 11.38%
Step: 145 | Mode: explore | Action: 1
BLIP2ITMClient.cosine: (480, 640, 3), Seems like there is a chair ahead.
Sticking to last point.
Best value: 11.38%
Step: 146 | Mode: explore | Action: 3
BLIP2ITMClient.cosine: (480, 640, 3), Seems like there is a chair ahead.
Sticking to last point.
Best value: 11.38%
Step: 147 | Mode: explore | Action: 3
BLIP2ITMClient.cosine: (480, 640, 3), Seems like there is a chair ahead.
Sticking to last point.
Best value: 11.38%
Step: 148 | Mode: explore | Action: 1
BLIP2ITMClient.cosine: (480, 640, 3), Seems like there is a chair ahead.
Sticking to last point.
Best value: 11.38%
Step: 149 | Mode: explore | Action: 1
BLIP2ITMClient.cosine: (480, 640, 3), Seems like there is a chair ahead.
Sticking to last point.
Best value: 11.38%
Step: 150 | Mode: explore | Action: 3
BLIP2ITMClient.cosine: (480, 640, 3), Seems like there is a chair ahead.
Sticking to last point.
Best value: 11.38%
Step: 151 | Mode: explore | Action: 3
BLIP2ITMClient.cosine: (480, 640, 3), Seems like there is a chair ahead.
Sticking to last point.
Best value: 11.38%
Step: 152 | Mode: explore | Action: 1
BLIP2ITMClient.cosine: (480, 640, 3), Seems like there is a chair ahead.
Sticking to last point.
Best value: 11.38%
Step: 153 | Mode: explore | Action: 1
BLIP2ITMClient.cosine: (480, 640, 3), Seems like there is a chair ahead.
Sticking to last point.
Best value: 11.38%
Step: 154 | Mode: explore | Action: 1
BLIP2ITMClient.cosine: (480, 640, 3), Seems like there is a chair ahead.
Sticking to last point.
Best value: 11.38%
Step: 155 | Mode: explore | Action: 2
BLIP2ITMClient.cosine: (480, 640, 3), Seems like there is a chair ahead.
Sticking to last point.
Best value: 11.38%
Step: 156 | Mode: explore | Action: 1
BLIP2ITMClient.cosine: (480, 640, 3), Seems like there is a chair ahead.
Sticking to last point.
Best value: 11.38%
Step: 157 | Mode: explore | Action: 1
BLIP2ITMClient.cosine: (480, 640, 3), Seems like there is a chair ahead.
Sticking to last point.
Best value: 11.38%
Step: 158 | Mode: explore | Action: 3
BLIP2ITMClient.cosine: (480, 640, 3), Seems like there is a chair ahead.
Sticking to last point.
Best value: 11.38%
Step: 159 | Mode: explore | Action: 1
BLIP2ITMClient.cosine: (480, 640, 3), Seems like there is a chair ahead.
Sticking to last point.
Best value: 11.38%
Step: 160 | Mode: explore | Action: 1
BLIP2ITMClient.cosine: (480, 640, 3), Seems like there is a chair ahead.
Sticking to last point.
Best value: 11.38%
Step: 161 | Mode: explore | Action: 1
BLIP2ITMClient.cosine: (480, 640, 3), Seems like there is a chair ahead.
Sticking to last point.
Best value: 11.38%
Step: 162 | Mode: explore | Action: 1
BLIP2ITMClient.cosine: (480, 640, 3), Seems like there is a chair ahead.
Sticking to last point.
Best value: 11.38%
Step: 163 | Mode: explore | Action: 1
BLIP2ITMClient.cosine: (480, 640, 3), Seems like there is a chair ahead.
Sticking to last point.
Best value: 11.38%
Step: 164 | Mode: explore | Action: 1
BLIP2ITMClient.cosine: (480, 640, 3), Seems like there is a chair ahead.
Sticking to last point.
Best value: 11.38%
Step: 165 | Mode: explore | Action: 1
BLIP2ITMClient.cosine: (480, 640, 3), Seems like there is a chair ahead.
Sticking to last point.
Best value: 11.38%
Step: 166 | Mode: explore | Action: 2
BLIP2ITMClient.cosine: (480, 640, 3), Seems like there is a chair ahead.
Sticking to last point.
Best value: 11.38%
Step: 167 | Mode: explore | Action: 1
BLIP2ITMClient.cosine: (480, 640, 3), Seems like there is a chair ahead.
Sticking to last point.
Best value: 11.38%
Step: 168 | Mode: explore | Action: 1
BLIP2ITMClient.cosine: (480, 640, 3), Seems like there is a chair ahead.
Sticking to last point.
Best value: 11.38%
Step: 169 | Mode: explore | Action: 1
BLIP2ITMClient.cosine: (480, 640, 3), Seems like there is a chair ahead.
Sticking to last point.
Best value: 11.46%
Step: 170 | Mode: explore | Action: 1
BLIP2ITMClient.cosine: (480, 640, 3), Seems like there is a chair ahead.
Sticking to last point.
Best value: 11.46%
Step: 171 | Mode: explore | Action: 1
BLIP2ITMClient.cosine: (480, 640, 3), Seems like there is a chair ahead.
Sticking to last point.
Best value: 11.46%
Step: 172 | Mode: explore | Action: 3
BLIP2ITMClient.cosine: (480, 640, 3), Seems like there is a chair ahead.
Best value: 11.23%
Step: 173 | Mode: explore | Action: 1
BLIP2ITMClient.cosine: (480, 640, 3), Seems like there is a chair ahead.
Sticking to last point.
Best value: 11.15%
Step: 174 | Mode: explore | Action: 3
BLIP2ITMClient.cosine: (480, 640, 3), Seems like there is a chair ahead.
Sticking to last point.
Best value: 10.96%
Step: 175 | Mode: explore | Action: 1
BLIP2ITMClient.cosine: (480, 640, 3), Seems like there is a chair ahead.
Sticking to last point.
Best value: 10.25%
Step: 176 | Mode: explore | Action: 1
BLIP2ITMClient.cosine: (480, 640, 3), Seems like there is a chair ahead.
Sticking to last point.
Best value: 10.31%
Step: 177 | Mode: explore | Action: 1
BLIP2ITMClient.cosine: (480, 640, 3), Seems like there is a chair ahead.
Sticking to last point.
Best value: 10.64%
Step: 178 | Mode: explore | Action: 1
BLIP2ITMClient.cosine: (480, 640, 3), Seems like there is a chair ahead.
Sticking to last point.
Best value: 10.50%
Step: 179 | Mode: explore | Action: 1
BLIP2ITMClient.cosine: (480, 640, 3), Seems like there is a chair ahead.
Sticking to last point.
Best value: 10.65%
Step: 180 | Mode: explore | Action: 1
BLIP2ITMClient.cosine: (480, 640, 3), Seems like there is a chair ahead.
Sticking to last point.
Best value: 10.47%
Step: 181 | Mode: explore | Action: 2
BLIP2ITMClient.cosine: (480, 640, 3), Seems like there is a chair ahead.
Sticking to last point.
Best value: 10.14%
Step: 182 | Mode: explore | Action: 1
BLIP2ITMClient.cosine: (480, 640, 3), Seems like there is a chair ahead.
Sticking to last point.
Best value: 10.37%
Step: 183 | Mode: explore | Action: 1
BLIP2ITMClient.cosine: (480, 640, 3), Seems like there is a chair ahead.
Sticking to last point.
Best value: 10.47%
Step: 184 | Mode: explore | Action: 1
BLIP2ITMClient.cosine: (480, 640, 3), Seems like there is a chair ahead.
Sticking to last point.
Best value: 10.78%
Step: 185 | Mode: explore | Action: 1
BLIP2ITMClient.cosine: (480, 640, 3), Seems like there is a chair ahead.
Sticking to last point.
Best value: 10.92%
Step: 186 | Mode: explore | Action: 1
BLIP2ITMClient.cosine: (480, 640, 3), Seems like there is a chair ahead.
Sticking to last point.
Best value: 11.88%
Step: 187 | Mode: explore | Action: 1
BLIP2ITMClient.cosine: (480, 640, 3), Seems like there is a chair ahead.
Sticking to last point.
Best value: 12.29%
Step: 188 | Mode: explore | Action: 2
BLIP2ITMClient.cosine: (480, 640, 3), Seems like there is a chair ahead.
Sticking to last point.
Best value: 12.22%
Step: 189 | Mode: explore | Action: 1
BLIP2ITMClient.cosine: (480, 640, 3), Seems like there is a chair ahead.
Sticking to last point.
Best value: 12.22%
Step: 190 | Mode: explore | Action: 3
BLIP2ITMClient.cosine: (480, 640, 3), Seems like there is a chair ahead.
Sticking to last point.
Best value: 12.22%
Step: 191 | Mode: explore | Action: 3
BLIP2ITMClient.cosine: (480, 640, 3), Seems like there is a chair ahead.
Sticking to last point.
Best value: 14.60%
Step: 192 | Mode: explore | Action: 3
BLIP2ITMClient.cosine: (480, 640, 3), Seems like there is a chair ahead.
Sticking to last point.
Best value: 15.15%
Step: 193 | Mode: explore | Action: 2
BLIP2ITMClient.cosine: (480, 640, 3), Seems like there is a chair ahead.
Sticking to last point.
Best value: 16.09%
Step: 194 | Mode: explore | Action: 2
BLIP2ITMClient.cosine: (480, 640, 3), Seems like there is a chair ahead.
Sticking to last point.
Best value: 15.16%
Step: 195 | Mode: explore | Action: 1
BLIP2ITMClient.cosine: (480, 640, 3), Seems like there is a chair ahead.
Sticking to last point.
Best value: 15.16%
Step: 196 | Mode: explore | Action: 1
BLIP2ITMClient.cosine: (480, 640, 3), Seems like there is a chair ahead.
Sticking to last point.
Best value: 15.16%
Step: 197 | Mode: explore | Action: 3
BLIP2ITMClient.cosine: (480, 640, 3), Seems like there is a chair ahead.
Sticking to last point.
Best value: 15.25%
Step: 198 | Mode: explore | Action: 3
BLIP2ITMClient.cosine: (480, 640, 3), Seems like there is a chair ahead.
Best value: 10.81%
Step: 199 | Mode: explore | Action: 3
BLIP2ITMClient.cosine: (480, 640, 3), Seems like there is a chair ahead.
Sticking to last point.
Best value: 10.81%
Step: 200 | Mode: explore | Action: 3
BLIP2ITMClient.cosine: (480, 640, 3), Seems like there is a chair ahead.
Sticking to last point.
Best value: 10.81%
Step: 201 | Mode: explore | Action: 3
BLIP2ITMClient.cosine: (480, 640, 3), Seems like there is a chair ahead.
Best value: 16.47%
Step: 202 | Mode: explore | Action: 1
BLIP2ITMClient.cosine: (480, 640, 3), Seems like there is a chair ahead.
Best value: 14.56%
Step: 203 | Mode: explore | Action: 3
BLIP2ITMClient.cosine: (480, 640, 3), Seems like there is a chair ahead.
Best value: 13.20%
Step: 204 | Mode: explore | Action: 1
BLIP2ITMClient.cosine: (480, 640, 3), Seems like there is a chair ahead.
Sticking to last point.
Best value: 13.40%
Step: 205 | Mode: explore | Action: 1
BLIP2ITMClient.cosine: (480, 640, 3), Seems like there is a chair ahead.
Sticking to last point.
Best value: 12.92%
Step: 206 | Mode: explore | Action: 1
BLIP2ITMClient.cosine: (480, 640, 3), Seems like there is a chair ahead.
Sticking to last point.
Best value: 13.03%
Step: 207 | Mode: explore | Action: 1
BLIP2ITMClient.cosine: (480, 640, 3), Seems like there is a chair ahead.
Sticking to last point.
Best value: 13.02%
Step: 208 | Mode: explore | Action: 2
BLIP2ITMClient.cosine: (480, 640, 3), Seems like there is a chair ahead.
Sticking to last point.
Best value: 12.22%
Step: 209 | Mode: explore | Action: 1
BLIP2ITMClient.cosine: (480, 640, 3), Seems like there is a chair ahead.
Sticking to last point.
Best value: 11.82%
Step: 210 | Mode: explore | Action: 1
BLIP2ITMClient.cosine: (480, 640, 3), Seems like there is a chair ahead.
Sticking to last point.
Best value: 13.68%
Step: 211 | Mode: explore | Action: 1
BLIP2ITMClient.cosine: (480, 640, 3), Seems like there is a chair ahead.
Sticking to last point.
Best value: 14.41%
Step: 212 | Mode: explore | Action: 1
BLIP2ITMClient.cosine: (480, 640, 3), Seems like there is a chair ahead.
Sticking to last point.
Best value: 14.34%
Step: 213 | Mode: explore | Action: 1
BLIP2ITMClient.cosine: (480, 640, 3), Seems like there is a chair ahead.
Sticking to last point.
Best value: 14.79%
Step: 214 | Mode: explore | Action: 1
BLIP2ITMClient.cosine: (480, 640, 3), Seems like there is a chair ahead.
Sticking to last point.
Best value: 14.91%
Step: 215 | Mode: explore | Action: 1
  7%|▋         | 2/30 [01:31<23:33, 50.48s/it]BLIP2ITMClient.cosine: (480, 640, 3), Seems like there is a chair ahead.
Best value: 13.22%
Step: 216 | Mode: explore | Action: 1
BLIP2ITMClient.cosine: (480, 640, 3), Seems like there is a chair ahead.
Sticking to last point.
Best value: 12.92%
Step: 217 | Mode: explore | Action: 1
BLIP2ITMClient.cosine: (480, 640, 3), Seems like there is a chair ahead.
Sticking to last point.
Best value: 13.09%
Step: 218 | Mode: explore | Action: 1
BLIP2ITMClient.cosine: (480, 640, 3), Seems like there is a chair ahead.
Sticking to last point.
Best value: 13.61%
Step: 219 | Mode: explore | Action: 1
BLIP2ITMClient.cosine: (480, 640, 3), Seems like there is a chair ahead.
Sticking to last point.
Best value: 13.43%
Step: 220 | Mode: explore | Action: 2
BLIP2ITMClient.cosine: (480, 640, 3), Seems like there is a chair ahead.
Best value: 12.02%
Step: 221 | Mode: explore | Action: 1
BLIP2ITMClient.cosine: (480, 640, 3), Seems like there is a chair ahead.
Sticking to last point.
Best value: 11.37%
Step: 222 | Mode: explore | Action: 2
BLIP2ITMClient.cosine: (480, 640, 3), Seems like there is a chair ahead.
Sticking to last point.
Best value: 12.10%
Step: 223 | Mode: explore | Action: 1
BLIP2ITMClient.cosine: (480, 640, 3), Seems like there is a chair ahead.
Sticking to last point.
Best value: 12.33%
Step: 224 | Mode: explore | Action: 3
BLIP2ITMClient.cosine: (480, 640, 3), Seems like there is a chair ahead.
Sticking to last point.
Best value: 11.79%
Step: 225 | Mode: explore | Action: 1
BLIP2ITMClient.cosine: (480, 640, 3), Seems like there is a chair ahead.
Sticking to last point.
Best value: 11.42%
Step: 226 | Mode: explore | Action: 3
BLIP2ITMClient.cosine: (480, 640, 3), Seems like there is a chair ahead.
Sticking to last point.
Best value: 11.49%
Step: 227 | Mode: explore | Action: 1
BLIP2ITMClient.cosine: (480, 640, 3), Seems like there is a chair ahead.
Sticking to last point.
Best value: 11.59%
Step: 228 | Mode: explore | Action: 3
BLIP2ITMClient.cosine: (480, 640, 3), Seems like there is a chair ahead.
Sticking to last point.
Best value: 11.59%
Step: 229 | Mode: explore | Action: 1
BLIP2ITMClient.cosine: (480, 640, 3), Seems like there is a chair ahead.
Sticking to last point.
Best value: 11.59%
Step: 230 | Mode: explore | Action: 2
BLIP2ITMClient.cosine: (480, 640, 3), Seems like there is a chair ahead.
Sticking to last point.
Best value: 11.59%
Step: 231 | Mode: explore | Action: 2
BLIP2ITMClient.cosine: (480, 640, 3), Seems like there is a chair ahead.
Best value: 12.40%
Step: 232 | Mode: explore | Action: 2
BLIP2ITMClient.cosine: (480, 640, 3), Seems like there is a chair ahead.
Best value: 12.37%
Step: 233 | Mode: explore | Action: 1
BLIP2ITMClient.cosine: (480, 640, 3), Seems like there is a chair ahead.
Sticking to last point.
Best value: 13.85%
Step: 234 | Mode: explore | Action: 1
BLIP2ITMClient.cosine: (480, 640, 3), Seems like there is a chair ahead.
Best value: 13.65%
Step: 235 | Mode: explore | Action: 1
BLIP2ITMClient.cosine: (480, 640, 3), Seems like there is a chair ahead.
Sticking to last point.
Best value: 13.67%
Step: 236 | Mode: explore | Action: 2
BLIP2ITMClient.cosine: (480, 640, 3), Seems like there is a chair ahead.
Sticking to last point.
Best value: 16.03%
Step: 237 | Mode: explore | Action: 1
BLIP2ITMClient.cosine: (480, 640, 3), Seems like there is a chair ahead.
Sticking to last point.
Best value: 16.30%
Step: 238 | Mode: explore | Action: 1
BLIP2ITMClient.cosine: (480, 640, 3), Seems like there is a chair ahead.
Sticking to last point.
Best value: 16.45%
Step: 239 | Mode: explore | Action: 2
BLIP2ITMClient.cosine: (480, 640, 3), Seems like there is a chair ahead.
Step: 240 | Mode: navigate | Action: 1
BLIP2ITMClient.cosine: (480, 640, 3), Seems like there is a chair ahead.
Step: 241 | Mode: navigate | Action: 3
BLIP2ITMClient.cosine: (480, 640, 3), Seems like there is a chair ahead.
Step: 242 | Mode: navigate | Action: 1
BLIP2ITMClient.cosine: (480, 640, 3), Seems like there is a chair ahead.
Step: 243 | Mode: navigate | Action: 1
BLIP2ITMClient.cosine: (480, 640, 3), Seems like there is a chair ahead.
Step: 244 | Mode: navigate | Action: 0
Success rate: 100.00% (2 out of 2)
Logging episode 0006 to results/pilot/vlfm_original_jsons/6_TEEsavR23oF.json
BLIP2ITMClient.cosine: (480, 640, 3), Seems like there is a toilet ahead.
Step: 0 | Mode: initialize | Action: 2
BLIP2ITMClient.cosine: (480, 640, 3), Seems like there is a toilet ahead.
Step: 1 | Mode: initialize | Action: 2
BLIP2ITMClient.cosine: (480, 640, 3), Seems like there is a toilet ahead.
Step: 2 | Mode: initialize | Action: 2
BLIP2ITMClient.cosine: (480, 640, 3), Seems like there is a toilet ahead.
Step: 3 | Mode: initialize | Action: 2
BLIP2ITMClient.cosine: (480, 640, 3), Seems like there is a toilet ahead.
Step: 4 | Mode: initialize | Action: 2
BLIP2ITMClient.cosine: (480, 640, 3), Seems like there is a toilet ahead.
Step: 5 | Mode: initialize | Action: 2
BLIP2ITMClient.cosine: (480, 640, 3), Seems like there is a toilet ahead.
Step: 6 | Mode: initialize | Action: 2
BLIP2ITMClient.cosine: (480, 640, 3), Seems like there is a toilet ahead.
Step: 7 | Mode: initialize | Action: 2
BLIP2ITMClient.cosine: (480, 640, 3), Seems like there is a toilet ahead.
Step: 8 | Mode: initialize | Action: 2
BLIP2ITMClient.cosine: (480, 640, 3), Seems like there is a toilet ahead.
Step: 9 | Mode: initialize | Action: 2
BLIP2ITMClient.cosine: (480, 640, 3), Seems like there is a toilet ahead.
Step: 10 | Mode: initialize | Action: 2
BLIP2ITMClient.cosine: (480, 640, 3), Seems like there is a toilet ahead.
Step: 11 | Mode: initialize | Action: 2
BLIP2ITMClient.cosine: (480, 640, 3), Seems like there is a toilet ahead.
Best value: 17.56%
Step: 12 | Mode: explore | Action: 2
BLIP2ITMClient.cosine: (480, 640, 3), Seems like there is a toilet ahead.
Sticking to last point.
Best value: 17.56%
Step: 13 | Mode: explore | Action: 2
BLIP2ITMClient.cosine: (480, 640, 3), Seems like there is a toilet ahead.
Sticking to last point.
Best value: 19.28%
Step: 14 | Mode: explore | Action: 2
BLIP2ITMClient.cosine: (480, 640, 3), Seems like there is a toilet ahead.
Best value: 16.66%
Step: 15 | Mode: explore | Action: 1
BLIP2ITMClient.cosine: (480, 640, 3), Seems like there is a toilet ahead.
Sticking to last point.
Best value: 16.61%
Step: 16 | Mode: explore | Action: 2
BLIP2ITMClient.cosine: (480, 640, 3), Seems like there is a toilet ahead.
Sticking to last point.
Best value: 16.61%
Step: 17 | Mode: explore | Action: 1
BLIP2ITMClient.cosine: (480, 640, 3), Seems like there is a toilet ahead.
Sticking to last point.
Best value: 16.61%
Step: 18 | Mode: explore | Action: 3
BLIP2ITMClient.cosine: (480, 640, 3), Seems like there is a toilet ahead.
Sticking to last point.
Best value: 17.60%
Step: 19 | Mode: explore | Action: 3
BLIP2ITMClient.cosine: (480, 640, 3), Seems like there is a toilet ahead.
Best value: 16.50%
Step: 20 | Mode: explore | Action: 3
BLIP2ITMClient.cosine: (480, 640, 3), Seems like there is a toilet ahead.
Sticking to last point.
Best value: 16.50%
Step: 21 | Mode: explore | Action: 3
BLIP2ITMClient.cosine: (480, 640, 3), Seems like there is a toilet ahead.
Sticking to last point.
Best value: 16.50%
Step: 22 | Mode: explore | Action: 3
BLIP2ITMClient.cosine: (480, 640, 3), Seems like there is a toilet ahead.
Sticking to last point.
Best value: 17.05%
Step: 23 | Mode: explore | Action: 3
BLIP2ITMClient.cosine: (480, 640, 3), Seems like there is a toilet ahead.
Sticking to last point.
Best value: 16.13%
Step: 24 | Mode: explore | Action: 1
BLIP2ITMClient.cosine: (480, 640, 3), Seems like there is a toilet ahead.
Sticking to last point.
Best value: 16.22%
Step: 25 | Mode: explore | Action: 1
BLIP2ITMClient.cosine: (480, 640, 3), Seems like there is a toilet ahead.
Sticking to last point.
Best value: 16.29%
Step: 26 | Mode: explore | Action: 1
BLIP2ITMClient.cosine: (480, 640, 3), Seems like there is a toilet ahead.
Sticking to last point.
Best value: 16.85%
Step: 27 | Mode: explore | Action: 1
BLIP2ITMClient.cosine: (480, 640, 3), Seems like there is a toilet ahead.
Sticking to last point.
Best value: 17.22%
Step: 28 | Mode: explore | Action: 1
BLIP2ITMClient.cosine: (480, 640, 3), Seems like there is a toilet ahead.
Sticking to last point.
Best value: 17.75%
Step: 29 | Mode: explore | Action: 1
BLIP2ITMClient.cosine: (480, 640, 3), Seems like there is a toilet ahead.
Sticking to last point.
Best value: 19.01%
Step: 30 | Mode: explore | Action: 3
BLIP2ITMClient.cosine: (480, 640, 3), Seems like there is a toilet ahead.
Sticking to last point.
Best value: 18.66%
Step: 31 | Mode: explore | Action: 1
BLIP2ITMClient.cosine: (480, 640, 3), Seems like there is a toilet ahead.
Sticking to last point.
Best value: 18.66%
Step: 32 | Mode: explore | Action: 2
BLIP2ITMClient.cosine: (480, 640, 3), Seems like there is a toilet ahead.
Best value: 18.64%
Step: 33 | Mode: explore | Action: 1
BLIP2ITMClient.cosine: (480, 640, 3), Seems like there is a toilet ahead.
Sticking to last point.
Best value: 18.65%
Step: 34 | Mode: explore | Action: 1
BLIP2ITMClient.cosine: (480, 640, 3), Seems like there is a toilet ahead.
Sticking to last point.
Best value: 18.83%
Step: 35 | Mode: explore | Action: 1
BLIP2ITMClient.cosine: (480, 640, 3), Seems like there is a toilet ahead.
Best value: 17.64%
Step: 36 | Mode: explore | Action: 2
BLIP2ITMClient.cosine: (480, 640, 3), Seems like there is a toilet ahead.
Sticking to last point.
Best value: 17.64%
Step: 37 | Mode: explore | Action: 2
BLIP2ITMClient.cosine: (480, 640, 3), Seems like there is a toilet ahead.
Sticking to last point.
Best value: 17.64%
Step: 38 | Mode: explore | Action: 2
BLIP2ITMClient.cosine: (480, 640, 3), Seems like there is a toilet ahead.
Sticking to last point.
Best value: 18.23%
Step: 39 | Mode: explore | Action: 2
BLIP2ITMClient.cosine: (480, 640, 3), Seems like there is a toilet ahead.
Best value: 17.66%
Step: 40 | Mode: explore | Action: 3
BLIP2ITMClient.cosine: (480, 640, 3), Seems like there is a toilet ahead.
Sticking to last point.
Best value: 17.66%
Step: 41 | Mode: explore | Action: 3
BLIP2ITMClient.cosine: (480, 640, 3), Seems like there is a toilet ahead.
Sticking to last point.
Best value: 17.66%
Step: 42 | Mode: explore | Action: 3
BLIP2ITMClient.cosine: (480, 640, 3), Seems like there is a toilet ahead.
Sticking to last point.
Best value: 18.02%
Step: 43 | Mode: explore | Action: 3
BLIP2ITMClient.cosine: (480, 640, 3), Seems like there is a toilet ahead.
Best value: 16.49%
Step: 44 | Mode: explore | Action: 1
BLIP2ITMClient.cosine: (480, 640, 3), Seems like there is a toilet ahead.
Sticking to last point.
Best value: 15.84%
Step: 45 | Mode: explore | Action: 1
BLIP2ITMClient.cosine: (480, 640, 3), Seems like there is a toilet ahead.
Sticking to last point.
Best value: 17.76%
Step: 46 | Mode: explore | Action: 1
BLIP2ITMClient.cosine: (480, 640, 3), Seems like there is a toilet ahead.
Best value: 16.43%
Step: 47 | Mode: explore | Action: 1
BLIP2ITMClient.cosine: (480, 640, 3), Seems like there is a toilet ahead.
Best value: 15.40%
Step: 48 | Mode: explore | Action: 2
BLIP2ITMClient.cosine: (480, 640, 3), Seems like there is a toilet ahead.
Best value: 15.18%
Step: 49 | Mode: explore | Action: 3
BLIP2ITMClient.cosine: (480, 640, 3), Seems like there is a toilet ahead.
Sticking to last point.
Best value: 15.18%
Step: 50 | Mode: explore | Action: 3
BLIP2ITMClient.cosine: (480, 640, 3), Seems like there is a toilet ahead.
Sticking to last point.
Best value: 15.18%
Step: 51 | Mode: explore | Action: 3
BLIP2ITMClient.cosine: (480, 640, 3), Seems like there is a toilet ahead.
Sticking to last point.
Best value: 15.93%
Step: 52 | Mode: explore | Action: 3
BLIP2ITMClient.cosine: (480, 640, 3), Seems like there is a toilet ahead.
Sticking to last point.
Best value: 19.15%
Step: 53 | Mode: explore | Action: 3
BLIP2ITMClient.cosine: (480, 640, 3), Seems like there is a toilet ahead.
Sticking to last point.
Best value: 18.30%
Step: 54 | Mode: explore | Action: 3
BLIP2ITMClient.cosine: (480, 640, 3), Seems like there is a toilet ahead.
Sticking to last point.
Best value: 18.30%
Step: 55 | Mode: explore | Action: 3
BLIP2ITMClient.cosine: (480, 640, 3), Seems like there is a toilet ahead.
Sticking to last point.
Best value: 18.30%
Step: 56 | Mode: explore | Action: 1
BLIP2ITMClient.cosine: (480, 640, 3), Seems like there is a toilet ahead.
Sticking to last point.
Best value: 18.30%
Step: 57 | Mode: explore | Action: 2
BLIP2ITMClient.cosine: (480, 640, 3), Seems like there is a toilet ahead.
Sticking to last point.
Best value: 18.30%
Step: 58 | Mode: explore | Action: 1
BLIP2ITMClient.cosine: (480, 640, 3), Seems like there is a toilet ahead.
Sticking to last point.
Best value: 18.30%
Step: 59 | Mode: explore | Action: 2
BLIP2ITMClient.cosine: (480, 640, 3), Seems like there is a toilet ahead.
Sticking to last point.
Best value: 18.30%
Step: 60 | Mode: explore | Action: 1
BLIP2ITMClient.cosine: (480, 640, 3), Seems like there is a toilet ahead.
Sticking to last point.
Best value: 18.30%
Step: 61 | Mode: explore | Action: 1
BLIP2ITMClient.cosine: (480, 640, 3), Seems like there is a toilet ahead.
Sticking to last point.
Best value: 18.30%
Step: 62 | Mode: explore | Action: 2
BLIP2ITMClient.cosine: (480, 640, 3), Seems like there is a toilet ahead.
Sticking to last point.
Best value: 18.30%
Step: 63 | Mode: explore | Action: 1
BLIP2ITMClient.cosine: (480, 640, 3), Seems like there is a toilet ahead.
Sticking to last point.
Best value: 18.30%
Step: 64 | Mode: explore | Action: 1
BLIP2ITMClient.cosine: (480, 640, 3), Seems like there is a toilet ahead.
Sticking to last point.
Best value: 18.30%
Step: 65 | Mode: explore | Action: 1
BLIP2ITMClient.cosine: (480, 640, 3), Seems like there is a toilet ahead.
Sticking to last point.
Best value: 18.30%
Step: 66 | Mode: explore | Action: 1
BLIP2ITMClient.cosine: (480, 640, 3), Seems like there is a toilet ahead.
Sticking to last point.
Best value: 18.30%
Step: 67 | Mode: explore | Action: 2
BLIP2ITMClient.cosine: (480, 640, 3), Seems like there is a toilet ahead.
Sticking to last point.
Best value: 20.33%
Step: 68 | Mode: explore | Action: 1
BLIP2ITMClient.cosine: (480, 640, 3), Seems like there is a toilet ahead.
Sticking to last point.
Best value: 20.78%
Step: 69 | Mode: explore | Action: 2
BLIP2ITMClient.cosine: (480, 640, 3), Seems like there is a toilet ahead.
Best value: 25.15%
Step: 70 | Mode: explore | Action: 2
BLIP2ITMClient.cosine: (480, 640, 3), Seems like there is a toilet ahead.
Best value: 23.31%
Step: 71 | Mode: explore | Action: 1
BLIP2ITMClient.cosine: (480, 640, 3), Seems like there is a toilet ahead.
Best value: 21.92%
Step: 72 | Mode: explore | Action: 1
BLIP2ITMClient.cosine: (480, 640, 3), Seems like there is a toilet ahead.
Sticking to last point.
Best value: 21.15%
Step: 73 | Mode: explore | Action: 2
BLIP2ITMClient.cosine: (480, 640, 3), Seems like there is a toilet ahead.
Sticking to last point.
Best value: 21.15%
Step: 74 | Mode: explore | Action: 1
BLIP2ITMClient.cosine: (480, 640, 3), Seems like there is a toilet ahead.
Sticking to last point.
Best value: 21.15%
Step: 75 | Mode: explore | Action: 2
BLIP2ITMClient.cosine: (480, 640, 3), Seems like there is a toilet ahead.
Sticking to last point.
Best value: 21.15%
Step: 76 | Mode: explore | Action: 1
BLIP2ITMClient.cosine: (480, 640, 3), Seems like there is a toilet ahead.
Sticking to last point.
Best value: 21.15%
Step: 77 | Mode: explore | Action: 3
BLIP2ITMClient.cosine: (480, 640, 3), Seems like there is a toilet ahead.
Sticking to last point.
Best value: 21.15%
Step: 78 | Mode: explore | Action: 3
BLIP2ITMClient.cosine: (480, 640, 3), Seems like there is a toilet ahead.
Sticking to last point.
Best value: 20.74%
Step: 79 | Mode: explore | Action: 3
BLIP2ITMClient.cosine: (480, 640, 3), Seems like there is a toilet ahead.
Sticking to last point.
Best value: 22.02%
Step: 80 | Mode: explore | Action: 1
BLIP2ITMClient.cosine: (480, 640, 3), Seems like there is a toilet ahead.
Sticking to last point.
Best value: 22.97%
Step: 81 | Mode: explore | Action: 2
BLIP2ITMClient.cosine: (480, 640, 3), Seems like there is a toilet ahead.
Sticking to last point.
Best value: 22.32%
Step: 82 | Mode: explore | Action: 1
BLIP2ITMClient.cosine: (480, 640, 3), Seems like there is a toilet ahead.
Sticking to last point.
Best value: 22.54%
Step: 83 | Mode: explore | Action: 1
BLIP2ITMClient.cosine: (480, 640, 3), Seems like there is a toilet ahead.
Sticking to last point.
Best value: 23.33%
Step: 84 | Mode: explore | Action: 1
BLIP2ITMClient.cosine: (480, 640, 3), Seems like there is a toilet ahead.
Best value: 22.49%
Step: 85 | Mode: explore | Action: 1
BLIP2ITMClient.cosine: (480, 640, 3), Seems like there is a toilet ahead.
Sticking to last point.
Best value: 22.78%
Step: 86 | Mode: explore | Action: 1
BLIP2ITMClient.cosine: (480, 640, 3), Seems like there is a toilet ahead.
Best value: 22.45%
Step: 87 | Mode: explore | Action: 3
BLIP2ITMClient.cosine: (480, 640, 3), Seems like there is a toilet ahead.
Best value: 22.18%
Step: 88 | Mode: explore | Action: 3
BLIP2ITMClient.cosine: (480, 640, 3), Seems like there is a toilet ahead.
Sticking to last point.
Best value: 22.18%
Step: 89 | Mode: explore | Action: 3
BLIP2ITMClient.cosine: (480, 640, 3), Seems like there is a toilet ahead.
Best value: 24.41%
Step: 90 | Mode: explore | Action: 3
BLIP2ITMClient.cosine: (480, 640, 3), Seems like there is a toilet ahead.
Best value: 22.06%
Step: 91 | Mode: explore | Action: 2
BLIP2ITMClient.cosine: (480, 640, 3), Seems like there is a toilet ahead.
Sticking to last point.
Best value: 22.06%
Step: 92 | Mode: explore | Action: 2
BLIP2ITMClient.cosine: (480, 640, 3), Seems like there is a toilet ahead.
Sticking to last point.
Best value: 22.13%
Step: 93 | Mode: explore | Action: 2
BLIP2ITMClient.cosine: (480, 640, 3), Seems like there is a toilet ahead.
Sticking to last point.
Best value: 21.94%
Step: 94 | Mode: explore | Action: 1
BLIP2ITMClient.cosine: (480, 640, 3), Seems like there is a toilet ahead.
Best value: 25.23%
Step: 95 | Mode: explore | Action: 3
BLIP2ITMClient.cosine: (480, 640, 3), Seems like there is a toilet ahead.
Sticking to last point.
Best value: 25.23%
Step: 96 | Mode: explore | Action: 3
BLIP2ITMClient.cosine: (480, 640, 3), Seems like there is a toilet ahead.
Sticking to last point.
Best value: 24.61%
Step: 97 | Mode: explore | Action: 3
BLIP2ITMClient.cosine: (480, 640, 3), Seems like there is a toilet ahead.
Best value: 21.82%
Step: 98 | Mode: explore | Action: 3
BLIP2ITMClient.cosine: (480, 640, 3), Seems like there is a toilet ahead.
Sticking to last point.
Best value: 21.57%
Step: 99 | Mode: explore | Action: 3
BLIP2ITMClient.cosine: (480, 640, 3), Seems like there is a toilet ahead.
Sticking to last point.
Best value: 21.57%
Step: 100 | Mode: explore | Action: 1
BLIP2ITMClient.cosine: (480, 640, 3), Seems like there is a toilet ahead.
Sticking to last point.
Best value: 21.57%
Step: 101 | Mode: explore | Action: 2
BLIP2ITMClient.cosine: (480, 640, 3), Seems like there is a toilet ahead.
Sticking to last point.
Best value: 21.57%
Step: 102 | Mode: explore | Action: 2
BLIP2ITMClient.cosine: (480, 640, 3), Seems like there is a toilet ahead.
Sticking to last point.
Best value: 21.05%
Step: 103 | Mode: explore | Action: 1
BLIP2ITMClient.cosine: (480, 640, 3), Seems like there is a toilet ahead.
Sticking to last point.
Best value: 21.26%
Step: 104 | Mode: explore | Action: 1
BLIP2ITMClient.cosine: (480, 640, 3), Seems like there is a toilet ahead.
Sticking to last point.
Best value: 20.64%
Step: 105 | Mode: explore | Action: 3
BLIP2ITMClient.cosine: (480, 640, 3), Seems like there is a toilet ahead.
Sticking to last point.
Best value: 20.64%
Step: 106 | Mode: explore | Action: 1
BLIP2ITMClient.cosine: (480, 640, 3), Seems like there is a toilet ahead.
Sticking to last point.
Best value: 20.64%
Step: 107 | Mode: explore | Action: 3
BLIP2ITMClient.cosine: (480, 640, 3), Seems like there is a toilet ahead.
Sticking to last point.
Best value: 20.64%
Step: 108 | Mode: explore | Action: 1
BLIP2ITMClient.cosine: (480, 640, 3), Seems like there is a toilet ahead.
Sticking to last point.
Best value: 20.64%
Step: 109 | Mode: explore | Action: 3
BLIP2ITMClient.cosine: (480, 640, 3), Seems like there is a toilet ahead.
Sticking to last point.
Best value: 20.64%
Step: 110 | Mode: explore | Action: 1
BLIP2ITMClient.cosine: (480, 640, 3), Seems like there is a toilet ahead.
Sticking to last point.
Best value: 20.64%
Step: 111 | Mode: explore | Action: 2
BLIP2ITMClient.cosine: (480, 640, 3), Seems like there is a toilet ahead.
Sticking to last point.
Best value: 20.64%
Step: 112 | Mode: explore | Action: 2
BLIP2ITMClient.cosine: (480, 640, 3), Seems like there is a toilet ahead.
Sticking to last point.
Best value: 20.64%
Step: 113 | Mode: explore | Action: 2
BLIP2ITMClient.cosine: (480, 640, 3), Seems like there is a toilet ahead.
Sticking to last point.
Best value: 20.64%
Step: 114 | Mode: explore | Action: 1
BLIP2ITMClient.cosine: (480, 640, 3), Seems like there is a toilet ahead.
Sticking to last point.
Best value: 20.64%
Step: 115 | Mode: explore | Action: 2
BLIP2ITMClient.cosine: (480, 640, 3), Seems like there is a toilet ahead.
Sticking to last point.
Best value: 22.49%
Step: 116 | Mode: explore | Action: 1
BLIP2ITMClient.cosine: (480, 640, 3), Seems like there is a toilet ahead.
Sticking to last point.
Best value: 22.49%
Step: 117 | Mode: explore | Action: 2
BLIP2ITMClient.cosine: (480, 640, 3), Seems like there is a toilet ahead.
Sticking to last point.
Best value: 23.70%
Step: 118 | Mode: explore | Action: 1
BLIP2ITMClient.cosine: (480, 640, 3), Seems like there is a toilet ahead.
Sticking to last point.
Best value: 24.52%
Step: 119 | Mode: explore | Action: 2
BLIP2ITMClient.cosine: (480, 640, 3), Seems like there is a toilet ahead.
Sticking to last point.
Best value: 24.48%
Step: 120 | Mode: explore | Action: 1
BLIP2ITMClient.cosine: (480, 640, 3), Seems like there is a toilet ahead.
Sticking to last point.
Best value: 24.46%
Step: 121 | Mode: explore | Action: 2
BLIP2ITMClient.cosine: (480, 640, 3), Seems like there is a toilet ahead.
Sticking to last point.
Best value: 24.46%
Step: 122 | Mode: explore | Action: 1
BLIP2ITMClient.cosine: (480, 640, 3), Seems like there is a toilet ahead.
Sticking to last point.
Best value: 24.46%
Step: 123 | Mode: explore | Action: 3
BLIP2ITMClient.cosine: (480, 640, 3), Seems like there is a toilet ahead.
Sticking to last point.
Best value: 24.46%
Step: 124 | Mode: explore | Action: 3
BLIP2ITMClient.cosine: (480, 640, 3), Seems like there is a toilet ahead.
Sticking to last point.
Best value: 24.92%
Step: 125 | Mode: explore | Action: 1
BLIP2ITMClient.cosine: (480, 640, 3), Seems like there is a toilet ahead.
Sticking to last point.
Best value: 24.92%
Step: 126 | Mode: explore | Action: 1
BLIP2ITMClient.cosine: (480, 640, 3), Seems like there is a toilet ahead.
Sticking to last point.
Best value: 24.92%
Step: 127 | Mode: explore | Action: 2
BLIP2ITMClient.cosine: (480, 640, 3), Seems like there is a toilet ahead.
Sticking to last point.
Best value: 24.90%
Step: 128 | Mode: explore | Action: 1
BLIP2ITMClient.cosine: (480, 640, 3), Seems like there is a toilet ahead.
Sticking to last point.
Best value: 24.90%
Step: 129 | Mode: explore | Action: 2
BLIP2ITMClient.cosine: (480, 640, 3), Seems like there is a toilet ahead.
Sticking to last point.
Best value: 24.90%
Step: 130 | Mode: explore | Action: 1
BLIP2ITMClient.cosine: (480, 640, 3), Seems like there is a toilet ahead.
Sticking to last point.
Best value: 24.90%
Step: 131 | Mode: explore | Action: 2
BLIP2ITMClient.cosine: (480, 640, 3), Seems like there is a toilet ahead.
Sticking to last point.
Best value: 24.90%
Step: 132 | Mode: explore | Action: 1
BLIP2ITMClient.cosine: (480, 640, 3), Seems like there is a toilet ahead.
Sticking to last point.
Best value: 24.90%
Step: 133 | Mode: explore | Action: 3
BLIP2ITMClient.cosine: (480, 640, 3), Seems like there is a toilet ahead.
Sticking to last point.
Best value: 24.90%
Step: 134 | Mode: explore | Action: 1
BLIP2ITMClient.cosine: (480, 640, 3), Seems like there is a toilet ahead.
Sticking to last point.
Best value: 24.90%
Step: 135 | Mode: explore | Action: 1
BLIP2ITMClient.cosine: (480, 640, 3), Seems like there is a toilet ahead.
Sticking to last point.
Best value: 24.90%
Step: 136 | Mode: explore | Action: 3
BLIP2ITMClient.cosine: (480, 640, 3), Seems like there is a toilet ahead.
Sticking to last point.
Best value: 24.90%
 10%|█         | 3/30 [02:19<22:11, 49.30s/it]Step: 137 | Mode: explore | Action: 3
BLIP2ITMClient.cosine: (480, 640, 3), Seems like there is a toilet ahead.
Sticking to last point.
Best value: 24.90%
Step: 138 | Mode: explore | Action: 3
BLIP2ITMClient.cosine: (480, 640, 3), Seems like there is a toilet ahead.
Sticking to last point.
Best value: 24.92%
Step: 139 | Mode: explore | Action: 3
BLIP2ITMClient.cosine: (480, 640, 3), Seems like there is a toilet ahead.
Sticking to last point.
Best value: 24.48%
Step: 140 | Mode: explore | Action: 3
BLIP2ITMClient.cosine: (480, 640, 3), Seems like there is a toilet ahead.
Sticking to last point.
Best value: 24.12%
Step: 141 | Mode: explore | Action: 3
BLIP2ITMClient.cosine: (480, 640, 3), Seems like there is a toilet ahead.
Sticking to last point.
Best value: 24.12%
Step: 142 | Mode: explore | Action: 1
BLIP2ITMClient.cosine: (480, 640, 3), Seems like there is a toilet ahead.
Sticking to last point.
Best value: 24.12%
Step: 143 | Mode: explore | Action: 1
BLIP2ITMClient.cosine: (480, 640, 3), Seems like there is a toilet ahead.
Sticking to last point.
Best value: 24.12%
Step: 144 | Mode: explore | Action: 2
BLIP2ITMClient.cosine: (480, 640, 3), Seems like there is a toilet ahead.
Sticking to last point.
Best value: 23.97%
Step: 145 | Mode: explore | Action: 1
BLIP2ITMClient.cosine: (480, 640, 3), Seems like there is a toilet ahead.
Sticking to last point.
Best value: 23.97%
Step: 146 | Mode: explore | Action: 2
BLIP2ITMClient.cosine: (480, 640, 3), Seems like there is a toilet ahead.
Best value: 21.85%
Step: 147 | Mode: explore | Action: 1
BLIP2ITMClient.cosine: (480, 640, 3), Seems like there is a toilet ahead.
Best value: 20.43%
Step: 148 | Mode: explore | Action: 2
BLIP2ITMClient.cosine: (480, 640, 3), Seems like there is a toilet ahead.
Sticking to last point.
Best value: 23.20%
Step: 149 | Mode: explore | Action: 1
BLIP2ITMClient.cosine: (480, 640, 3), Seems like there is a toilet ahead.
Sticking to last point.
Best value: 24.44%
Step: 150 | Mode: explore | Action: 2
BLIP2ITMClient.cosine: (480, 640, 3), Seems like there is a toilet ahead.
Sticking to last point.
Best value: 24.57%
Step: 151 | Mode: explore | Action: 1
BLIP2ITMClient.cosine: (480, 640, 3), Seems like there is a toilet ahead.
Sticking to last point.
Best value: 24.63%
Step: 152 | Mode: explore | Action: 2
BLIP2ITMClient.cosine: (480, 640, 3), Seems like there is a toilet ahead.
Sticking to last point.
Best value: 24.63%
Step: 153 | Mode: explore | Action: 1
BLIP2ITMClient.cosine: (480, 640, 3), Seems like there is a toilet ahead.
Sticking to last point.
Best value: 24.63%
Step: 154 | Mode: explore | Action: 2
BLIP2ITMClient.cosine: (480, 640, 3), Seems like there is a toilet ahead.
Sticking to last point.
Best value: 24.63%
Step: 155 | Mode: explore | Action: 1
BLIP2ITMClient.cosine: (480, 640, 3), Seems like there is a toilet ahead.
Sticking to last point.
Best value: 24.63%
Step: 156 | Mode: explore | Action: 3
BLIP2ITMClient.cosine: (480, 640, 3), Seems like there is a toilet ahead.
Sticking to last point.
Best value: 24.63%
Step: 157 | Mode: explore | Action: 3
BLIP2ITMClient.cosine: (480, 640, 3), Seems like there is a toilet ahead.
Sticking to last point.
Best value: 24.63%
Step: 158 | Mode: explore | Action: 3
BLIP2ITMClient.cosine: (480, 640, 3), Seems like there is a toilet ahead.
Sticking to last point.
Best value: 25.06%
Step: 159 | Mode: explore | Action: 3
BLIP2ITMClient.cosine: (480, 640, 3), Seems like there is a toilet ahead.
Best value: 22.12%
Step: 160 | Mode: explore | Action: 3
BLIP2ITMClient.cosine: (480, 640, 3), Seems like there is a toilet ahead.
Sticking to last point.
Best value: 22.12%
Step: 161 | Mode: explore | Action: 1
BLIP2ITMClient.cosine: (480, 640, 3), Seems like there is a toilet ahead.
Sticking to last point.
Best value: 22.12%
Step: 162 | Mode: explore | Action: 3
BLIP2ITMClient.cosine: (480, 640, 3), Seems like there is a toilet ahead.
Sticking to last point.
Best value: 22.12%
Step: 163 | Mode: explore | Action: 1
BLIP2ITMClient.cosine: (480, 640, 3), Seems like there is a toilet ahead.
Sticking to last point.
Best value: 22.12%
Step: 164 | Mode: explore | Action: 1
BLIP2ITMClient.cosine: (480, 640, 3), Seems like there is a toilet ahead.
Sticking to last point.
Best value: 22.12%
Step: 165 | Mode: explore | Action: 0
Success rate: 66.67% (2 out of 3)
Episode 0 in scene TEEsavR23oF failed due to 'never_saw_target_did_not_travel_stairs_likely_infeasible'.
Logging episode 0000 to results/pilot/vlfm_original_jsons/0_TEEsavR23oF.json
BLIP2ITMClient.cosine: (480, 640, 3), Seems like there is a potted plant ahead.
Step: 0 | Mode: initialize | Action: 2
BLIP2ITMClient.cosine: (480, 640, 3), Seems like there is a potted plant ahead.
Step: 1 | Mode: initialize | Action: 2
BLIP2ITMClient.cosine: (480, 640, 3), Seems like there is a potted plant ahead.
Step: 2 | Mode: initialize | Action: 2
BLIP2ITMClient.cosine: (480, 640, 3), Seems like there is a potted plant ahead.
Step: 3 | Mode: initialize | Action: 2
BLIP2ITMClient.cosine: (480, 640, 3), Seems like there is a potted plant ahead.
Step: 4 | Mode: initialize | Action: 2
BLIP2ITMClient.cosine: (480, 640, 3), Seems like there is a potted plant ahead.
Step: 5 | Mode: initialize | Action: 2
BLIP2ITMClient.cosine: (480, 640, 3), Seems like there is a potted plant ahead.
Step: 6 | Mode: initialize | Action: 2
BLIP2ITMClient.cosine: (480, 640, 3), Seems like there is a potted plant ahead.
Step: 7 | Mode: initialize | Action: 2
BLIP2ITMClient.cosine: (480, 640, 3), Seems like there is a potted plant ahead.
Step: 8 | Mode: initialize | Action: 2
BLIP2ITMClient.cosine: (480, 640, 3), Seems like there is a potted plant ahead.
Step: 9 | Mode: initialize | Action: 2
BLIP2ITMClient.cosine: (480, 640, 3), Seems like there is a potted plant ahead.
Step: 10 | Mode: initialize | Action: 2
BLIP2ITMClient.cosine: (480, 640, 3), Seems like there is a potted plant ahead.
Step: 11 | Mode: initialize | Action: 2
BLIP2ITMClient.cosine: (480, 640, 3), Seems like there is a potted plant ahead.
Best value: 11.44%
Step: 12 | Mode: explore | Action: 3
BLIP2ITMClient.cosine: (480, 640, 3), Seems like there is a potted plant ahead.
Sticking to last point.
Best value: 11.20%
Step: 13 | Mode: explore | Action: 3
BLIP2ITMClient.cosine: (480, 640, 3), Seems like there is a potted plant ahead.
Sticking to last point.
Best value: 11.20%
Step: 14 | Mode: explore | Action: 1
BLIP2ITMClient.cosine: (480, 640, 3), Seems like there is a potted plant ahead.
Sticking to last point.
Best value: 11.20%
Step: 15 | Mode: explore | Action: 2
BLIP2ITMClient.cosine: (480, 640, 3), Seems like there is a potted plant ahead.
Sticking to last point.
Best value: 11.12%
Step: 16 | Mode: explore | Action: 2
BLIP2ITMClient.cosine: (480, 640, 3), Seems like there is a potted plant ahead.
Best value: 11.10%
Step: 17 | Mode: explore | Action: 3
BLIP2ITMClient.cosine: (480, 640, 3), Seems like there is a potted plant ahead.
Sticking to last point.
Best value: 11.10%
Step: 18 | Mode: explore | Action: 2
BLIP2ITMClient.cosine: (480, 640, 3), Seems like there is a potted plant ahead.
Sticking to last point.
Best value: 11.11%
Step: 19 | Mode: explore | Action: 2
BLIP2ITMClient.cosine: (480, 640, 3), Seems like there is a potted plant ahead.
Sticking to last point.
Best value: 11.11%
Step: 20 | Mode: explore | Action: 2
BLIP2ITMClient.cosine: (480, 640, 3), Seems like there is a potted plant ahead.
Sticking to last point.
Best value: 11.60%
Step: 21 | Mode: explore | Action: 2
BLIP2ITMClient.cosine: (480, 640, 3), Seems like there is a potted plant ahead.
Sticking to last point.
Best value: 11.27%
Step: 22 | Mode: explore | Action: 1
BLIP2ITMClient.cosine: (480, 640, 3), Seems like there is a potted plant ahead.
Sticking to last point.
Best value: 11.04%
Step: 23 | Mode: explore | Action: 1
BLIP2ITMClient.cosine: (480, 640, 3), Seems like there is a potted plant ahead.
Best value: 11.41%
Step: 24 | Mode: explore | Action: 1
BLIP2ITMClient.cosine: (480, 640, 3), Seems like there is a potted plant ahead.
Sticking to last point.
Best value: 11.41%
Step: 25 | Mode: explore | Action: 3
BLIP2ITMClient.cosine: (480, 640, 3), Seems like there is a potted plant ahead.
Sticking to last point.
Best value: 10.84%
Step: 26 | Mode: explore | Action: 1
BLIP2ITMClient.cosine: (480, 640, 3), Seems like there is a potted plant ahead.
Sticking to last point.
Best value: 11.16%
Step: 27 | Mode: explore | Action: 1
BLIP2ITMClient.cosine: (480, 640, 3), Seems like there is a potted plant ahead.
Sticking to last point.
Best value: 11.16%
Step: 28 | Mode: explore | Action: 3
BLIP2ITMClient.cosine: (480, 640, 3), Seems like there is a potted plant ahead.
Best value: 11.06%
Step: 29 | Mode: explore | Action: 1
BLIP2ITMClient.cosine: (480, 640, 3), Seems like there is a potted plant ahead.
Sticking to last point.
Best value: 11.06%
Step: 30 | Mode: explore | Action: 3
BLIP2ITMClient.cosine: (480, 640, 3), Seems like there is a potted plant ahead.
Sticking to last point.
Best value: 11.06%
Step: 31 | Mode: explore | Action: 1
BLIP2ITMClient.cosine: (480, 640, 3), Seems like there is a potted plant ahead.
Sticking to last point.
Best value: 11.06%
Step: 32 | Mode: explore | Action: 1
BLIP2ITMClient.cosine: (480, 640, 3), Seems like there is a potted plant ahead.
Sticking to last point.
Best value: 11.06%
Step: 33 | Mode: explore | Action: 3
BLIP2ITMClient.cosine: (480, 640, 3), Seems like there is a potted plant ahead.
Sticking to last point.
Best value: 11.06%
Step: 34 | Mode: explore | Action: 1
BLIP2ITMClient.cosine: (480, 640, 3), Seems like there is a potted plant ahead.
Sticking to last point.
Best value: 11.06%
Step: 35 | Mode: explore | Action: 1
BLIP2ITMClient.cosine: (480, 640, 3), Seems like there is a potted plant ahead.
Sticking to last point.
Best value: 11.06%
Step: 36 | Mode: explore | Action: 1
BLIP2ITMClient.cosine: (480, 640, 3), Seems like there is a potted plant ahead.
Sticking to last point.
Best value: 11.06%
Step: 37 | Mode: explore | Action: 1
BLIP2ITMClient.cosine: (480, 640, 3), Seems like there is a potted plant ahead.
Sticking to last point.
Best value: 11.06%
Step: 38 | Mode: explore | Action: 1
BLIP2ITMClient.cosine: (480, 640, 3), Seems like there is a potted plant ahead.
Sticking to last point.
Best value: 11.06%
Step: 39 | Mode: explore | Action: 1
BLIP2ITMClient.cosine: (480, 640, 3), Seems like there is a potted plant ahead.
Sticking to last point.
Best value: 11.06%
Step: 40 | Mode: explore | Action: 1
BLIP2ITMClient.cosine: (480, 640, 3), Seems like there is a potted plant ahead.
Sticking to last point.
Best value: 11.06%
Step: 41 | Mode: explore | Action: 3
BLIP2ITMClient.cosine: (480, 640, 3), Seems like there is a potted plant ahead.
Best value: 11.55%
Step: 42 | Mode: explore | Action: 2
BLIP2ITMClient.cosine: (480, 640, 3), Seems like there is a potted plant ahead.
Sticking to last point.
Best value: 11.55%
Step: 43 | Mode: explore | Action: 2
BLIP2ITMClient.cosine: (480, 640, 3), Seems like there is a potted plant ahead.
Best value: 11.20%
Step: 44 | Mode: explore | Action: 1
BLIP2ITMClient.cosine: (480, 640, 3), Seems like there is a potted plant ahead.
Sticking to last point.
Best value: 10.93%
Step: 45 | Mode: explore | Action: 2
BLIP2ITMClient.cosine: (480, 640, 3), Seems like there is a potted plant ahead.
Sticking to last point.
Best value: 10.94%
Step: 46 | Mode: explore | Action: 1
BLIP2ITMClient.cosine: (480, 640, 3), Seems like there is a potted plant ahead.
Sticking to last point.
Best value: 10.93%
Step: 47 | Mode: explore | Action: 1
BLIP2ITMClient.cosine: (480, 640, 3), Seems like there is a potted plant ahead.
Sticking to last point.
Best value: 10.94%
Step: 48 | Mode: explore | Action: 1
BLIP2ITMClient.cosine: (480, 640, 3), Seems like there is a potted plant ahead.
Best value: 10.99%
Step: 49 | Mode: explore | Action: 1
BLIP2ITMClient.cosine: (480, 640, 3), Seems like there is a potted plant ahead.
Sticking to last point.
Best value: 10.99%
Step: 50 | Mode: explore | Action: 2
BLIP2ITMClient.cosine: (480, 640, 3), Seems like there is a potted plant ahead.
Sticking to last point.
Best value: 10.99%
Step: 51 | Mode: explore | Action: 2
BLIP2ITMClient.cosine: (480, 640, 3), Seems like there is a potted plant ahead.
Sticking to last point.
Best value: 10.99%
Step: 52 | Mode: explore | Action: 1
BLIP2ITMClient.cosine: (480, 640, 3), Seems like there is a potted plant ahead.
Sticking to last point.
Best value: 10.99%
Step: 53 | Mode: explore | Action: 1
BLIP2ITMClient.cosine: (480, 640, 3), Seems like there is a potted plant ahead.
Sticking to last point.
Best value: 10.99%
Step: 54 | Mode: explore | Action: 1
BLIP2ITMClient.cosine: (480, 640, 3), Seems like there is a potted plant ahead.
Sticking to last point.
Best value: 10.99%
Step: 55 | Mode: explore | Action: 1
BLIP2ITMClient.cosine: (480, 640, 3), Seems like there is a potted plant ahead.
Sticking to last point.
Best value: 10.99%
Step: 56 | Mode: explore | Action: 1
BLIP2ITMClient.cosine: (480, 640, 3), Seems like there is a potted plant ahead.
Sticking to last point.
Best value: 10.99%
Step: 57 | Mode: explore | Action: 1
BLIP2ITMClient.cosine: (480, 640, 3), Seems like there is a potted plant ahead.
Sticking to last point.
Best value: 10.99%
Step: 58 | Mode: explore | Action: 2
BLIP2ITMClient.cosine: (480, 640, 3), Seems like there is a potted plant ahead.
Sticking to last point.
Best value: 11.00%
Step: 59 | Mode: explore | Action: 1
BLIP2ITMClient.cosine: (480, 640, 3), Seems like there is a potted plant ahead.
Sticking to last point.
Best value: 11.00%
Step: 60 | Mode: explore | Action: 1
BLIP2ITMClient.cosine: (480, 640, 3), Seems like there is a potted plant ahead.
Sticking to last point.
Best value: 11.00%
Step: 61 | Mode: explore | Action: 1
BLIP2ITMClient.cosine: (480, 640, 3), Seems like there is a potted plant ahead.
Sticking to last point.
Best value: 11.00%
Step: 62 | Mode: explore | Action: 2
BLIP2ITMClient.cosine: (480, 640, 3), Seems like there is a potted plant ahead.
Best value: 10.95%
Step: 63 | Mode: explore | Action: 2
BLIP2ITMClient.cosine: (480, 640, 3), Seems like there is a potted plant ahead.
Sticking to last point.
Best value: 10.95%
Step: 64 | Mode: explore | Action: 2
BLIP2ITMClient.cosine: (480, 640, 3), Seems like there is a potted plant ahead.
Sticking to last point.
Best value: 10.95%
Step: 65 | Mode: explore | Action: 2
BLIP2ITMClient.cosine: (480, 640, 3), Seems like there is a potted plant ahead.
Sticking to last point.
Best value: 10.95%
Step: 66 | Mode: explore | Action: 2
BLIP2ITMClient.cosine: (480, 640, 3), Seems like there is a potted plant ahead.
Best value: 11.15%
Step: 67 | Mode: explore | Action: 2
BLIP2ITMClient.cosine: (480, 640, 3), Seems like there is a potted plant ahead.
Sticking to last point.
Best value: 11.15%
Step: 68 | Mode: explore | Action: 1
BLIP2ITMClient.cosine: (480, 640, 3), Seems like there is a potted plant ahead.
Sticking to last point.
Best value: 11.15%
Step: 69 | Mode: explore | Action: 1
BLIP2ITMClient.cosine: (480, 640, 3), Seems like there is a potted plant ahead.
Sticking to last point.
Best value: 11.15%
Step: 70 | Mode: explore | Action: 3
BLIP2ITMClient.cosine: (480, 640, 3), Seems like there is a potted plant ahead.
Sticking to last point.
Best value: 11.15%
Step: 71 | Mode: explore | Action: 1
BLIP2ITMClient.cosine: (480, 640, 3), Seems like there is a potted plant ahead.
Sticking to last point.
Best value: 11.15%
Step: 72 | Mode: explore | Action: 1
BLIP2ITMClient.cosine: (480, 640, 3), Seems like there is a potted plant ahead.
Sticking to last point.
Best value: 11.15%
Step: 73 | Mode: explore | Action: 1
BLIP2ITMClient.cosine: (480, 640, 3), Seems like there is a potted plant ahead.
Sticking to last point.
Best value: 11.15%
Step: 74 | Mode: explore | Action: 3
BLIP2ITMClient.cosine: (480, 640, 3), Seems like there is a potted plant ahead.
Sticking to last point.
Best value: 11.15%
Step: 75 | Mode: explore | Action: 1
BLIP2ITMClient.cosine: (480, 640, 3), Seems like there is a potted plant ahead.
Sticking to last point.
Best value: 11.15%
Step: 76 | Mode: explore | Action: 1
BLIP2ITMClient.cosine: (480, 640, 3), Seems like there is a potted plant ahead.
Sticking to last point.
Best value: 11.15%
Step: 77 | Mode: explore | Action: 3
BLIP2ITMClient.cosine: (480, 640, 3), Seems like there is a potted plant ahead.
Sticking to last point.
Best value: 11.21%
Step: 78 | Mode: explore | Action: 1
BLIP2ITMClient.cosine: (480, 640, 3), Seems like there is a potted plant ahead.
Sticking to last point.
Best value: 11.21%
Step: 79 | Mode: explore | Action: 1
BLIP2ITMClient.cosine: (480, 640, 3), Seems like there is a potted plant ahead.
Sticking to last point.
Best value: 11.21%
Step: 80 | Mode: explore | Action: 1
BLIP2ITMClient.cosine: (480, 640, 3), Seems like there is a potted plant ahead.
Best value: 11.40%
Step: 81 | Mode: explore | Action: 3
BLIP2ITMClient.cosine: (480, 640, 3), Seems like there is a potted plant ahead.
Best value: 11.32%
Step: 82 | Mode: explore | Action: 1
BLIP2ITMClient.cosine: (480, 640, 3), Seems like there is a potted plant ahead.
Best value: 11.20%
Step: 83 | Mode: explore | Action: 1
BLIP2ITMClient.cosine: (480, 640, 3), Seems like there is a potted plant ahead.
Sticking to last point.
Best value: 10.91%
Step: 84 | Mode: explore | Action: 1
BLIP2ITMClient.cosine: (480, 640, 3), Seems like there is a potted plant ahead.
Sticking to last point.
Best value: 11.11%
Step: 85 | Mode: explore | Action: 1
BLIP2ITMClient.cosine: (480, 640, 3), Seems like there is a potted plant ahead.
Sticking to last point.
Best value: 13.64%
Step: 86 | Mode: explore | Action: 1
BLIP2ITMClient.cosine: (480, 640, 3), Seems like there is a potted plant ahead.
Sticking to last point.
Best value: 13.79%
Step: 87 | Mode: explore | Action: 1
BLIP2ITMClient.cosine: (480, 640, 3), Seems like there is a potted plant ahead.
Sticking to last point.
Best value: 13.48%
Step: 88 | Mode: explore | Action: 1
BLIP2ITMClient.cosine: (480, 640, 3), Seems like there is a potted plant ahead.
Sticking to last point.
Best value: 12.79%
Step: 89 | Mode: explore | Action: 3
BLIP2ITMClient.cosine: (480, 640, 3), Seems like there is a potted plant ahead.
Sticking to last point.
Best value: 12.01%
Step: 90 | Mode: explore | Action: 1
BLIP2ITMClient.cosine: (480, 640, 3), Seems like there is a potted plant ahead.
Sticking to last point.
Best value: 11.79%
Step: 91 | Mode: explore | Action: 1
BLIP2ITMClient.cosine: (480, 640, 3), Seems like there is a potted plant ahead.
Sticking to last point.
Best value: 12.14%
Step: 92 | Mode: explore | Action: 1
BLIP2ITMClient.cosine: (480, 640, 3), Seems like there is a potted plant ahead.
Sticking to last point.
Best value: 12.60%
Step: 93 | Mode: explore | Action: 1
BLIP2ITMClient.cosine: (480, 640, 3), Seems like there is a potted plant ahead.
Sticking to last point.
Best value: 12.06%
Step: 94 | Mode: explore | Action: 1
BLIP2ITMClient.cosine: (480, 640, 3), Seems like there is a potted plant ahead.
Sticking to last point.
Best value: 11.82%
Step: 95 | Mode: explore | Action: 1
BLIP2ITMClient.cosine: (480, 640, 3), Seems like there is a potted plant ahead.
Sticking to last point.
Best value: 11.83%
Step: 96 | Mode: explore | Action: 2
BLIP2ITMClient.cosine: (480, 640, 3), Seems like there is a potted plant ahead.
Step: 97 | Mode: navigate | Action: 1
BLIP2ITMClient.cosine: (480, 640, 3), Seems like there is a potted plant ahead.
Step: 98 | Mode: navigate | Action: 1
BLIP2ITMClient.cosine: (480, 640, 3), Seems like there is a potted plant ahead.
Step: 99 | Mode: navigate | Action: 1
BLIP2ITMClient.cosine: (480, 640, 3), Seems like there is a potted plant ahead.
Step: 100 | Mode: navigate | Action: 1
BLIP2ITMClient.cosine: (480, 640, 3), Seems like there is a potted plant ahead.
Step: 101 | Mode: navigate | Action: 1
BLIP2ITMClient.cosine: (480, 640, 3), Seems like there is a potted plant ahead.
Step: 102 | Mode: navigate | Action: 2
BLIP2ITMClient.cosine: (480, 640, 3), Seems like there is a potted plant ahead.
Step: 103 | Mode: navigate | Action: 2
BLIP2ITMClient.cosine: (480, 640, 3), Seems like there is a potted plant ahead.
Step: 104 | Mode: navigate | Action: 1
BLIP2ITMClient.cosine: (480, 640, 3), Seems like there is a potted plant ahead.
Step: 105 | Mode: navigate | Action: 1
BLIP2ITMClient.cosine: (480, 640, 3), Seems like there is a potted plant ahead.
Step: 106 | Mode: navigate | Action: 1
BLIP2ITMClient.cosine: (480, 640, 3), Seems like there is a potted plant ahead.
Step: 107 | Mode: navigate | Action: 2
BLIP2ITMClient.cosine: (480, 640, 3), Seems like there is a potted plant ahead.
Step: 108 | Mode: navigate | Action: 1
BLIP2ITMClient.cosine: (480, 640, 3), Seems like there is a potted plant ahead.
Step: 109 | Mode: navigate | Action: 3
BLIP2ITMClient.cosine: (480, 640, 3), Seems like there is a potted plant ahead.
Step: 110 | Mode: navigate | Action: 1
BLIP2ITMClient.cosine: (480, 640, 3), Seems like there is a potted plant ahead.
Step: 111 | Mode: navigate | Action: 1
BLIP2ITMClient.cosine: (480, 640, 3), Seems like there is a potted plant ahead.
Step: 112 | Mode: navigate | Action: 1
BLIP2ITMClient.cosine: (480, 640, 3), Seems like there is a potted plant ahead.
Step: 113 | Mode: navigate | Action: 3
BLIP2ITMClient.cosine: (480, 640, 3), Seems like there is a potted plant ahead.
Step: 114 | Mode: navigate | Action: 1
BLIP2ITMClient.cosine: (480, 640, 3), Seems like there is a potted plant ahead.
Step: 115 | Mode: navigate | Action: 3
BLIP2ITMClient.cosine: (480, 640, 3), Seems like there is a potted plant ahead.
Step: 116 | Mode: navigate | Action: 1
BLIP2ITMClient.cosine: (480, 640, 3), Seems like there is a potted plant ahead.
Step: 117 | Mode: navigate | Action: 3
BLIP2ITMClient.cosine: (480, 640, 3), Seems like there is a potted plant ahead.
Step: 118 | Mode: navigate | Action: 2
BLIP2ITMClient.cosine: (480, 640, 3), Seems like there is a potted plant ahead.
Step: 119 | Mode: navigate | Action: 1
BLIP2ITMClient.cosine: (480, 640, 3), Seems like there is a potted plant ahead.
Step: 120 | Mode: navigate | Action: 3
BLIP2ITMClient.cosine: (480, 640, 3), Seems like there is a potted plant ahead.
Step: 121 | Mode: navigate | Action: 3
BLIP2ITMClient.cosine: (480, 640, 3), Seems like there is a potted plant ahead.
Step: 122 | Mode: navigate | Action: 3
BLIP2ITMClient.cosine: (480, 640, 3), Seems like there is a potted plant ahead.
Step: 123 | Mode: navigate | Action: 3
BLIP2ITMClient.cosine: (480, 640, 3), Seems like there is a potted plant ahead.
Step: 124 | Mode: navigate | Action: 3
BLIP2ITMClient.cosine: (480, 640, 3), Seems like there is a potted plant ahead.
Step: 125 | Mode: navigate | Action: 3
BLIP2ITMClient.cosine: (480, 640, 3), Seems like there is a potted plant ahead.
Step: 126 | Mode: navigate | Action: 1
BLIP2ITMClient.cosine: (480, 640, 3), Seems like there is a potted plant ahead.
Step: 127 | Mode: navigate | Action: 1
BLIP2ITMClient.cosine: (480, 640, 3), Seems like there is a potted plant ahead.
Step: 128 | Mode: navigate | Action: 2
BLIP2ITMClient.cosine: (480, 640, 3), Seems like there is a potted plant ahead.
Step: 129 | Mode: navigate | Action: 1
BLIP2ITMClient.cosine: (480, 640, 3), Seems like there is a potted plant ahead.
Step: 130 | Mode: navigate | Action: 2
BLIP2ITMClient.cosine: (480, 640, 3), Seems like there is a potted plant ahead.
Step: 131 | Mode: navigate | Action: 1
BLIP2ITMClient.cosine: (480, 640, 3), Seems like there is a potted plant ahead.
Step: 132 | Mode: navigate | Action: 1
BLIP2ITMClient.cosine: (480, 640, 3), Seems like there is a potted plant ahead.
Step: 133 | Mode: navigate | Action: 2
BLIP2ITMClient.cosine: (480, 640, 3), Seems like there is a potted plant ahead.
Step: 134 | Mode: navigate | Action: 1
BLIP2ITMClient.cosine: (480, 640, 3), Seems like there is a potted plant ahead.
Step: 135 | Mode: navigate | Action: 1
BLIP2ITMClient.cosine: (480, 640, 3), Seems like there is a potted plant ahead.
Step: 136 | Mode: navigate | Action: 1
BLIP2ITMClient.cosine: (480, 640, 3), Seems like there is a potted plant ahead.
Step: 137 | Mode: navigate | Action: 2
BLIP2ITMClient.cosine: (480, 640, 3), Seems like there is a potted plant ahead.
Step: 138 | Mode: navigate | Action: 2
BLIP2ITMClient.cosine: (480, 640, 3), Seems like there is a potted plant ahead.
Step: 139 | Mode: navigate | Action: 1
BLIP2ITMClient.cosine: (480, 640, 3), Seems like there is a potted plant ahead.
 13%|█▎        | 4/30 [03:11<21:48, 50.33s/it]Step: 140 | Mode: navigate | Action: 1
BLIP2ITMClient.cosine: (480, 640, 3), Seems like there is a potted plant ahead.
Step: 141 | Mode: navigate | Action: 1
BLIP2ITMClient.cosine: (480, 640, 3), Seems like there is a potted plant ahead.
Step: 142 | Mode: navigate | Action: 2
BLIP2ITMClient.cosine: (480, 640, 3), Seems like there is a potted plant ahead.
Step: 143 | Mode: navigate | Action: 1
BLIP2ITMClient.cosine: (480, 640, 3), Seems like there is a potted plant ahead.
Step: 144 | Mode: navigate | Action: 2
BLIP2ITMClient.cosine: (480, 640, 3), Seems like there is a potted plant ahead.
Step: 145 | Mode: navigate | Action: 1
BLIP2ITMClient.cosine: (480, 640, 3), Seems like there is a potted plant ahead.
Step: 146 | Mode: navigate | Action: 2
BLIP2ITMClient.cosine: (480, 640, 3), Seems like there is a potted plant ahead.
Step: 147 | Mode: navigate | Action: 1
BLIP2ITMClient.cosine: (480, 640, 3), Seems like there is a potted plant ahead.
Step: 148 | Mode: navigate | Action: 3
BLIP2ITMClient.cosine: (480, 640, 3), Seems like there is a potted plant ahead.
Step: 149 | Mode: navigate | Action: 3
BLIP2ITMClient.cosine: (480, 640, 3), Seems like there is a potted plant ahead.
Step: 150 | Mode: navigate | Action: 3
BLIP2ITMClient.cosine: (480, 640, 3), Seems like there is a potted plant ahead.
Step: 151 | Mode: navigate | Action: 3
BLIP2ITMClient.cosine: (480, 640, 3), Seems like there is a potted plant ahead.
Step: 152 | Mode: navigate | Action: 3
BLIP2ITMClient.cosine: (480, 640, 3), Seems like there is a potted plant ahead.
Step: 153 | Mode: navigate | Action: 1
BLIP2ITMClient.cosine: (480, 640, 3), Seems like there is a potted plant ahead.
Step: 154 | Mode: navigate | Action: 2
BLIP2ITMClient.cosine: (480, 640, 3), Seems like there is a potted plant ahead.
Step: 155 | Mode: navigate | Action: 2
BLIP2ITMClient.cosine: (480, 640, 3), Seems like there is a potted plant ahead.
Step: 156 | Mode: navigate | Action: 1
BLIP2ITMClient.cosine: (480, 640, 3), Seems like there is a potted plant ahead.
Step: 157 | Mode: navigate | Action: 2
BLIP2ITMClient.cosine: (480, 640, 3), Seems like there is a potted plant ahead.
Step: 158 | Mode: navigate | Action: 1
BLIP2ITMClient.cosine: (480, 640, 3), Seems like there is a potted plant ahead.
Step: 159 | Mode: navigate | Action: 1
BLIP2ITMClient.cosine: (480, 640, 3), Seems like there is a potted plant ahead.
Step: 160 | Mode: navigate | Action: 1
BLIP2ITMClient.cosine: (480, 640, 3), Seems like there is a potted plant ahead.
Step: 161 | Mode: navigate | Action: 1
BLIP2ITMClient.cosine: (480, 640, 3), Seems like there is a potted plant ahead.
Step: 162 | Mode: navigate | Action: 0
Success rate: 50.00% (2 out of 4)
Episode 11 in scene TEEsavR23oF failed due to 'false_positive'.
Logging episode 0011 to results/pilot/vlfm_original_jsons/11_TEEsavR23oF.json
BLIP2ITMClient.cosine: (480, 640, 3), Seems like there is a bed ahead.
Step: 0 | Mode: initialize | Action: 2
BLIP2ITMClient.cosine: (480, 640, 3), Seems like there is a bed ahead.
Step: 1 | Mode: initialize | Action: 2
BLIP2ITMClient.cosine: (480, 640, 3), Seems like there is a bed ahead.
Step: 2 | Mode: initialize | Action: 2
BLIP2ITMClient.cosine: (480, 640, 3), Seems like there is a bed ahead.
Step: 3 | Mode: initialize | Action: 2
BLIP2ITMClient.cosine: (480, 640, 3), Seems like there is a bed ahead.
Step: 4 | Mode: initialize | Action: 2
BLIP2ITMClient.cosine: (480, 640, 3), Seems like there is a bed ahead.
Step: 5 | Mode: initialize | Action: 2
BLIP2ITMClient.cosine: (480, 640, 3), Seems like there is a bed ahead.
Step: 6 | Mode: initialize | Action: 2
BLIP2ITMClient.cosine: (480, 640, 3), Seems like there is a bed ahead.
Step: 7 | Mode: initialize | Action: 2
BLIP2ITMClient.cosine: (480, 640, 3), Seems like there is a bed ahead.
Step: 8 | Mode: initialize | Action: 2
BLIP2ITMClient.cosine: (480, 640, 3), Seems like there is a bed ahead.
Step: 9 | Mode: initialize | Action: 2
BLIP2ITMClient.cosine: (480, 640, 3), Seems like there is a bed ahead.
Step: 10 | Mode: initialize | Action: 2
BLIP2ITMClient.cosine: (480, 640, 3), Seems like there is a bed ahead.
Step: 11 | Mode: initialize | Action: 2
BLIP2ITMClient.cosine: (480, 640, 3), Seems like there is a bed ahead.
Best value: 13.15%
Step: 12 | Mode: explore | Action: 2
BLIP2ITMClient.cosine: (480, 640, 3), Seems like there is a bed ahead.
Sticking to last point.
Best value: 13.15%
Step: 13 | Mode: explore | Action: 2
BLIP2ITMClient.cosine: (480, 640, 3), Seems like there is a bed ahead.
Sticking to last point.
Best value: 13.15%
Step: 14 | Mode: explore | Action: 2
BLIP2ITMClient.cosine: (480, 640, 3), Seems like there is a bed ahead.
Sticking to last point.
Best value: 13.15%
Step: 15 | Mode: explore | Action: 1
BLIP2ITMClient.cosine: (480, 640, 3), Seems like there is a bed ahead.
Sticking to last point.
Best value: 13.15%
Step: 16 | Mode: explore | Action: 2
BLIP2ITMClient.cosine: (480, 640, 3), Seems like there is a bed ahead.
Sticking to last point.
Best value: 13.15%
Step: 17 | Mode: explore | Action: 1
BLIP2ITMClient.cosine: (480, 640, 3), Seems like there is a bed ahead.
Sticking to last point.
Best value: 13.15%
Step: 18 | Mode: explore | Action: 2
BLIP2ITMClient.cosine: (480, 640, 3), Seems like there is a bed ahead.
Sticking to last point.
Best value: 13.15%
Step: 19 | Mode: explore | Action: 1
BLIP2ITMClient.cosine: (480, 640, 3), Seems like there is a bed ahead.
Sticking to last point.
Best value: 13.15%
Step: 20 | Mode: explore | Action: 1
BLIP2ITMClient.cosine: (480, 640, 3), Seems like there is a bed ahead.
Sticking to last point.
Best value: 13.15%
Step: 21 | Mode: explore | Action: 2
BLIP2ITMClient.cosine: (480, 640, 3), Seems like there is a bed ahead.
Best value: 12.31%
Step: 22 | Mode: explore | Action: 3
BLIP2ITMClient.cosine: (480, 640, 3), Seems like there is a bed ahead.
Sticking to last point.
Best value: 12.31%
Step: 23 | Mode: explore | Action: 1
BLIP2ITMClient.cosine: (480, 640, 3), Seems like there is a bed ahead.
Sticking to last point.
Best value: 12.31%
Step: 24 | Mode: explore | Action: 3
BLIP2ITMClient.cosine: (480, 640, 3), Seems like there is a bed ahead.
Sticking to last point.
Best value: 12.31%
Step: 25 | Mode: explore | Action: 1
BLIP2ITMClient.cosine: (480, 640, 3), Seems like there is a bed ahead.
Sticking to last point.
Best value: 12.31%
Step: 26 | Mode: explore | Action: 1
BLIP2ITMClient.cosine: (480, 640, 3), Seems like there is a bed ahead.
Sticking to last point.
Best value: 12.31%
Step: 27 | Mode: explore | Action: 1
BLIP2ITMClient.cosine: (480, 640, 3), Seems like there is a bed ahead.
Sticking to last point.
Best value: 12.31%
Step: 28 | Mode: explore | Action: 1
BLIP2ITMClient.cosine: (480, 640, 3), Seems like there is a bed ahead.
Sticking to last point.
Best value: 12.31%
Step: 29 | Mode: explore | Action: 3
BLIP2ITMClient.cosine: (480, 640, 3), Seems like there is a bed ahead.
Sticking to last point.
Best value: 13.94%
Step: 30 | Mode: explore | Action: 1
BLIP2ITMClient.cosine: (480, 640, 3), Seems like there is a bed ahead.
Sticking to last point.
Best value: 13.61%
Step: 31 | Mode: explore | Action: 1
BLIP2ITMClient.cosine: (480, 640, 3), Seems like there is a bed ahead.
Best value: 15.92%
Step: 32 | Mode: explore | Action: 1
BLIP2ITMClient.cosine: (480, 640, 3), Seems like there is a bed ahead.
Sticking to last point.
Best value: 16.24%
Step: 33 | Mode: explore | Action: 1
BLIP2ITMClient.cosine: (480, 640, 3), Seems like there is a bed ahead.
Sticking to last point.
Best value: 16.40%
Step: 34 | Mode: explore | Action: 1
BLIP2ITMClient.cosine: (480, 640, 3), Seems like there is a bed ahead.
Sticking to last point.
Best value: 16.48%
Step: 35 | Mode: explore | Action: 2
BLIP2ITMClient.cosine: (480, 640, 3), Seems like there is a bed ahead.
Best value: 14.07%
Step: 36 | Mode: explore | Action: 1
BLIP2ITMClient.cosine: (480, 640, 3), Seems like there is a bed ahead.
Sticking to last point.
Best value: 13.16%
Step: 37 | Mode: explore | Action: 2
BLIP2ITMClient.cosine: (480, 640, 3), Seems like there is a bed ahead.
Sticking to last point.
Best value: 13.16%
Step: 38 | Mode: explore | Action: 1
BLIP2ITMClient.cosine: (480, 640, 3), Seems like there is a bed ahead.
Sticking to last point.
Best value: 13.16%
Step: 39 | Mode: explore | Action: 2
BLIP2ITMClient.cosine: (480, 640, 3), Seems like there is a bed ahead.
Sticking to last point.
Best value: 13.16%
Step: 40 | Mode: explore | Action: 1
BLIP2ITMClient.cosine: (480, 640, 3), Seems like there is a bed ahead.
Sticking to last point.
Best value: 13.16%
Step: 41 | Mode: explore | Action: 3
BLIP2ITMClient.cosine: (480, 640, 3), Seems like there is a bed ahead.
Sticking to last point.
Best value: 13.16%
Step: 42 | Mode: explore | Action: 3
BLIP2ITMClient.cosine: (480, 640, 3), Seems like there is a bed ahead.
Sticking to last point.
Best value: 12.46%
Step: 43 | Mode: explore | Action: 3
BLIP2ITMClient.cosine: (480, 640, 3), Seems like there is a bed ahead.
Sticking to last point.
Best value: 14.37%
Step: 44 | Mode: explore | Action: 3
BLIP2ITMClient.cosine: (480, 640, 3), Seems like there is a bed ahead.
Sticking to last point.
Best value: 14.37%
Step: 45 | Mode: explore | Action: 1
BLIP2ITMClient.cosine: (480, 640, 3), Seems like there is a bed ahead.
Sticking to last point.
Best value: 14.37%
Step: 46 | Mode: explore | Action: 2
BLIP2ITMClient.cosine: (480, 640, 3), Seems like there is a bed ahead.
Sticking to last point.
Best value: 14.31%
Step: 47 | Mode: explore | Action: 1
BLIP2ITMClient.cosine: (480, 640, 3), Seems like there is a bed ahead.
Sticking to last point.
Best value: 13.32%
Step: 48 | Mode: explore | Action: 1
BLIP2ITMClient.cosine: (480, 640, 3), Seems like there is a bed ahead.
Sticking to last point.
Best value: 12.78%
Step: 49 | Mode: explore | Action: 1
BLIP2ITMClient.cosine: (480, 640, 3), Seems like there is a bed ahead.
Sticking to last point.
Best value: 12.79%
Step: 50 | Mode: explore | Action: 2
BLIP2ITMClient.cosine: (480, 640, 3), Seems like there is a bed ahead.
Best value: 16.84%
Step: 51 | Mode: explore | Action: 3
BLIP2ITMClient.cosine: (480, 640, 3), Seems like there is a bed ahead.
Sticking to last point.
Best value: 16.84%
Step: 52 | Mode: explore | Action: 3
BLIP2ITMClient.cosine: (480, 640, 3), Seems like there is a bed ahead.
Sticking to last point.
Best value: 17.06%
Step: 53 | Mode: explore | Action: 1
BLIP2ITMClient.cosine: (480, 640, 3), Seems like there is a bed ahead.
Sticking to last point.
Best value: 17.06%
Step: 54 | Mode: explore | Action: 1
BLIP2ITMClient.cosine: (480, 640, 3), Seems like there is a bed ahead.
Sticking to last point.
Best value: 17.06%
Step: 55 | Mode: explore | Action: 3
BLIP2ITMClient.cosine: (480, 640, 3), Seems like there is a bed ahead.
Best value: 17.69%
Step: 56 | Mode: explore | Action: 1
BLIP2ITMClient.cosine: (480, 640, 3), Seems like there is a bed ahead.
Sticking to last point.
Best value: 18.99%
Step: 57 | Mode: explore | Action: 3
BLIP2ITMClient.cosine: (480, 640, 3), Seems like there is a bed ahead.
Sticking to last point.
Best value: 19.29%
Step: 58 | Mode: explore | Action: 1
BLIP2ITMClient.cosine: (480, 640, 3), Seems like there is a bed ahead.
Sticking to last point.
Best value: 18.50%
Step: 59 | Mode: explore | Action: 1
BLIP2ITMClient.cosine: (480, 640, 3), Seems like there is a bed ahead.
Sticking to last point.
Best value: 18.30%
Step: 60 | Mode: explore | Action: 1
BLIP2ITMClient.cosine: (480, 640, 3), Seems like there is a bed ahead.
Best value: 18.57%
Step: 61 | Mode: explore | Action: 1
BLIP2ITMClient.cosine: (480, 640, 3), Seems like there is a bed ahead.
Sticking to last point.
Best value: 18.57%
Step: 62 | Mode: explore | Action: 3
BLIP2ITMClient.cosine: (480, 640, 3), Seems like there is a bed ahead.
Best value: 16.76%
Step: 63 | Mode: explore | Action: 1
BLIP2ITMClient.cosine: (480, 640, 3), Seems like there is a bed ahead.
Best value: 16.07%
Step: 64 | Mode: explore | Action: 1
BLIP2ITMClient.cosine: (480, 640, 3), Seems like there is a bed ahead.
Sticking to last point.
Best value: 16.07%
Step: 65 | Mode: explore | Action: 2
BLIP2ITMClient.cosine: (480, 640, 3), Seems like there is a bed ahead.
Sticking to last point.
Best value: 17.26%
Step: 66 | Mode: explore | Action: 1
BLIP2ITMClient.cosine: (480, 640, 3), Seems like there is a bed ahead.
Sticking to last point.
Best value: 17.26%
Step: 67 | Mode: explore | Action: 1
BLIP2ITMClient.cosine: (480, 640, 3), Seems like there is a bed ahead.
Sticking to last point.
Best value: 18.33%
Step: 68 | Mode: explore | Action: 2
BLIP2ITMClient.cosine: (480, 640, 3), Seems like there is a bed ahead.
Best value: 17.17%
Step: 69 | Mode: explore | Action: 1
BLIP2ITMClient.cosine: (480, 640, 3), Seems like there is a bed ahead.
Sticking to last point.
Best value: 16.48%
Step: 70 | Mode: explore | Action: 1
BLIP2ITMClient.cosine: (480, 640, 3), Seems like there is a bed ahead.
Sticking to last point.
Best value: 17.41%
Step: 71 | Mode: explore | Action: 1
BLIP2ITMClient.cosine: (480, 640, 3), Seems like there is a bed ahead.
Sticking to last point.
Best value: 16.72%
Step: 72 | Mode: explore | Action: 1
BLIP2ITMClient.cosine: (480, 640, 3), Seems like there is a bed ahead.
Sticking to last point.
Best value: 17.17%
Step: 73 | Mode: explore | Action: 1
BLIP2ITMClient.cosine: (480, 640, 3), Seems like there is a bed ahead.
Sticking to last point.
Best value: 16.67%
Step: 74 | Mode: explore | Action: 2
BLIP2ITMClient.cosine: (480, 640, 3), Seems like there is a bed ahead.
Best value: 16.06%
Step: 75 | Mode: explore | Action: 3
BLIP2ITMClient.cosine: (480, 640, 3), Seems like there is a bed ahead.
Sticking to last point.
Best value: 16.06%
Step: 76 | Mode: explore | Action: 3
BLIP2ITMClient.cosine: (480, 640, 3), Seems like there is a bed ahead.
Sticking to last point.
Best value: 16.06%
Step: 77 | Mode: explore | Action: 3
BLIP2ITMClient.cosine: (480, 640, 3), Seems like there is a bed ahead.
Sticking to last point.
Best value: 16.06%
Step: 78 | Mode: explore | Action: 3
BLIP2ITMClient.cosine: (480, 640, 3), Seems like there is a bed ahead.
Sticking to last point.
Best value: 16.06%
Step: 79 | Mode: explore | Action: 3
BLIP2ITMClient.cosine: (480, 640, 3), Seems like there is a bed ahead.
Sticking to last point.
Best value: 16.06%
Step: 80 | Mode: explore | Action: 3
BLIP2ITMClient.cosine: (480, 640, 3), Seems like there is a bed ahead.
Sticking to last point.
Best value: 16.06%
Step: 81 | Mode: explore | Action: 1
BLIP2ITMClient.cosine: (480, 640, 3), Seems like there is a bed ahead.
Sticking to last point.
Best value: 16.06%
Step: 82 | Mode: explore | Action: 1
BLIP2ITMClient.cosine: (480, 640, 3), Seems like there is a bed ahead.
Sticking to last point.
Best value: 16.06%
Step: 83 | Mode: explore | Action: 2
BLIP2ITMClient.cosine: (480, 640, 3), Seems like there is a bed ahead.
Sticking to last point.
Best value: 16.06%
Step: 84 | Mode: explore | Action: 1
BLIP2ITMClient.cosine: (480, 640, 3), Seems like there is a bed ahead.
Sticking to last point.
Best value: 16.06%
Step: 85 | Mode: explore | Action: 1
BLIP2ITMClient.cosine: (480, 640, 3), Seems like there is a bed ahead.
Sticking to last point.
Best value: 16.06%
Step: 86 | Mode: explore | Action: 2
BLIP2ITMClient.cosine: (480, 640, 3), Seems like there is a bed ahead.
Sticking to last point.
Best value: 16.09%
Step: 87 | Mode: explore | Action: 1
BLIP2ITMClient.cosine: (480, 640, 3), Seems like there is a bed ahead.
Sticking to last point.
Best value: 16.79%
Step: 88 | Mode: explore | Action: 1
BLIP2ITMClient.cosine: (480, 640, 3), Seems like there is a bed ahead.
Sticking to last point.
Best value: 16.79%
Step: 89 | Mode: explore | Action: 1
BLIP2ITMClient.cosine: (480, 640, 3), Seems like there is a bed ahead.
Best value: 18.33%
Step: 90 | Mode: explore | Action: 2
BLIP2ITMClient.cosine: (480, 640, 3), Seems like there is a bed ahead.
Sticking to last point.
Best value: 20.41%
Step: 91 | Mode: explore | Action: 1
BLIP2ITMClient.cosine: (480, 640, 3), Seems like there is a bed ahead.
Sticking to last point.
Best value: 20.52%
Step: 92 | Mode: explore | Action: 1
BLIP2ITMClient.cosine: (480, 640, 3), Seems like there is a bed ahead.
Sticking to last point.
Best value: 20.36%
Step: 93 | Mode: explore | Action: 1
BLIP2ITMClient.cosine: (480, 640, 3), Seems like there is a bed ahead.
Sticking to last point.
Best value: 19.72%
Step: 94 | Mode: explore | Action: 1
BLIP2ITMClient.cosine: (480, 640, 3), Seems like there is a bed ahead.
Sticking to last point.
Best value: 20.09%
Step: 95 | Mode: explore | Action: 1
BLIP2ITMClient.cosine: (480, 640, 3), Seems like there is a bed ahead.
Sticking to last point.
Best value: 20.40%
Step: 96 | Mode: explore | Action: 2
BLIP2ITMClient.cosine: (480, 640, 3), Seems like there is a bed ahead.
Sticking to last point.
Best value: 21.04%
Step: 97 | Mode: explore | Action: 1
BLIP2ITMClient.cosine: (480, 640, 3), Seems like there is a bed ahead.
Sticking to last point.
Best value: 21.21%
Step: 98 | Mode: explore | Action: 1
BLIP2ITMClient.cosine: (480, 640, 3), Seems like there is a bed ahead.
Sticking to last point.
Best value: 22.37%
Step: 99 | Mode: explore | Action: 1
BLIP2ITMClient.cosine: (480, 640, 3), Seems like there is a bed ahead.
Best value: 22.58%
Step: 100 | Mode: explore | Action: 2
BLIP2ITMClient.cosine: (480, 640, 3), Seems like there is a bed ahead.
Sticking to last point.
Best value: 22.59%
Step: 101 | Mode: explore | Action: 3
BLIP2ITMClient.cosine: (480, 640, 3), Seems like there is a bed ahead.
Sticking to last point.
Best value: 22.35%
Step: 102 | Mode: explore | Action: 1
BLIP2ITMClient.cosine: (480, 640, 3), Seems like there is a bed ahead.
Sticking to last point.
Best value: 22.00%
Step: 103 | Mode: explore | Action: 1
BLIP2ITMClient.cosine: (480, 640, 3), Seems like there is a bed ahead.
Sticking to last point.
Best value: 22.22%
Step: 104 | Mode: explore | Action: 1
BLIP2ITMClient.cosine: (480, 640, 3), Seems like there is a bed ahead.
Sticking to last point.
Best value: 22.36%
Step: 105 | Mode: explore | Action: 2
BLIP2ITMClient.cosine: (480, 640, 3), Seems like there is a bed ahead.
Sticking to last point.
Best value: 22.36%
Step: 106 | Mode: explore | Action: 2
BLIP2ITMClient.cosine: (480, 640, 3), Seems like there is a bed ahead.
Sticking to last point.
Best value: 22.36%
Step: 107 | Mode: explore | Action: 2
BLIP2ITMClient.cosine: (480, 640, 3), Seems like there is a bed ahead.
Sticking to last point.
Best value: 22.36%
Step: 108 | Mode: explore | Action: 3
BLIP2ITMClient.cosine: (480, 640, 3), Seems like there is a bed ahead.
Sticking to last point.
Best value: 22.36%
Step: 109 | Mode: explore | Action: 3
BLIP2ITMClient.cosine: (480, 640, 3), Seems like there is a bed ahead.
Sticking to last point.
Best value: 22.36%
Step: 110 | Mode: explore | Action: 3
BLIP2ITMClient.cosine: (480, 640, 3), Seems like there is a bed ahead.
Sticking to last point.
Best value: 22.42%
Step: 111 | Mode: explore | Action: 2
BLIP2ITMClient.cosine: (480, 640, 3), Seems like there is a bed ahead.
Sticking to last point.
Best value: 22.42%
Step: 112 | Mode: explore | Action: 2
BLIP2ITMClient.cosine: (480, 640, 3), Seems like there is a bed ahead.
Sticking to last point.
Best value: 22.42%
Step: 113 | Mode: explore | Action: 2
BLIP2ITMClient.cosine: (480, 640, 3), Seems like there is a bed ahead.
Sticking to last point.
Best value: 22.42%
Step: 114 | Mode: explore | Action: 2
BLIP2ITMClient.cosine: (480, 640, 3), Seems like there is a bed ahead.
Sticking to last point.
Best value: 22.42%
Step: 115 | Mode: explore | Action: 1
BLIP2ITMClient.cosine: (480, 640, 3), Seems like there is a bed ahead.
Sticking to last point.
Best value: 22.42%
Step: 116 | Mode: explore | Action: 1
BLIP2ITMClient.cosine: (480, 640, 3), Seems like there is a bed ahead.
Sticking to last point.
Best value: 22.42%
Step: 117 | Mode: explore | Action: 1
BLIP2ITMClient.cosine: (480, 640, 3), Seems like there is a bed ahead.
Sticking to last point.
Best value: 22.42%
Step: 118 | Mode: explore | Action: 3
BLIP2ITMClient.cosine: (480, 640, 3), Seems like there is a bed ahead.
Sticking to last point.
Best value: 22.42%
Step: 119 | Mode: explore | Action: 1
BLIP2ITMClient.cosine: (480, 640, 3), Seems like there is a bed ahead.
Sticking to last point.
Best value: 22.42%
Step: 120 | Mode: explore | Action: 1
BLIP2ITMClient.cosine: (480, 640, 3), Seems like there is a bed ahead.
Sticking to last point.
Best value: 22.42%
Step: 121 | Mode: explore | Action: 3
BLIP2ITMClient.cosine: (480, 640, 3), Seems like there is a bed ahead.
Sticking to last point.
Best value: 22.42%
Step: 122 | Mode: explore | Action: 3
BLIP2ITMClient.cosine: (480, 640, 3), Seems like there is a bed ahead.
Sticking to last point.
Best value: 22.42%
Step: 123 | Mode: explore | Action: 3
BLIP2ITMClient.cosine: (480, 640, 3), Seems like there is a bed ahead.
Best value: 21.07%
Step: 124 | Mode: explore | Action: 3
BLIP2ITMClient.cosine: (480, 640, 3), Seems like there is a bed ahead.
Sticking to last point.
Best value: 21.09%
Step: 125 | Mode: explore | Action: 3
BLIP2ITMClient.cosine: (480, 640, 3), Seems like there is a bed ahead.
Best value: 14.70%
Step: 126 | Mode: explore | Action: 2
BLIP2ITMClient.cosine: (480, 640, 3), Seems like there is a bed ahead.
Sticking to last point.
Best value: 14.70%
Step: 127 | Mode: explore | Action: 2
BLIP2ITMClient.cosine: (480, 640, 3), Seems like there is a bed ahead.
Sticking to last point.
Best value: 14.70%
Step: 128 | Mode: explore | Action: 2
BLIP2ITMClient.cosine: (480, 640, 3), Seems like there is a bed ahead.
Sticking to last point.
Best value: 14.70%
Step: 129 | Mode: explore | Action: 2
BLIP2ITMClient.cosine: (480, 640, 3), Seems like there is a bed ahead.
Sticking to last point.
Best value: 14.70%
Step: 130 | Mode: explore | Action: 2
BLIP2ITMClient.cosine: (480, 640, 3), Seems like there is a bed ahead.
Sticking to last point.
Best value: 14.70%
Step: 131 | Mode: explore | Action: 2
BLIP2ITMClient.cosine: (480, 640, 3), Seems like there is a bed ahead.
Sticking to last point.
Best value: 14.70%
Step: 132 | Mode: explore | Action: 2
BLIP2ITMClient.cosine: (480, 640, 3), Seems like there is a bed ahead.
Sticking to last point.
Best value: 14.70%
Step: 133 | Mode: explore | Action: 2
BLIP2ITMClient.cosine: (480, 640, 3), Seems like there is a bed ahead.
Sticking to last point.
Best value: 14.70%
Step: 134 | Mode: explore | Action: 2
BLIP2ITMClient.cosine: (480, 640, 3), Seems like there is a bed ahead.
Sticking to last point.
Best value: 14.70%
Step: 135 | Mode: explore | Action: 1
BLIP2ITMClient.cosine: (480, 640, 3), Seems like there is a bed ahead.
Sticking to last point.
Best value: 14.70%
Step: 136 | Mode: explore | Action: 1
BLIP2ITMClient.cosine: (480, 640, 3), Seems like there is a bed ahead.
Sticking to last point.
Best value: 14.70%
Step: 137 | Mode: explore | Action: 2
BLIP2ITMClient.cosine: (480, 640, 3), Seems like there is a bed ahead.
Sticking to last point.
Best value: 14.70%
Step: 138 | Mode: explore | Action: 1
BLIP2ITMClient.cosine: (480, 640, 3), Seems like there is a bed ahead.
Sticking to last point.
Best value: 14.70%
Step: 139 | Mode: explore | Action: 3
BLIP2ITMClient.cosine: (480, 640, 3), Seems like there is a bed ahead.
Sticking to last point.
Best value: 14.70%
Step: 140 | Mode: explore | Action: 1
BLIP2ITMClient.cosine: (480, 640, 3), Seems like there is a bed ahead.
Sticking to last point.
Best value: 14.70%
Step: 141 | Mode: explore | Action: 1
BLIP2ITMClient.cosine: (480, 640, 3), Seems like there is a bed ahead.
Sticking to last point.
Best value: 14.70%
Step: 142 | Mode: explore | Action: 3
BLIP2ITMClient.cosine: (480, 640, 3), Seems like there is a bed ahead.
Sticking to last point.
Best value: 14.70%
Step: 143 | Mode: explore | Action: 1
BLIP2ITMClient.cosine: (480, 640, 3), Seems like there is a bed ahead.
Sticking to last point.
Best value: 14.70%
Step: 144 | Mode: explore | Action: 1
BLIP2ITMClient.cosine: (480, 640, 3), Seems like there is a bed ahead.
Sticking to last point.
Best value: 14.70%
Step: 145 | Mode: explore | Action: 1
BLIP2ITMClient.cosine: (480, 640, 3), Seems like there is a bed ahead.
Sticking to last point.
Best value: 14.70%
Step: 146 | Mode: explore | Action: 1
BLIP2ITMClient.cosine: (480, 640, 3), Seems like there is a bed ahead.
Sticking to last point.
Best value: 14.70%
Step: 147 | Mode: explore | Action: 3
BLIP2ITMClient.cosine: (480, 640, 3), Seems like there is a bed ahead.
Sticking to last point.
Best value: 14.70%
Step: 148 | Mode: explore | Action: 1
BLIP2ITMClient.cosine: (480, 640, 3), Seems like there is a bed ahead.
Sticking to last point.
Best value: 14.70%
Step: 149 | Mode: explore | Action: 3
BLIP2ITMClient.cosine: (480, 640, 3), Seems like there is a bed ahead.
Sticking to last point.
Best value: 16.50%
Step: 150 | Mode: explore | Action: 1
BLIP2ITMClient.cosine: (480, 640, 3), Seems like there is a bed ahead.
Sticking to last point.
Best value: 17.26%
Step: 151 | Mode: explore | Action: 1
BLIP2ITMClient.cosine: (480, 640, 3), Seems like there is a bed ahead.
Sticking to last point.
Best value: 17.26%
Step: 152 | Mode: explore | Action: 3
BLIP2ITMClient.cosine: (480, 640, 3), Seems like there is a bed ahead.
Sticking to last point.
Best value: 18.72%
Step: 153 | Mode: explore | Action: 1
BLIP2ITMClient.cosine: (480, 640, 3), Seems like there is a bed ahead.
Sticking to last point.
Best value: 18.62%
Step: 154 | Mode: explore | Action: 1
BLIP2ITMClient.cosine: (480, 640, 3), Seems like there is a bed ahead.
Sticking to last point.
Best value: 17.88%
Step: 155 | Mode: explore | Action: 1
BLIP2ITMClient.cosine: (480, 640, 3), Seems like there is a bed ahead.
Sticking to last point.
Best value: 17.43%
Step: 156 | Mode: explore | Action: 1
BLIP2ITMClient.cosine: (480, 640, 3), Seems like there is a bed ahead.
Sticking to last point.
Best value: 18.11%
Step: 157 | Mode: explore | Action: 3
BLIP2ITMClient.cosine: (480, 640, 3), Seems like there is a bed ahead.
Sticking to last point.
Best value: 17.85%
Step: 158 | Mode: explore | Action: 1
BLIP2ITMClient.cosine: (480, 640, 3), Seems like there is a bed ahead.
Best value: 16.68%
Step: 159 | Mode: explore | Action: 1
BLIP2ITMClient.cosine: (480, 640, 3), Seems like there is a bed ahead.
Sticking to last point.
Best value: 17.92%
Step: 160 | Mode: explore | Action: 1
BLIP2ITMClient.cosine: (480, 640, 3), Seems like there is a bed ahead.
Sticking to last point.
Best value: 17.92%
Step: 161 | Mode: explore | Action: 2
BLIP2ITMClient.cosine: (480, 640, 3), Seems like there is a bed ahead.
Sticking to last point.
Best value: 17.67%
Step: 162 | Mode: explore | Action: 2
BLIP2ITMClient.cosine: (480, 640, 3), Seems like there is a bed ahead.
Best value: 13.06%
Step: 163 | Mode: explore | Action: 1
BLIP2ITMClient.cosine: (480, 640, 3), Seems like there is a bed ahead.
Sticking to last point.
Best value: 12.43%
Step: 164 | Mode: explore | Action: 2
BLIP2ITMClient.cosine: (480, 640, 3), Seems like there is a bed ahead.
Sticking to last point.
Best value: 13.65%
Step: 165 | Mode: explore | Action: 3
BLIP2ITMClient.cosine: (480, 640, 3), Seems like there is a bed ahead.
Sticking to last point.
Best value: 12.80%
Step: 166 | Mode: explore | Action: 3
BLIP2ITMClient.cosine: (480, 640, 3), Seems like there is a bed ahead.
Sticking to last point.
Best value: 12.80%
Step: 167 | Mode: explore | Action: 1
BLIP2ITMClient.cosine: (480, 640, 3), Seems like there is a bed ahead.
Sticking to last point.
Best value: 12.80%
Step: 168 | Mode: explore | Action: 2
BLIP2ITMClient.cosine: (480, 640, 3), Seems like there is a bed ahead.
Sticking to last point.
Best value: 12.52%
Step: 169 | Mode: explore | Action: 2
BLIP2ITMClient.cosine: (480, 640, 3), Seems like there is a bed ahead.
Sticking to last point.
Best value: 14.40%
Step: 170 | Mode: explore | Action: 2
BLIP2ITMClient.cosine: (480, 640, 3), Seems like there is a bed ahead.
Sticking to last point.
Best value: 14.40%
Step: 171 | Mode: explore | Action: 3
BLIP2ITMClient.cosine: (480, 640, 3), Seems like there is a bed ahead.
Sticking to last point.
Best value: 15.14%
Step: 172 | Mode: explore | Action: 3
BLIP2ITMClient.cosine: (480, 640, 3), Seems like there is a bed ahead.
Best value: 14.05%
Step: 173 | Mode: explore | Action: 3
BLIP2ITMClient.cosine: (480, 640, 3), Seems like there is a bed ahead.
Sticking to last point.
Best value: 14.05%
Step: 174 | Mode: explore | Action: 1
BLIP2ITMClient.cosine: (480, 640, 3), Seems like there is a bed ahead.
Sticking to last point.
Best value: 14.05%
Step: 175 | Mode: explore | Action: 2
BLIP2ITMClient.cosine: (480, 640, 3), Seems like there is a bed ahead.
Sticking to last point.
Best value: 13.32%
Step: 176 | Mode: explore | Action: 1
BLIP2ITMClient.cosine: (480, 640, 3), Seems like there is a bed ahead.
Sticking to last point.
Best value: 13.32%
Step: 177 | Mode: explore | Action: 2
BLIP2ITMClient.cosine: (480, 640, 3), Seems like there is a bed ahead.
Sticking to last point.
Best value: 15.23%
Step: 178 | Mode: explore | Action: 2
BLIP2ITMClient.cosine: (480, 640, 3), Seems like there is a bed ahead.
Sticking to last point.
Best value: 16.04%
Step: 179 | Mode: explore | Action: 1
BLIP2ITMClient.cosine: (480, 640, 3), Seems like there is a bed ahead.
Sticking to last point.
Best value: 15.85%
Step: 180 | Mode: explore | Action: 1
BLIP2ITMClient.cosine: (480, 640, 3), Seems like there is a bed ahead.
Sticking to last point.
Best value: 15.85%
Step: 181 | Mode: explore | Action: 1
BLIP2ITMClient.cosine: (480, 640, 3), Seems like there is a bed ahead.
Sticking to last point.
Best value: 15.85%
Step: 182 | Mode: explore | Action: 3
BLIP2ITMClient.cosine: (480, 640, 3), Seems like there is a bed ahead.
Best value: 17.05%
Step: 183 | Mode: explore | Action: 2
BLIP2ITMClient.cosine: (480, 640, 3), Seems like there is a bed ahead.
Sticking to last point.
Best value: 18.33%
Step: 184 | Mode: explore | Action: 2
BLIP2ITMClient.cosine: (480, 640, 3), Seems like there is a bed ahead.
Sticking to last point.
Best value: 19.80%
Step: 185 | Mode: explore | Action: 2
BLIP2ITMClient.cosine: (480, 640, 3), Seems like there is a bed ahead.
Sticking to last point.
Best value: 19.80%
Step: 186 | Mode: explore | Action: 2
BLIP2ITMClient.cosine: (480, 640, 3), Seems like there is a bed ahead.
Sticking to last point.
Best value: 19.80%
Step: 187 | Mode: explore | Action: 2
BLIP2ITMClient.cosine: (480, 640, 3), Seems like there is a bed ahead.
Sticking to last point.
Best value: 19.80%
Step: 188 | Mode: explore | Action: 2
BLIP2ITMClient.cosine: (480, 640, 3), Seems like there is a bed ahead.
Sticking to last point.
Best value: 19.80%
Step: 189 | Mode: explore | Action: 1
BLIP2ITMClient.cosine: (480, 640, 3), Seems like there is a bed ahead.
Sticking to last point.
Best value: 19.80%
Step: 190 | Mode: explore | Action: 1
BLIP2ITMClient.cosine: (480, 640, 3), Seems like there is a bed ahead.
Sticking to last point.
Best value: 19.80%
Step: 191 | Mode: explore | Action: 1
BLIP2ITMClient.cosine: (480, 640, 3), Seems like there is a bed ahead.
Sticking to last point.
Best value: 19.80%
Step: 192 | Mode: explore | Action: 1
BLIP2ITMClient.cosine: (480, 640, 3), Seems like there is a bed ahead.
Sticking to last point.
Best value: 19.80%
Step: 193 | Mode: explore | Action: 2
BLIP2ITMClient.cosine: (480, 640, 3), Seems like there is a bed ahead.
Sticking to last point.
Best value: 19.80%
Step: 194 | Mode: explore | Action: 1
BLIP2ITMClient.cosine: (480, 640, 3), Seems like there is a bed ahead.
Sticking to last point.
Best value: 19.80%
Step: 195 | Mode: explore | Action: 3
BLIP2ITMClient.cosine: (480, 640, 3), Seems like there is a bed ahead.
Sticking to last point.
Best value: 19.80%
Step: 196 | Mode: explore | Action: 3
BLIP2ITMClient.cosine: (480, 640, 3), Seems like there is a bed ahead.
Sticking to last point.
Best value: 19.80%
Step: 197 | Mode: explore | Action: 1
BLIP2ITMClient.cosine: (480, 640, 3), Seems like there is a bed ahead.
Sticking to last point.
Best value: 19.80%
Step: 198 | Mode: explore | Action: 1
BLIP2ITMClient.cosine: (480, 640, 3), Seems like there is a bed ahead.
Sticking to last point.
Best value: 19.80%
Step: 199 | Mode: explore | Action: 3
BLIP2ITMClient.cosine: (480, 640, 3), Seems like there is a bed ahead.
Sticking to last point.
Best value: 19.80%
Step: 200 | Mode: explore | Action: 1
BLIP2ITMClient.cosine: (480, 640, 3), Seems like there is a bed ahead.
Sticking to last point.
Best value: 19.80%
Step: 201 | Mode: explore | Action: 3
BLIP2ITMClient.cosine: (480, 640, 3), Seems like there is a bed ahead.
Sticking to last point.
Best value: 19.80%
Step: 202 | Mode: explore | Action: 1
BLIP2ITMClient.cosine: (480, 640, 3), Seems like there is a bed ahead.
Sticking to last point.
Best value: 19.80%
Step: 203 | Mode: explore | Action: 1
BLIP2ITMClient.cosine: (480, 640, 3), Seems like there is a bed ahead.
Sticking to last point.
Best value: 19.80%
Step: 204 | Mode: explore | Action: 3
BLIP2ITMClient.cosine: (480, 640, 3), Seems like there is a bed ahead.
Sticking to last point.
Best value: 19.73%
Step: 205 | Mode: explore | Action: 1
BLIP2ITMClient.cosine: (480, 640, 3), Seems like there is a bed ahead.
Sticking to last point.
Best value: 19.21%
Step: 206 | Mode: explore | Action: 1
BLIP2ITMClient.cosine: (480, 640, 3), Seems like there is a bed ahead.
Sticking to last point.
Best value: 19.73%
Step: 207 | Mode: explore | Action: 3
BLIP2ITMClient.cosine: (480, 640, 3), Seems like there is a bed ahead.
Best value: 18.16%
Step: 208 | Mode: explore | Action: 1
BLIP2ITMClient.cosine: (480, 640, 3), Seems like there is a bed ahead.
Sticking to last point.
Best value: 18.60%
Step: 209 | Mode: explore | Action: 1
BLIP2ITMClient.cosine: (480, 640, 3), Seems like there is a bed ahead.
Best value: 16.96%
Step: 210 | Mode: explore | Action: 1
BLIP2ITMClient.cosine: (480, 640, 3), Seems like there is a bed ahead.
Sticking to last point.
Best value: 16.88%
Step: 211 | Mode: explore | Action: 1
BLIP2ITMClient.cosine: (480, 640, 3), Seems like there is a bed ahead.
Sticking to last point.
Best value: 17.98%
Step: 212 | Mode: explore | Action: 1
BLIP2ITMClient.cosine: (480, 640, 3), Seems like there is a bed ahead.
Best value: 16.72%
Step: 213 | Mode: explore | Action: 1
BLIP2ITMClient.cosine: (480, 640, 3), Seems like there is a bed ahead.
Best value: 14.55%
Step: 214 | Mode: explore | Action: 1
BLIP2ITMClient.cosine: (480, 640, 3), Seems like there is a bed ahead.
Best value: 13.41%
Step: 215 | Mode: explore | Action: 1
BLIP2ITMClient.cosine: (480, 640, 3), Seems like there is a bed ahead.
Sticking to last point.
Best value: 13.04%
Step: 216 | Mode: explore | Action: 1
BLIP2ITMClient.cosine: (480, 640, 3), Seems like there is a bed ahead.
Best value: 12.47%
Step: 217 | Mode: explore | Action: 3
BLIP2ITMClient.cosine: (480, 640, 3), Seems like there is a bed ahead.
Sticking to last point.
Best value: 12.47%
Step: 218 | Mode: explore | Action: 3
BLIP2ITMClient.cosine: (480, 640, 3), Seems like there is a bed ahead.
Sticking to last point.
Best value: 12.47%
Step: 219 | Mode: explore | Action: 3
BLIP2ITMClient.cosine: (480, 640, 3), Seems like there is a bed ahead.
Sticking to last point.
Best value: 12.47%
Step: 220 | Mode: explore | Action: 3
BLIP2ITMClient.cosine: (480, 640, 3), Seems like there is a bed ahead.
Sticking to last point.
Best value: 12.47%
Step: 221 | Mode: explore | Action: 3
BLIP2ITMClient.cosine: (480, 640, 3), Seems like there is a bed ahead.
Sticking to last point.
Best value: 12.47%
Step: 222 | Mode: explore | Action: 3
BLIP2ITMClient.cosine: (480, 640, 3), Seems like there is a bed ahead.
Sticking to last point.
Best value: 12.47%
Step: 223 | Mode: explore | Action: 1
BLIP2ITMClient.cosine: (480, 640, 3), Seems like there is a bed ahead.
Sticking to last point.
Best value: 12.47%
Step: 224 | Mode: explore | Action: 1
BLIP2ITMClient.cosine: (480, 640, 3), Seems like there is a bed ahead.
Sticking to last point.
Best value: 12.47%
Step: 225 | Mode: explore | Action: 1
BLIP2ITMClient.cosine: (480, 640, 3), Seems like there is a bed ahead.
Sticking to last point.
Best value: 12.47%
Step: 226 | Mode: explore | Action: 1
BLIP2ITMClient.cosine: (480, 640, 3), Seems like there is a bed ahead.
Sticking to last point.
Best value: 12.47%
Step: 227 | Mode: explore | Action: 1
BLIP2ITMClient.cosine: (480, 640, 3), Seems like there is a bed ahead.
Sticking to last point.
Best value: 12.47%
Step: 228 | Mode: explore | Action: 1
BLIP2ITMClient.cosine: (480, 640, 3), Seems like there is a bed ahead.
Sticking to last point.
Best value: 12.47%
Step: 229 | Mode: explore | Action: 1
BLIP2ITMClient.cosine: (480, 640, 3), Seems like there is a bed ahead.
Sticking to last point.
Best value: 12.47%
Step: 230 | Mode: explore | Action: 1
BLIP2ITMClient.cosine: (480, 640, 3), Seems like there is a bed ahead.
Sticking to last point.
Best value: 12.47%
Step: 231 | Mode: explore | Action: 2
BLIP2ITMClient.cosine: (480, 640, 3), Seems like there is a bed ahead.
Sticking to last point.
Best value: 12.47%
Step: 232 | Mode: explore | Action: 1
BLIP2ITMClient.cosine: (480, 640, 3), Seems like there is a bed ahead.
Sticking to last point.
Best value: 12.47%
Step: 233 | Mode: explore | Action: 1
BLIP2ITMClient.cosine: (480, 640, 3), Seems like there is a bed ahead.
Sticking to last point.
Best value: 12.47%
Step: 234 | Mode: explore | Action: 1
BLIP2ITMClient.cosine: (480, 640, 3), Seems like there is a bed ahead.
Sticking to last point.
Best value: 12.47%
Step: 235 | Mode: explore | Action: 1
BLIP2ITMClient.cosine: (480, 640, 3), Seems like there is a bed ahead.
Sticking to last point.
Best value: 12.47%
Step: 236 | Mode: explore | Action: 2
BLIP2ITMClient.cosine: (480, 640, 3), Seems like there is a bed ahead.
Sticking to last point.
Best value: 12.47%
Step: 237 | Mode: explore | Action: 1
BLIP2ITMClient.cosine: (480, 640, 3), Seems like there is a bed ahead.
Sticking to last point.
Best value: 12.47%
Step: 238 | Mode: explore | Action: 2
BLIP2ITMClient.cosine: (480, 640, 3), Seems like there is a bed ahead.
Sticking to last point.
Best value: 12.47%
Step: 239 | Mode: explore | Action: 1
BLIP2ITMClient.cosine: (480, 640, 3), Seems like there is a bed ahead.
Sticking to last point.
Best value: 12.47%
Step: 240 | Mode: explore | Action: 2
BLIP2ITMClient.cosine: (480, 640, 3), Seems like there is a bed ahead.
Sticking to last point.
Best value: 12.59%
Step: 241 | Mode: explore | Action: 1
BLIP2ITMClient.cosine: (480, 640, 3), Seems like there is a bed ahead.
Sticking to last point.
Best value: 12.56%
Step: 242 | Mode: explore | Action: 1
BLIP2ITMClient.cosine: (480, 640, 3), Seems like there is a bed ahead.
Sticking to last point.
Best value: 12.41%
Step: 243 | Mode: explore | Action: 2
BLIP2ITMClient.cosine: (480, 640, 3), Seems like there is a bed ahead.
Sticking to last point.
Best value: 12.50%
Step: 244 | Mode: explore | Action: 1
BLIP2ITMClient.cosine: (480, 640, 3), Seems like there is a bed ahead.
Sticking to last point.
Best value: 12.76%
Step: 245 | Mode: explore | Action: 1
BLIP2ITMClient.cosine: (480, 640, 3), Seems like there is a bed ahead.
Sticking to last point.
Best value: 12.10%
Step: 246 | Mode: explore | Action: 2
BLIP2ITMClient.cosine: (480, 640, 3), Seems like there is a bed ahead.
Sticking to last point.
Best value: 12.10%
Step: 247 | Mode: explore | Action: 1
BLIP2ITMClient.cosine: (480, 640, 3), Seems like there is a bed ahead.
Sticking to last point.
Best value: 12.10%
Step: 248 | Mode: explore | Action: 3
BLIP2ITMClient.cosine: (480, 640, 3), Seems like there is a bed ahead.
Sticking to last point.
Best value: 12.13%
Step: 249 | Mode: explore | Action: 1
BLIP2ITMClient.cosine: (480, 640, 3), Seems like there is a bed ahead.
Sticking to last point.
Best value: 12.13%
Step: 250 | Mode: explore | Action: 3
BLIP2ITMClient.cosine: (480, 640, 3), Seems like there is a bed ahead.
Sticking to last point.
Best value: 12.42%
Step: 251 | Mode: explore | Action: 3
BLIP2ITMClient.cosine: (480, 640, 3), Seems like there is a bed ahead.
Best value: 11.36%
Step: 252 | Mode: explore | Action: 2
BLIP2ITMClient.cosine: (480, 640, 3), Seems like there is a bed ahead.
Sticking to last point.
Best value: 11.36%
Step: 253 | Mode: explore | Action: 2
BLIP2ITMClient.cosine: (480, 640, 3), Seems like there is a bed ahead.
Sticking to last point.
Best value: 11.36%
Step: 254 | Mode: explore | Action: 2
BLIP2ITMClient.cosine: (480, 640, 3), Seems like there is a bed ahead.
Sticking to last point.
Best value: 11.36%
Step: 255 | Mode: explore | Action: 2
BLIP2ITMClient.cosine: (480, 640, 3), Seems like there is a bed ahead.
Sticking to last point.
Best value: 11.37%
Step: 256 | Mode: explore | Action: 2
BLIP2ITMClient.cosine: (480, 640, 3), Seems like there is a bed ahead.
Sticking to last point.
Best value: 11.37%
Step: 257 | Mode: explore | Action: 2
BLIP2ITMClient.cosine: (480, 640, 3), Seems like there is a bed ahead.
Sticking to last point.
Best value: 11.37%
Step: 258 | Mode: explore | Action: 2
BLIP2ITMClient.cosine: (480, 640, 3), Seems like there is a bed ahead.
Sticking to last point.
Best value: 11.37%
Step: 259 | Mode: explore | Action: 2
BLIP2ITMClient.cosine: (480, 640, 3), Seems like there is a bed ahead.
Sticking to last point.
Best value: 11.37%
Step: 260 | Mode: explore | Action: 1
BLIP2ITMClient.cosine: (480, 640, 3), Seems like there is a bed ahead.
Sticking to last point.
Best value: 11.37%
Step: 261 | Mode: explore | Action: 1
BLIP2ITMClient.cosine: (480, 640, 3), Seems like there is a bed ahead.
Sticking to last point.
Best value: 11.37%
Step: 262 | Mode: explore | Action: 1
BLIP2ITMClient.cosine: (480, 640, 3), Seems like there is a bed ahead.
Sticking to last point.
Best value: 11.37%
Step: 263 | Mode: explore | Action: 1
BLIP2ITMClient.cosine: (480, 640, 3), Seems like there is a bed ahead.
Sticking to last point.
Best value: 11.37%
Step: 264 | Mode: explore | Action: 3
BLIP2ITMClient.cosine: (480, 640, 3), Seems like there is a bed ahead.
Sticking to last point.
Best value: 11.37%
Step: 265 | Mode: explore | Action: 1
BLIP2ITMClient.cosine: (480, 640, 3), Seems like there is a bed ahead.
Sticking to last point.
Best value: 11.37%
Step: 266 | Mode: explore | Action: 2
BLIP2ITMClient.cosine: (480, 640, 3), Seems like there is a bed ahead.
Sticking to last point.
Best value: 11.37%
Step: 267 | Mode: explore | Action: 1
BLIP2ITMClient.cosine: (480, 640, 3), Seems like there is a bed ahead.
Sticking to last point.
Best value: 11.37%
Step: 268 | Mode: explore | Action: 2
BLIP2ITMClient.cosine: (480, 640, 3), Seems like there is a bed ahead.
Sticking to last point.
Best value: 11.37%
Step: 269 | Mode: explore | Action: 1
BLIP2ITMClient.cosine: (480, 640, 3), Seems like there is a bed ahead.
Sticking to last point.
Best value: 11.37%
Step: 270 | Mode: explore | Action: 3
BLIP2ITMClient.cosine: (480, 640, 3), Seems like there is a bed ahead.
Sticking to last point.
Best value: 11.37%
Step: 271 | Mode: explore | Action: 3
BLIP2ITMClient.cosine: (480, 640, 3), Seems like there is a bed ahead.
Sticking to last point.
Best value: 11.37%
Step: 272 | Mode: explore | Action: 1
BLIP2ITMClient.cosine: (480, 640, 3), Seems like there is a bed ahead.
Sticking to last point.
Best value: 11.37%
Step: 273 | Mode: explore | Action: 3
BLIP2ITMClient.cosine: (480, 640, 3), Seems like there is a bed ahead.
Sticking to last point.
Best value: 11.37%
Step: 274 | Mode: explore | Action: 1
BLIP2ITMClient.cosine: (480, 640, 3), Seems like there is a bed ahead.
Sticking to last point.
Best value: 11.37%
Step: 275 | Mode: explore | Action: 3
BLIP2ITMClient.cosine: (480, 640, 3), Seems like there is a bed ahead.
Sticking to last point.
Best value: 11.37%
Step: 276 | Mode: explore | Action: 1
BLIP2ITMClient.cosine: (480, 640, 3), Seems like there is a bed ahead.
Sticking to last point.
Best value: 11.37%
Step: 277 | Mode: explore | Action: 1
BLIP2ITMClient.cosine: (480, 640, 3), Seems like there is a bed ahead.
Sticking to last point.
Best value: 11.37%
Step: 278 | Mode: explore | Action: 3
BLIP2ITMClient.cosine: (480, 640, 3), Seems like there is a bed ahead.
Sticking to last point.
Best value: 11.37%
Step: 279 | Mode: explore | Action: 1
BLIP2ITMClient.cosine: (480, 640, 3), Seems like there is a bed ahead.
Sticking to last point.
Best value: 11.37%
Step: 280 | Mode: explore | Action: 1
BLIP2ITMClient.cosine: (480, 640, 3), Seems like there is a bed ahead.
Sticking to last point.
Best value: 11.37%
Step: 281 | Mode: explore | Action: 1
BLIP2ITMClient.cosine: (480, 640, 3), Seems like there is a bed ahead.
Sticking to last point.
Best value: 11.37%
Step: 282 | Mode: explore | Action: 3
BLIP2ITMClient.cosine: (480, 640, 3), Seems like there is a bed ahead.
Sticking to last point.
Best value: 11.37%
Step: 283 | Mode: explore | Action: 1
BLIP2ITMClient.cosine: (480, 640, 3), Seems like there is a bed ahead.
Sticking to last point.
Best value: 11.39%
Step: 284 | Mode: explore | Action: 1
BLIP2ITMClient.cosine: (480, 640, 3), Seems like there is a bed ahead.
Sticking to last point.
Best value: 11.43%
Step: 285 | Mode: explore | Action: 1
BLIP2ITMClient.cosine: (480, 640, 3), Seems like there is a bed ahead.
Sticking to last point.
Best value: 14.89%
Step: 286 | Mode: explore | Action: 1
BLIP2ITMClient.cosine: (480, 640, 3), Seems like there is a bed ahead.
Sticking to last point.
Best value: 16.29%
Step: 287 | Mode: explore | Action: 1
BLIP2ITMClient.cosine: (480, 640, 3), Seems like there is a bed ahead.
Best value: 14.22%
Step: 288 | Mode: explore | Action: 1
BLIP2ITMClient.cosine: (480, 640, 3), Seems like there is a bed ahead.
Sticking to last point.
Best value: 13.71%
Step: 289 | Mode: explore | Action: 1
BLIP2ITMClient.cosine: (480, 640, 3), Seems like there is a bed ahead.
Sticking to last point.
Best value: 12.72%
Step: 290 | Mode: explore | Action: 1
BLIP2ITMClient.cosine: (480, 640, 3), Seems like there is a bed ahead.
Sticking to last point.
Best value: 12.26%
Step: 291 | Mode: explore | Action: 1
BLIP2ITMClient.cosine: (480, 640, 3), Seems like there is a bed ahead.
Sticking to last point.
Best value: 11.86%
Step: 292 | Mode: explore | Action: 1
BLIP2ITMClient.cosine: (480, 640, 3), Seems like there is a bed ahead.
Sticking to last point.
Best value: 11.49%
Step: 293 | Mode: explore | Action: 1
BLIP2ITMClient.cosine: (480, 640, 3), Seems like there is a bed ahead.
Sticking to last point.
Best value: 11.13%
Step: 294 | Mode: explore | Action: 1
BLIP2ITMClient.cosine: (480, 640, 3), Seems like there is a bed ahead.
Sticking to last point.
Best value: 10.83%
Step: 295 | Mode: explore | Action: 1
BLIP2ITMClient.cosine: (480, 640, 3), Seems like there is a bed ahead.
Sticking to last point.
Best value: 11.26%
Step: 296 | Mode: explore | Action: 3
BLIP2ITMClient.cosine: (480, 640, 3), Seems like there is a bed ahead.
Sticking to last point.
Best value: 10.86%
Step: 297 | Mode: explore | Action: 1
BLIP2ITMClient.cosine: (480, 640, 3), Seems like there is a bed ahead.
Sticking to last point.
Best value: 12.43%
Step: 298 | Mode: explore | Action: 1
BLIP2ITMClient.cosine: (480, 640, 3), Seems like there is a bed ahead.
Sticking to last point.
Best value: 11.99%
Step: 299 | Mode: explore | Action: 2
BLIP2ITMClient.cosine: (480, 640, 3), Seems like there is a bed ahead.
Sticking to last point.
Best value: 11.02%
Step: 300 | Mode: explore | Action: 2
BLIP2ITMClient.cosine: (480, 640, 3), Seems like there is a bed ahead.
Sticking to last point.
Best value: 11.02%
Step: 301 | Mode: explore | Action: 2
BLIP2ITMClient.cosine: (480, 640, 3), Seems like there is a bed ahead.
Sticking to last point.
Best value: 11.02%
Step: 302 | Mode: explore | Action: 2
BLIP2ITMClient.cosine: (480, 640, 3), Seems like there is a bed ahead.
Sticking to last point.
Best value: 11.02%
Step: 303 | Mode: explore | Action: 2
BLIP2ITMClient.cosine: (480, 640, 3), Seems like there is a bed ahead.
Sticking to last point.
Best value: 11.02%
Step: 304 | Mode: explore | Action: 2
BLIP2ITMClient.cosine: (480, 640, 3), Seems like there is a bed ahead.
Sticking to last point.
Best value: 11.02%
Step: 305 | Mode: explore | Action: 1
BLIP2ITMClient.cosine: (480, 640, 3), Seems like there is a bed ahead.
Sticking to last point.
Best value: 11.02%
Step: 306 | Mode: explore | Action: 1
BLIP2ITMClient.cosine: (480, 640, 3), Seems like there is a bed ahead.
Sticking to last point.
Best value: 11.02%
Step: 307 | Mode: explore | Action: 3
BLIP2ITMClient.cosine: (480, 640, 3), Seems like there is a bed ahead.
Sticking to last point.
Best value: 11.02%
Step: 308 | Mode: explore | Action: 3
BLIP2ITMClient.cosine: (480, 640, 3), Seems like there is a bed ahead.
Sticking to last point.
Best value: 11.02%
Step: 309 | Mode: explore | Action: 3
BLIP2ITMClient.cosine: (480, 640, 3), Seems like there is a bed ahead.
Sticking to last point.
Best value: 11.02%
Step: 310 | Mode: explore | Action: 3
BLIP2ITMClient.cosine: (480, 640, 3), Seems like there is a bed ahead.
Sticking to last point.
Best value: 11.02%
Step: 311 | Mode: explore | Action: 3
BLIP2ITMClient.cosine: (480, 640, 3), Seems like there is a bed ahead.
Sticking to last point.
Best value: 11.38%
Step: 312 | Mode: explore | Action: 3
BLIP2ITMClient.cosine: (480, 640, 3), Seems like there is a bed ahead.
Sticking to last point.
Best value: 10.95%
Step: 313 | Mode: explore | Action: 2
BLIP2ITMClient.cosine: (480, 640, 3), Seems like there is a bed ahead.
Sticking to last point.
Best value: 11.38%
Step: 314 | Mode: explore | Action: 2
BLIP2ITMClient.cosine: (480, 640, 3), Seems like there is a bed ahead.
Sticking to last point.
Best value: 11.32%
Step: 315 | Mode: explore | Action: 2
BLIP2ITMClient.cosine: (480, 640, 3), Seems like there is a bed ahead.
Sticking to last point.
Best value: 11.32%
Step: 316 | Mode: explore | Action: 2
BLIP2ITMClient.cosine: (480, 640, 3), Seems like there is a bed ahead.
Sticking to last point.
Best value: 11.32%
Step: 317 | Mode: explore | Action: 2
BLIP2ITMClient.cosine: (480, 640, 3), Seems like there is a bed ahead.
Sticking to last point.
Best value: 11.32%
Step: 318 | Mode: explore | Action: 1
BLIP2ITMClient.cosine: (480, 640, 3), Seems like there is a bed ahead.
Sticking to last point.
Best value: 11.32%
Step: 319 | Mode: explore | Action: 1
BLIP2ITMClient.cosine: (480, 640, 3), Seems like there is a bed ahead.
Sticking to last point.
Best value: 11.32%
Step: 320 | Mode: explore | Action: 1
BLIP2ITMClient.cosine: (480, 640, 3), Seems like there is a bed ahead.
Sticking to last point.
Best value: 11.32%
Step: 321 | Mode: explore | Action: 3
BLIP2ITMClient.cosine: (480, 640, 3), Seems like there is a bed ahead.
Sticking to last point.
Best value: 11.32%
Step: 322 | Mode: explore | Action: 3
BLIP2ITMClient.cosine: (480, 640, 3), Seems like there is a bed ahead.
Sticking to last point.
Best value: 11.32%
Step: 323 | Mode: explore | Action: 3
BLIP2ITMClient.cosine: (480, 640, 3), Seems like there is a bed ahead.
Sticking to last point.
Best value: 11.32%
Step: 324 | Mode: explore | Action: 3
BLIP2ITMClient.cosine: (480, 640, 3), Seems like there is a bed ahead.
Sticking to last point.
Best value: 10.85%
Step: 325 | Mode: explore | Action: 3
BLIP2ITMClient.cosine: (480, 640, 3), Seems like there is a bed ahead.
Sticking to last point.
Best value: 11.39%
Step: 326 | Mode: explore | Action: 3
BLIP2ITMClient.cosine: (480, 640, 3), Seems like there is a bed ahead.
Sticking to last point.
Best value: 11.39%
Step: 327 | Mode: explore | Action: 3
BLIP2ITMClient.cosine: (480, 640, 3), Seems like there is a bed ahead.
Sticking to last point.
Best value: 11.39%
Step: 328 | Mode: explore | Action: 2
BLIP2ITMClient.cosine: (480, 640, 3), Seems like there is a bed ahead.
Sticking to last point.
Best value: 11.39%
Step: 329 | Mode: explore | Action: 2
BLIP2ITMClient.cosine: (480, 640, 3), Seems like there is a bed ahead.
Sticking to last point.
Best value: 11.39%
Step: 330 | Mode: explore | Action: 2
BLIP2ITMClient.cosine: (480, 640, 3), Seems like there is a bed ahead.
Sticking to last point.
Best value: 11.16%
Step: 331 | Mode: explore | Action: 2
BLIP2ITMClient.cosine: (480, 640, 3), Seems like there is a bed ahead.
Sticking to last point.
Best value: 11.16%
Step: 332 | Mode: explore | Action: 2
BLIP2ITMClient.cosine: (480, 640, 3), Seems like there is a bed ahead.
Sticking to last point.
Best value: 11.16%
Step: 333 | Mode: explore | Action: 2
BLIP2ITMClient.cosine: (480, 640, 3), Seems like there is a bed ahead.
Sticking to last point.
Best value: 11.16%
Step: 334 | Mode: explore | Action: 1
BLIP2ITMClient.cosine: (480, 640, 3), Seems like there is a bed ahead.
Sticking to last point.
Best value: 11.16%
Step: 335 | Mode: explore | Action: 1
BLIP2ITMClient.cosine: (480, 640, 3), Seems like there is a bed ahead.
Sticking to last point.
Best value: 11.16%
Step: 336 | Mode: explore | Action: 1
BLIP2ITMClient.cosine: (480, 640, 3), Seems like there is a bed ahead.
Sticking to last point.
Best value: 11.16%
Step: 337 | Mode: explore | Action: 1
BLIP2ITMClient.cosine: (480, 640, 3), Seems like there is a bed ahead.
Sticking to last point.
Best value: 11.16%
Step: 338 | Mode: explore | Action: 3
BLIP2ITMClient.cosine: (480, 640, 3), Seems like there is a bed ahead.
Sticking to last point.
Best value: 11.16%
Step: 339 | Mode: explore | Action: 2
BLIP2ITMClient.cosine: (480, 640, 3), Seems like there is a bed ahead.
Sticking to last point.
Best value: 11.16%
Step: 340 | Mode: explore | Action: 2
BLIP2ITMClient.cosine: (480, 640, 3), Seems like there is a bed ahead.
Sticking to last point.
Best value: 11.16%
Step: 341 | Mode: explore | Action: 2
BLIP2ITMClient.cosine: (480, 640, 3), Seems like there is a bed ahead.
Sticking to last point.
Best value: 11.16%
Step: 342 | Mode: explore | Action: 2
BLIP2ITMClient.cosine: (480, 640, 3), Seems like there is a bed ahead.
Sticking to last point.
Best value: 11.16%
Step: 343 | Mode: explore | Action: 2
BLIP2ITMClient.cosine: (480, 640, 3), Seems like there is a bed ahead.
Sticking to last point.
Best value: 11.16%
Step: 344 | Mode: explore | Action: 2
BLIP2ITMClient.cosine: (480, 640, 3), Seems like there is a bed ahead.
Sticking to last point.
Best value: 11.16%
Step: 345 | Mode: explore | Action: 1
BLIP2ITMClient.cosine: (480, 640, 3), Seems like there is a bed ahead.
Sticking to last point.
Best value: 11.16%
Step: 346 | Mode: explore | Action: 2
BLIP2ITMClient.cosine: (480, 640, 3), Seems like there is a bed ahead.
Sticking to last point.
Best value: 11.16%
Step: 347 | Mode: explore | Action: 1
BLIP2ITMClient.cosine: (480, 640, 3), Seems like there is a bed ahead.
Sticking to last point.
Best value: 11.16%
Step: 348 | Mode: explore | Action: 1
BLIP2ITMClient.cosine: (480, 640, 3), Seems like there is a bed ahead.
Sticking to last point.
Best value: 11.16%
Step: 349 | Mode: explore | Action: 2
BLIP2ITMClient.cosine: (480, 640, 3), Seems like there is a bed ahead.
Sticking to last point.
Best value: 11.16%
Step: 350 | Mode: explore | Action: 1
BLIP2ITMClient.cosine: (480, 640, 3), Seems like there is a bed ahead.
Sticking to last point.
Best value: 11.15%
Step: 351 | Mode: explore | Action: 1
BLIP2ITMClient.cosine: (480, 640, 3), Seems like there is a bed ahead.
Sticking to last point.
Best value: 11.15%
Step: 352 | Mode: explore | Action: 1
BLIP2ITMClient.cosine: (480, 640, 3), Seems like there is a bed ahead.
Sticking to last point.
Best value: 11.15%
Step: 353 | Mode: explore | Action: 2
BLIP2ITMClient.cosine: (480, 640, 3), Seems like there is a bed ahead.
Sticking to last point.
Best value: 10.93%
Step: 354 | Mode: explore | Action: 1
BLIP2ITMClient.cosine: (480, 640, 3), Seems like there is a bed ahead.
Sticking to last point.
Best value: 10.93%
Step: 355 | Mode: explore | Action: 1
BLIP2ITMClient.cosine: (480, 640, 3), Seems like there is a bed ahead.
Sticking to last point.
Best value: 11.45%
Step: 356 | Mode: explore | Action: 3
BLIP2ITMClient.cosine: (480, 640, 3), Seems like there is a bed ahead.
Sticking to last point.
Best value: 11.45%
Step: 357 | Mode: explore | Action: 1
BLIP2ITMClient.cosine: (480, 640, 3), Seems like there is a bed ahead.
Sticking to last point.
Best value: 11.45%
Step: 358 | Mode: explore | Action: 3
BLIP2ITMClient.cosine: (480, 640, 3), Seems like there is a bed ahead.
Sticking to last point.
Best value: 11.45%
Step: 359 | Mode: explore | Action: 1
BLIP2ITMClient.cosine: (480, 640, 3), Seems like there is a bed ahead.
Sticking to last point.
Best value: 11.45%
Step: 360 | Mode: explore | Action: 2
BLIP2ITMClient.cosine: (480, 640, 3), Seems like there is a bed ahead.
Sticking to last point.
Best value: 11.45%
Step: 361 | Mode: explore | Action: 2
BLIP2ITMClient.cosine: (480, 640, 3), Seems like there is a bed ahead.
Sticking to last point.
Best value: 11.37%
Step: 362 | Mode: explore | Action: 1
BLIP2ITMClient.cosine: (480, 640, 3), Seems like there is a bed ahead.
Sticking to last point.
Best value: 11.38%
Step: 363 | Mode: explore | Action: 2
BLIP2ITMClient.cosine: (480, 640, 3), Seems like there is a bed ahead.
Sticking to last point.
Best value: 10.90%
Step: 364 | Mode: explore | Action: 2
BLIP2ITMClient.cosine: (480, 640, 3), Seems like there is a bed ahead.
Sticking to last point.
Best value: 11.88%
 17%|█▋        | 5/30 [05:07<30:51, 74.06s/it]Step: 365 | Mode: explore | Action: 2
BLIP2ITMClient.cosine: (480, 640, 3), Seems like there is a bed ahead.
Sticking to last point.
Best value: 11.90%
Step: 366 | Mode: explore | Action: 3
BLIP2ITMClient.cosine: (480, 640, 3), Seems like there is a bed ahead.
Sticking to last point.
Best value: 12.27%
Step: 367 | Mode: explore | Action: 3
BLIP2ITMClient.cosine: (480, 640, 3), Seems like there is a bed ahead.
Sticking to last point.
Best value: 11.56%
Step: 368 | Mode: explore | Action: 3
BLIP2ITMClient.cosine: (480, 640, 3), Seems like there is a bed ahead.
Sticking to last point.
Best value: 11.56%
Step: 369 | Mode: explore | Action: 1
BLIP2ITMClient.cosine: (480, 640, 3), Seems like there is a bed ahead.
Sticking to last point.
Best value: 11.56%
Step: 370 | Mode: explore | Action: 2
BLIP2ITMClient.cosine: (480, 640, 3), Seems like there is a bed ahead.
Sticking to last point.
Best value: 11.36%
Step: 371 | Mode: explore | Action: 2
BLIP2ITMClient.cosine: (480, 640, 3), Seems like there is a bed ahead.
Sticking to last point.
Best value: 10.46%
Step: 372 | Mode: explore | Action: 2
BLIP2ITMClient.cosine: (480, 640, 3), Seems like there is a bed ahead.
Sticking to last point.
Best value: 10.46%
Step: 373 | Mode: explore | Action: 3
BLIP2ITMClient.cosine: (480, 640, 3), Seems like there is a bed ahead.
Sticking to last point.
Best value: 10.19%
Step: 374 | Mode: explore | Action: 3
BLIP2ITMClient.cosine: (480, 640, 3), Seems like there is a bed ahead.
Sticking to last point.
Best value: 10.38%
Step: 375 | Mode: explore | Action: 3
BLIP2ITMClient.cosine: (480, 640, 3), Seems like there is a bed ahead.
Sticking to last point.
Best value: 10.38%
Step: 376 | Mode: explore | Action: 1
BLIP2ITMClient.cosine: (480, 640, 3), Seems like there is a bed ahead.
Sticking to last point.
Best value: 10.38%
Step: 377 | Mode: explore | Action: 2
BLIP2ITMClient.cosine: (480, 640, 3), Seems like there is a bed ahead.
Sticking to last point.
Best value: 10.38%
Step: 378 | Mode: explore | Action: 1
BLIP2ITMClient.cosine: (480, 640, 3), Seems like there is a bed ahead.
Sticking to last point.
Best value: 10.38%
Step: 379 | Mode: explore | Action: 3
BLIP2ITMClient.cosine: (480, 640, 3), Seems like there is a bed ahead.
Sticking to last point.
Best value: 10.38%
Step: 380 | Mode: explore | Action: 1
BLIP2ITMClient.cosine: (480, 640, 3), Seems like there is a bed ahead.
Sticking to last point.
Best value: 10.38%
Step: 381 | Mode: explore | Action: 1
BLIP2ITMClient.cosine: (480, 640, 3), Seems like there is a bed ahead.
Sticking to last point.
Best value: 10.38%
Step: 382 | Mode: explore | Action: 2
BLIP2ITMClient.cosine: (480, 640, 3), Seems like there is a bed ahead.
No frontiers found during exploration, stopping.
Step: 383 | Mode: explore | Action: 0
Success rate: 40.00% (2 out of 5)
Episode 10 in scene TEEsavR23oF failed due to 'false_negative'.
Logging episode 0010 to results/pilot/vlfm_original_jsons/10_TEEsavR23oF.json
BLIP2ITMClient.cosine: (480, 640, 3), Seems like there is a potted plant ahead.
Step: 0 | Mode: initialize | Action: 2
BLIP2ITMClient.cosine: (480, 640, 3), Seems like there is a potted plant ahead.
Step: 1 | Mode: initialize | Action: 2
BLIP2ITMClient.cosine: (480, 640, 3), Seems like there is a potted plant ahead.
Step: 2 | Mode: initialize | Action: 2
BLIP2ITMClient.cosine: (480, 640, 3), Seems like there is a potted plant ahead.
Step: 3 | Mode: initialize | Action: 2
BLIP2ITMClient.cosine: (480, 640, 3), Seems like there is a potted plant ahead.
Step: 4 | Mode: initialize | Action: 2
BLIP2ITMClient.cosine: (480, 640, 3), Seems like there is a potted plant ahead.
Step: 5 | Mode: initialize | Action: 2
BLIP2ITMClient.cosine: (480, 640, 3), Seems like there is a potted plant ahead.
Step: 6 | Mode: initialize | Action: 2
BLIP2ITMClient.cosine: (480, 640, 3), Seems like there is a potted plant ahead.
Step: 7 | Mode: initialize | Action: 2
BLIP2ITMClient.cosine: (480, 640, 3), Seems like there is a potted plant ahead.
Step: 8 | Mode: initialize | Action: 2
BLIP2ITMClient.cosine: (480, 640, 3), Seems like there is a potted plant ahead.
Step: 9 | Mode: initialize | Action: 2
BLIP2ITMClient.cosine: (480, 640, 3), Seems like there is a potted plant ahead.
Step: 10 | Mode: initialize | Action: 2
BLIP2ITMClient.cosine: (480, 640, 3), Seems like there is a potted plant ahead.
Step: 11 | Mode: initialize | Action: 2
BLIP2ITMClient.cosine: (480, 640, 3), Seems like there is a potted plant ahead.
Best value: 10.71%
Step: 12 | Mode: explore | Action: 2
BLIP2ITMClient.cosine: (480, 640, 3), Seems like there is a potted plant ahead.
Sticking to last point.
Best value: 10.58%
Step: 13 | Mode: explore | Action: 2
BLIP2ITMClient.cosine: (480, 640, 3), Seems like there is a potted plant ahead.
Sticking to last point.
Best value: 10.75%
Step: 14 | Mode: explore | Action: 1
BLIP2ITMClient.cosine: (480, 640, 3), Seems like there is a potted plant ahead.
Sticking to last point.
Best value: 10.51%
Step: 15 | Mode: explore | Action: 1
BLIP2ITMClient.cosine: (480, 640, 3), Seems like there is a potted plant ahead.
Best value: 11.56%
Step: 16 | Mode: explore | Action: 1
BLIP2ITMClient.cosine: (480, 640, 3), Seems like there is a potted plant ahead.
Sticking to last point.
Best value: 11.15%
Step: 17 | Mode: explore | Action: 1
BLIP2ITMClient.cosine: (480, 640, 3), Seems like there is a potted plant ahead.
Best value: 11.06%
Step: 18 | Mode: explore | Action: 1
BLIP2ITMClient.cosine: (480, 640, 3), Seems like there is a potted plant ahead.
Sticking to last point.
Best value: 10.63%
Step: 19 | Mode: explore | Action: 1
BLIP2ITMClient.cosine: (480, 640, 3), Seems like there is a potted plant ahead.
Sticking to last point.
Best value: 11.08%
Step: 20 | Mode: explore | Action: 1
BLIP2ITMClient.cosine: (480, 640, 3), Seems like there is a potted plant ahead.
Sticking to last point.
Best value: 10.74%
Step: 21 | Mode: explore | Action: 1
BLIP2ITMClient.cosine: (480, 640, 3), Seems like there is a potted plant ahead.
Sticking to last point.
Best value: 11.50%
Step: 22 | Mode: explore | Action: 1
BLIP2ITMClient.cosine: (480, 640, 3), Seems like there is a potted plant ahead.
Sticking to last point.
Best value: 11.35%
Step: 23 | Mode: explore | Action: 1
BLIP2ITMClient.cosine: (480, 640, 3), Seems like there is a potted plant ahead.
Sticking to last point.
Best value: 10.95%
Step: 24 | Mode: explore | Action: 1
BLIP2ITMClient.cosine: (480, 640, 3), Seems like there is a potted plant ahead.
Sticking to last point.
Best value: 10.87%
Step: 25 | Mode: explore | Action: 1
BLIP2ITMClient.cosine: (480, 640, 3), Seems like there is a potted plant ahead.
Sticking to last point.
Best value: 10.82%
Step: 26 | Mode: explore | Action: 1
BLIP2ITMClient.cosine: (480, 640, 3), Seems like there is a potted plant ahead.
Sticking to last point.
Best value: 10.82%
Step: 27 | Mode: explore | Action: 1
BLIP2ITMClient.cosine: (480, 640, 3), Seems like there is a potted plant ahead.
Sticking to last point.
Best value: 10.82%
Step: 28 | Mode: explore | Action: 1
BLIP2ITMClient.cosine: (480, 640, 3), Seems like there is a potted plant ahead.
Sticking to last point.
Best value: 10.82%
Step: 29 | Mode: explore | Action: 1
BLIP2ITMClient.cosine: (480, 640, 3), Seems like there is a potted plant ahead.
Sticking to last point.
Best value: 10.82%
Step: 30 | Mode: explore | Action: 2
BLIP2ITMClient.cosine: (480, 640, 3), Seems like there is a potted plant ahead.
Sticking to last point.
Best value: 10.87%
Step: 31 | Mode: explore | Action: 1
BLIP2ITMClient.cosine: (480, 640, 3), Seems like there is a potted plant ahead.
Sticking to last point.
Best value: 11.29%
Step: 32 | Mode: explore | Action: 1
BLIP2ITMClient.cosine: (480, 640, 3), Seems like there is a potted plant ahead.
Sticking to last point.
Best value: 11.51%
Step: 33 | Mode: explore | Action: 1
BLIP2ITMClient.cosine: (480, 640, 3), Seems like there is a potted plant ahead.
Sticking to last point.
Best value: 11.69%
Step: 34 | Mode: explore | Action: 1
BLIP2ITMClient.cosine: (480, 640, 3), Seems like there is a potted plant ahead.
Sticking to last point.
Best value: 11.69%
Step: 35 | Mode: explore | Action: 2
BLIP2ITMClient.cosine: (480, 640, 3), Seems like there is a potted plant ahead.
Sticking to last point.
Best value: 12.54%
Step: 36 | Mode: explore | Action: 1
BLIP2ITMClient.cosine: (480, 640, 3), Seems like there is a potted plant ahead.
Sticking to last point.
Best value: 15.23%
Step: 37 | Mode: explore | Action: 1
BLIP2ITMClient.cosine: (480, 640, 3), Seems like there is a potted plant ahead.
Best value: 13.83%
Step: 38 | Mode: explore | Action: 1
BLIP2ITMClient.cosine: (480, 640, 3), Seems like there is a potted plant ahead.
Sticking to last point.
Best value: 13.21%
Step: 39 | Mode: explore | Action: 1
BLIP2ITMClient.cosine: (480, 640, 3), Seems like there is a potted plant ahead.
Sticking to last point.
Best value: 12.47%
Step: 40 | Mode: explore | Action: 2
BLIP2ITMClient.cosine: (480, 640, 3), Seems like there is a potted plant ahead.
Best value: 11.93%
Step: 41 | Mode: explore | Action: 3
BLIP2ITMClient.cosine: (480, 640, 3), Seems like there is a potted plant ahead.
Sticking to last point.
Best value: 11.93%
Step: 42 | Mode: explore | Action: 1
BLIP2ITMClient.cosine: (480, 640, 3), Seems like there is a potted plant ahead.
Sticking to last point.
Best value: 11.93%
Step: 43 | Mode: explore | Action: 3
BLIP2ITMClient.cosine: (480, 640, 3), Seems like there is a potted plant ahead.
Sticking to last point.
Best value: 11.93%
Step: 44 | Mode: explore | Action: 3
BLIP2ITMClient.cosine: (480, 640, 3), Seems like there is a potted plant ahead.
Sticking to last point.
Best value: 11.93%
Step: 45 | Mode: explore | Action: 3
BLIP2ITMClient.cosine: (480, 640, 3), Seems like there is a potted plant ahead.
Sticking to last point.
Best value: 11.93%
Step: 46 | Mode: explore | Action: 3
BLIP2ITMClient.cosine: (480, 640, 3), Seems like there is a potted plant ahead.
Sticking to last point.
Best value: 11.93%
Step: 47 | Mode: explore | Action: 3
BLIP2ITMClient.cosine: (480, 640, 3), Seems like there is a potted plant ahead.
Sticking to last point.
Best value: 11.93%
Step: 48 | Mode: explore | Action: 1
BLIP2ITMClient.cosine: (480, 640, 3), Seems like there is a potted plant ahead.
Sticking to last point.
Best value: 11.93%
Step: 49 | Mode: explore | Action: 1
BLIP2ITMClient.cosine: (480, 640, 3), Seems like there is a potted plant ahead.
Sticking to last point.
Best value: 11.93%
Step: 50 | Mode: explore | Action: 2
BLIP2ITMClient.cosine: (480, 640, 3), Seems like there is a potted plant ahead.
Sticking to last point.
Best value: 11.93%
Step: 51 | Mode: explore | Action: 1
BLIP2ITMClient.cosine: (480, 640, 3), Seems like there is a potted plant ahead.
Sticking to last point.
Best value: 11.93%
Step: 52 | Mode: explore | Action: 2
BLIP2ITMClient.cosine: (480, 640, 3), Seems like there is a potted plant ahead.
Sticking to last point.
Best value: 11.93%
Step: 53 | Mode: explore | Action: 1
BLIP2ITMClient.cosine: (480, 640, 3), Seems like there is a potted plant ahead.
Sticking to last point.
Best value: 11.93%
Step: 54 | Mode: explore | Action: 2
BLIP2ITMClient.cosine: (480, 640, 3), Seems like there is a potted plant ahead.
Sticking to last point.
Best value: 11.13%
Step: 55 | Mode: explore | Action: 1
BLIP2ITMClient.cosine: (480, 640, 3), Seems like there is a potted plant ahead.
Sticking to last point.
Best value: 10.59%
Step: 56 | Mode: explore | Action: 1
BLIP2ITMClient.cosine: (480, 640, 3), Seems like there is a potted plant ahead.
Sticking to last point.
Best value: 10.49%
Step: 57 | Mode: explore | Action: 1
BLIP2ITMClient.cosine: (480, 640, 3), Seems like there is a potted plant ahead.
Sticking to last point.
Best value: 10.53%
Step: 58 | Mode: explore | Action: 1
BLIP2ITMClient.cosine: (480, 640, 3), Seems like there is a potted plant ahead.
Sticking to last point.
Best value: 10.95%
Step: 59 | Mode: explore | Action: 1
BLIP2ITMClient.cosine: (480, 640, 3), Seems like there is a potted plant ahead.
Sticking to last point.
Best value: 11.68%
Step: 60 | Mode: explore | Action: 1
BLIP2ITMClient.cosine: (480, 640, 3), Seems like there is a potted plant ahead.
Sticking to last point.
Best value: 12.92%
Step: 61 | Mode: explore | Action: 1
BLIP2ITMClient.cosine: (480, 640, 3), Seems like there is a potted plant ahead.
Sticking to last point.
Best value: 12.47%
Step: 62 | Mode: explore | Action: 2
BLIP2ITMClient.cosine: (480, 640, 3), Seems like there is a potted plant ahead.
Sticking to last point.
Best value: 12.27%
Step: 63 | Mode: explore | Action: 1
BLIP2ITMClient.cosine: (480, 640, 3), Seems like there is a potted plant ahead.
Sticking to last point.
Best value: 11.41%
Step: 64 | Mode: explore | Action: 1
BLIP2ITMClient.cosine: (480, 640, 3), Seems like there is a potted plant ahead.
Sticking to last point.
Best value: 11.03%
Step: 65 | Mode: explore | Action: 3
BLIP2ITMClient.cosine: (480, 640, 3), Seems like there is a potted plant ahead.
Sticking to last point.
Best value: 11.93%
Step: 66 | Mode: explore | Action: 1
BLIP2ITMClient.cosine: (480, 640, 3), Seems like there is a potted plant ahead.
Sticking to last point.
Best value: 11.97%
Step: 67 | Mode: explore | Action: 3
BLIP2ITMClient.cosine: (480, 640, 3), Seems like there is a potted plant ahead.
Sticking to last point.
Best value: 11.94%
Step: 68 | Mode: explore | Action: 1
BLIP2ITMClient.cosine: (480, 640, 3), Seems like there is a potted plant ahead.
Sticking to last point.
Best value: 11.94%
Step: 69 | Mode: explore | Action: 2
BLIP2ITMClient.cosine: (480, 640, 3), Seems like there is a potted plant ahead.
Sticking to last point.
Best value: 11.84%
Step: 70 | Mode: explore | Action: 2
BLIP2ITMClient.cosine: (480, 640, 3), Seems like there is a potted plant ahead.
Sticking to last point.
Best value: 11.50%
Step: 71 | Mode: explore | Action: 2
BLIP2ITMClient.cosine: (480, 640, 3), Seems like there is a potted plant ahead.
Sticking to last point.
Best value: 11.31%
Step: 72 | Mode: explore | Action: 1
BLIP2ITMClient.cosine: (480, 640, 3), Seems like there is a potted plant ahead.
Sticking to last point.
Best value: 11.13%
Step: 73 | Mode: explore | Action: 2
BLIP2ITMClient.cosine: (480, 640, 3), Seems like there is a potted plant ahead.
Sticking to last point.
Best value: 11.41%
Step: 74 | Mode: explore | Action: 1
BLIP2ITMClient.cosine: (480, 640, 3), Seems like there is a potted plant ahead.
Best value: 12.30%
Step: 75 | Mode: explore | Action: 2
BLIP2ITMClient.cosine: (480, 640, 3), Seems like there is a potted plant ahead.
Sticking to last point.
Best value: 12.30%
Step: 76 | Mode: explore | Action: 2
BLIP2ITMClient.cosine: (480, 640, 3), Seems like there is a potted plant ahead.
Sticking to last point.
Best value: 12.30%
Step: 77 | Mode: explore | Action: 2
BLIP2ITMClient.cosine: (480, 640, 3), Seems like there is a potted plant ahead.
Sticking to last point.
Best value: 12.30%
Step: 78 | Mode: explore | Action: 2
BLIP2ITMClient.cosine: (480, 640, 3), Seems like there is a potted plant ahead.
Sticking to last point.
Best value: 12.30%
Step: 79 | Mode: explore | Action: 2
BLIP2ITMClient.cosine: (480, 640, 3), Seems like there is a potted plant ahead.
Sticking to last point.
Best value: 12.30%
Step: 80 | Mode: explore | Action: 1
BLIP2ITMClient.cosine: (480, 640, 3), Seems like there is a potted plant ahead.
Sticking to last point.
Best value: 12.30%
Step: 81 | Mode: explore | Action: 2
BLIP2ITMClient.cosine: (480, 640, 3), Seems like there is a potted plant ahead.
Sticking to last point.
Best value: 12.30%
Step: 82 | Mode: explore | Action: 1
BLIP2ITMClient.cosine: (480, 640, 3), Seems like there is a potted plant ahead.
Sticking to last point.
Best value: 12.30%
Step: 83 | Mode: explore | Action: 3
BLIP2ITMClient.cosine: (480, 640, 3), Seems like there is a potted plant ahead.
Sticking to last point.
Best value: 12.30%
Step: 84 | Mode: explore | Action: 3
BLIP2ITMClient.cosine: (480, 640, 3), Seems like there is a potted plant ahead.
Sticking to last point.
Best value: 12.30%
Step: 85 | Mode: explore | Action: 1
BLIP2ITMClient.cosine: (480, 640, 3), Seems like there is a potted plant ahead.
Sticking to last point.
Best value: 12.30%
Step: 86 | Mode: explore | Action: 3
BLIP2ITMClient.cosine: (480, 640, 3), Seems like there is a potted plant ahead.
Sticking to last point.
Best value: 12.30%
Step: 87 | Mode: explore | Action: 1
BLIP2ITMClient.cosine: (480, 640, 3), Seems like there is a potted plant ahead.
Sticking to last point.
Best value: 12.30%
Step: 88 | Mode: explore | Action: 1
BLIP2ITMClient.cosine: (480, 640, 3), Seems like there is a potted plant ahead.
Sticking to last point.
Best value: 12.30%
Step: 89 | Mode: explore | Action: 1
BLIP2ITMClient.cosine: (480, 640, 3), Seems like there is a potted plant ahead.
Sticking to last point.
Best value: 12.30%
Step: 90 | Mode: explore | Action: 1
BLIP2ITMClient.cosine: (480, 640, 3), Seems like there is a potted plant ahead.
Sticking to last point.
Best value: 12.30%
Step: 91 | Mode: explore | Action: 1
BLIP2ITMClient.cosine: (480, 640, 3), Seems like there is a potted plant ahead.
Sticking to last point.
Best value: 12.30%
Step: 92 | Mode: explore | Action: 1
BLIP2ITMClient.cosine: (480, 640, 3), Seems like there is a potted plant ahead.
Sticking to last point.
Best value: 12.30%
Step: 93 | Mode: explore | Action: 1
BLIP2ITMClient.cosine: (480, 640, 3), Seems like there is a potted plant ahead.
Sticking to last point.
Best value: 12.30%
Step: 94 | Mode: explore | Action: 3
BLIP2ITMClient.cosine: (480, 640, 3), Seems like there is a potted plant ahead.
Sticking to last point.
Best value: 12.30%
Step: 95 | Mode: explore | Action: 1
BLIP2ITMClient.cosine: (480, 640, 3), Seems like there is a potted plant ahead.
Sticking to last point.
Best value: 12.30%
Step: 96 | Mode: explore | Action: 1
BLIP2ITMClient.cosine: (480, 640, 3), Seems like there is a potted plant ahead.
Sticking to last point.
Best value: 12.30%
Step: 97 | Mode: explore | Action: 3
BLIP2ITMClient.cosine: (480, 640, 3), Seems like there is a potted plant ahead.
Sticking to last point.
Best value: 12.30%
Step: 98 | Mode: explore | Action: 1
BLIP2ITMClient.cosine: (480, 640, 3), Seems like there is a potted plant ahead.
Sticking to last point.
Best value: 12.30%
Step: 99 | Mode: explore | Action: 3
BLIP2ITMClient.cosine: (480, 640, 3), Seems like there is a potted plant ahead.
Best value: 11.50%
Step: 100 | Mode: explore | Action: 2
BLIP2ITMClient.cosine: (480, 640, 3), Seems like there is a potted plant ahead.
Sticking to last point.
Best value: 11.50%
Step: 101 | Mode: explore | Action: 1
BLIP2ITMClient.cosine: (480, 640, 3), Seems like there is a potted plant ahead.
Sticking to last point.
Best value: 11.50%
Step: 102 | Mode: explore | Action: 3
BLIP2ITMClient.cosine: (480, 640, 3), Seems like there is a potted plant ahead.
Sticking to last point.
Best value: 11.50%
Step: 103 | Mode: explore | Action: 1
BLIP2ITMClient.cosine: (480, 640, 3), Seems like there is a potted plant ahead.
Sticking to last point.
Best value: 11.50%
Step: 104 | Mode: explore | Action: 3
BLIP2ITMClient.cosine: (480, 640, 3), Seems like there is a potted plant ahead.
Sticking to last point.
Best value: 11.50%
Step: 105 | Mode: explore | Action: 1
BLIP2ITMClient.cosine: (480, 640, 3), Seems like there is a potted plant ahead.
Sticking to last point.
Best value: 11.50%
Step: 106 | Mode: explore | Action: 3
BLIP2ITMClient.cosine: (480, 640, 3), Seems like there is a potted plant ahead.
Sticking to last point.
Best value: 11.50%
Step: 107 | Mode: explore | Action: 3
BLIP2ITMClient.cosine: (480, 640, 3), Seems like there is a potted plant ahead.
Sticking to last point.
Best value: 11.50%
Step: 108 | Mode: explore | Action: 3
BLIP2ITMClient.cosine: (480, 640, 3), Seems like there is a potted plant ahead.
Sticking to last point.
Best value: 11.50%
Step: 109 | Mode: explore | Action: 3
BLIP2ITMClient.cosine: (480, 640, 3), Seems like there is a potted plant ahead.
Sticking to last point.
Best value: 11.50%
Step: 110 | Mode: explore | Action: 3
BLIP2ITMClient.cosine: (480, 640, 3), Seems like there is a potted plant ahead.
Sticking to last point.
Best value: 11.50%
Step: 111 | Mode: explore | Action: 1
BLIP2ITMClient.cosine: (480, 640, 3), Seems like there is a potted plant ahead.
Sticking to last point.
Best value: 11.50%
Step: 112 | Mode: explore | Action: 1
BLIP2ITMClient.cosine: (480, 640, 3), Seems like there is a potted plant ahead.
Sticking to last point.
Best value: 11.50%
Step: 113 | Mode: explore | Action: 1
BLIP2ITMClient.cosine: (480, 640, 3), Seems like there is a potted plant ahead.
Sticking to last point.
Best value: 11.50%
Step: 114 | Mode: explore | Action: 2
BLIP2ITMClient.cosine: (480, 640, 3), Seems like there is a potted plant ahead.
Sticking to last point.
Best value: 11.50%
Step: 115 | Mode: explore | Action: 1
BLIP2ITMClient.cosine: (480, 640, 3), Seems like there is a potted plant ahead.
Sticking to last point.
Best value: 11.50%
Step: 116 | Mode: explore | Action: 2
BLIP2ITMClient.cosine: (480, 640, 3), Seems like there is a potted plant ahead.
Sticking to last point.
Best value: 11.00%
Step: 117 | Mode: explore | Action: 1
BLIP2ITMClient.cosine: (480, 640, 3), Seems like there is a potted plant ahead.
Sticking to last point.
Best value: 10.60%
Step: 118 | Mode: explore | Action: 1
BLIP2ITMClient.cosine: (480, 640, 3), Seems like there is a potted plant ahead.
Sticking to last point.
Best value: 10.57%
Step: 119 | Mode: explore | Action: 1
BLIP2ITMClient.cosine: (480, 640, 3), Seems like there is a potted plant ahead.
Sticking to last point.
Best value: 10.74%
Step: 120 | Mode: explore | Action: 1
BLIP2ITMClient.cosine: (480, 640, 3), Seems like there is a potted plant ahead.
Sticking to last point.
Best value: 10.75%
Step: 121 | Mode: explore | Action: 2
BLIP2ITMClient.cosine: (480, 640, 3), Seems like there is a potted plant ahead.
Sticking to last point.
Best value: 10.75%
Step: 122 | Mode: explore | Action: 1
BLIP2ITMClient.cosine: (480, 640, 3), Seems like there is a potted plant ahead.
Sticking to last point.
Best value: 10.78%
Step: 123 | Mode: explore | Action: 1
BLIP2ITMClient.cosine: (480, 640, 3), Seems like there is a potted plant ahead.
Sticking to last point.
Best value: 11.31%
Step: 124 | Mode: explore | Action: 1
BLIP2ITMClient.cosine: (480, 640, 3), Seems like there is a potted plant ahead.
Sticking to last point.
Best value: 11.82%
Step: 125 | Mode: explore | Action: 1
BLIP2ITMClient.cosine: (480, 640, 3), Seems like there is a potted plant ahead.
Sticking to last point.
Best value: 11.69%
Step: 126 | Mode: explore | Action: 1
BLIP2ITMClient.cosine: (480, 640, 3), Seems like there is a potted plant ahead.
Sticking to last point.
Best value: 11.78%
Step: 127 | Mode: explore | Action: 1
BLIP2ITMClient.cosine: (480, 640, 3), Seems like there is a potted plant ahead.
Sticking to last point.
Best value: 11.74%
Step: 128 | Mode: explore | Action: 1
BLIP2ITMClient.cosine: (480, 640, 3), Seems like there is a potted plant ahead.
Sticking to last point.
Best value: 11.48%
Step: 129 | Mode: explore | Action: 1
BLIP2ITMClient.cosine: (480, 640, 3), Seems like there is a potted plant ahead.
Sticking to last point.
Best value: 11.05%
Step: 130 | Mode: explore | Action: 3
BLIP2ITMClient.cosine: (480, 640, 3), Seems like there is a potted plant ahead.
Step: 131 | Mode: navigate | Action: 2
BLIP2ITMClient.cosine: (480, 640, 3), Seems like there is a potted plant ahead.
Step: 132 | Mode: navigate | Action: 1
BLIP2ITMClient.cosine: (480, 640, 3), Seems like there is a potted plant ahead.
Step: 133 | Mode: navigate | Action: 1
BLIP2ITMClient.cosine: (480, 640, 3), Seems like there is a potted plant ahead.
Step: 134 | Mode: navigate | Action: 2
BLIP2ITMClient.cosine: (480, 640, 3), Seems like there is a potted plant ahead.
Step: 135 | Mode: navigate | Action: 2
BLIP2ITMClient.cosine: (480, 640, 3), Seems like there is a potted plant ahead.
Step: 136 | Mode: navigate | Action: 2
BLIP2ITMClient.cosine: (480, 640, 3), Seems like there is a potted plant ahead.
Step: 137 | Mode: navigate | Action: 2
BLIP2ITMClient.cosine: (480, 640, 3), Seems like there is a potted plant ahead.
Step: 138 | Mode: navigate | Action: 2
BLIP2ITMClient.cosine: (480, 640, 3), Seems like there is a potted plant ahead.
Step: 139 | Mode: navigate | Action: 1
BLIP2ITMClient.cosine: (480, 640, 3), Seems like there is a potted plant ahead.
Step: 140 | Mode: navigate | Action: 2
BLIP2ITMClient.cosine: (480, 640, 3), Seems like there is a potted plant ahead.
Step: 141 | Mode: navigate | Action: 1
BLIP2ITMClient.cosine: (480, 640, 3), Seems like there is a potted plant ahead.
Step: 142 | Mode: navigate | Action: 3
BLIP2ITMClient.cosine: (480, 640, 3), Seems like there is a potted plant ahead.
Step: 143 | Mode: navigate | Action: 1
BLIP2ITMClient.cosine: (480, 640, 3), Seems like there is a potted plant ahead.
Step: 144 | Mode: navigate | Action: 3
BLIP2ITMClient.cosine: (480, 640, 3), Seems like there is a potted plant ahead.
Step: 145 | Mode: navigate | Action: 3
BLIP2ITMClient.cosine: (480, 640, 3), Seems like there is a potted plant ahead.
Step: 146 | Mode: navigate | Action: 3
BLIP2ITMClient.cosine: (480, 640, 3), Seems like there is a potted plant ahead.
Step: 147 | Mode: navigate | Action: 3
BLIP2ITMClient.cosine: (480, 640, 3), Seems like there is a potted plant ahead.
Step: 148 | Mode: navigate | Action: 3
BLIP2ITMClient.cosine: (480, 640, 3), Seems like there is a potted plant ahead.
Step: 149 | Mode: navigate | Action: 3
BLIP2ITMClient.cosine: (480, 640, 3), Seems like there is a potted plant ahead.
Step: 150 | Mode: navigate | Action: 1
BLIP2ITMClient.cosine: (480, 640, 3), Seems like there is a potted plant ahead.
Step: 151 | Mode: navigate | Action: 1
BLIP2ITMClient.cosine: (480, 640, 3), Seems like there is a potted plant ahead.
Step: 152 | Mode: navigate | Action: 2
BLIP2ITMClient.cosine: (480, 640, 3), Seems like there is a potted plant ahead.
Step: 153 | Mode: navigate | Action: 1
BLIP2ITMClient.cosine: (480, 640, 3), Seems like there is a potted plant ahead.
Step: 154 | Mode: navigate | Action: 1
BLIP2ITMClient.cosine: (480, 640, 3), Seems like there is a potted plant ahead.
Step: 155 | Mode: navigate | Action: 1
BLIP2ITMClient.cosine: (480, 640, 3), Seems like there is a potted plant ahead.
Step: 156 | Mode: navigate | Action: 1
BLIP2ITMClient.cosine: (480, 640, 3), Seems like there is a potted plant ahead.
Step: 157 | Mode: navigate | Action: 1
BLIP2ITMClient.cosine: (480, 640, 3), Seems like there is a potted plant ahead.
Step: 158 | Mode: navigate | Action: 2
BLIP2ITMClient.cosine: (480, 640, 3), Seems like there is a potted plant ahead.
Step: 159 | Mode: navigate | Action: 2
BLIP2ITMClient.cosine: (480, 640, 3), Seems like there is a potted plant ahead.
Step: 160 | Mode: navigate | Action: 1
BLIP2ITMClient.cosine: (480, 640, 3), Seems like there is a potted plant ahead.
Step: 161 | Mode: navigate | Action: 1
BLIP2ITMClient.cosine: (480, 640, 3), Seems like there is a potted plant ahead.
Step: 162 | Mode: navigate | Action: 3
BLIP2ITMClient.cosine: (480, 640, 3), Seems like there is a potted plant ahead.
Step: 163 | Mode: navigate | Action: 1
BLIP2ITMClient.cosine: (480, 640, 3), Seems like there is a potted plant ahead.
Step: 164 | Mode: navigate | Action: 2
BLIP2ITMClient.cosine: (480, 640, 3), Seems like there is a potted plant ahead.
Step: 165 | Mode: navigate | Action: 2
BLIP2ITMClient.cosine: (480, 640, 3), Seems like there is a potted plant ahead.
Step: 166 | Mode: navigate | Action: 1
BLIP2ITMClient.cosine: (480, 640, 3), Seems like there is a potted plant ahead.
Step: 167 | Mode: navigate | Action: 1
BLIP2ITMClient.cosine: (480, 640, 3), Seems like there is a potted plant ahead.
Step: 168 | Mode: navigate | Action: 1
BLIP2ITMClient.cosine: (480, 640, 3), Seems like there is a potted plant ahead.
Step: 169 | Mode: navigate | Action: 3
BLIP2ITMClient.cosine: (480, 640, 3), Seems like there is a potted plant ahead.
Step: 170 | Mode: navigate | Action: 1
BLIP2ITMClient.cosine: (480, 640, 3), Seems like there is a potted plant ahead.
Step: 171 | Mode: navigate | Action: 1
BLIP2ITMClient.cosine: (480, 640, 3), Seems like there is a potted plant ahead.
Step: 172 | Mode: navigate | Action: 1
BLIP2ITMClient.cosine: (480, 640, 3), Seems like there is a potted plant ahead.
Step: 173 | Mode: navigate | Action: 3
BLIP2ITMClient.cosine: (480, 640, 3), Seems like there is a potted plant ahead.
Step: 174 | Mode: navigate | Action: 1
BLIP2ITMClient.cosine: (480, 640, 3), Seems like there is a potted plant ahead.
Step: 175 | Mode: navigate | Action: 3
BLIP2ITMClient.cosine: (480, 640, 3), Seems like there is a potted plant ahead.
Step: 176 | Mode: navigate | Action: 1
BLIP2ITMClient.cosine: (480, 640, 3), Seems like there is a potted plant ahead.
Step: 177 | Mode: navigate | Action: 1
BLIP2ITMClient.cosine: (480, 640, 3), Seems like there is a potted plant ahead.
Step: 178 | Mode: navigate | Action: 3
BLIP2ITMClient.cosine: (480, 640, 3), Seems like there is a potted plant ahead.
Step: 179 | Mode: navigate | Action: 3
BLIP2ITMClient.cosine: (480, 640, 3), Seems like there is a potted plant ahead.
Step: 180 | Mode: navigate | Action: 3
BLIP2ITMClient.cosine: (480, 640, 3), Seems like there is a potted plant ahead.
Step: 181 | Mode: navigate | Action: 3
BLIP2ITMClient.cosine: (480, 640, 3), Seems like there is a potted plant ahead.
Step: 182 | Mode: navigate | Action: 2
BLIP2ITMClient.cosine: (480, 640, 3), Seems like there is a potted plant ahead.
Step: 183 | Mode: navigate | Action: 2
BLIP2ITMClient.cosine: (480, 640, 3), Seems like there is a potted plant ahead.
Step: 184 | Mode: navigate | Action: 2
BLIP2ITMClient.cosine: (480, 640, 3), Seems like there is a potted plant ahead.
Step: 185 | Mode: navigate | Action: 2
BLIP2ITMClient.cosine: (480, 640, 3), Seems like there is a potted plant ahead.
Step: 186 | Mode: navigate | Action: 1
BLIP2ITMClient.cosine: (480, 640, 3), Seems like there is a potted plant ahead.
Step: 187 | Mode: navigate | Action: 3
BLIP2ITMClient.cosine: (480, 640, 3), Seems like there is a potted plant ahead.
Step: 188 | Mode: navigate | Action: 3
BLIP2ITMClient.cosine: (480, 640, 3), Seems like there is a potted plant ahead.
Step: 189 | Mode: navigate | Action: 3
BLIP2ITMClient.cosine: (480, 640, 3), Seems like there is a potted plant ahead.
Step: 190 | Mode: navigate | Action: 3
BLIP2ITMClient.cosine: (480, 640, 3), Seems like there is a potted plant ahead.
Step: 191 | Mode: navigate | Action: 3
BLIP2ITMClient.cosine: (480, 640, 3), Seems like there is a potted plant ahead.
Step: 192 | Mode: navigate | Action: 3
BLIP2ITMClient.cosine: (480, 640, 3), Seems like there is a potted plant ahead.
Step: 193 | Mode: navigate | Action: 1
BLIP2ITMClient.cosine: (480, 640, 3), Seems like there is a potted plant ahead.
Step: 194 | Mode: navigate | Action: 1
BLIP2ITMClient.cosine: (480, 640, 3), Seems like there is a potted plant ahead.
Step: 195 | Mode: navigate | Action: 1
BLIP2ITMClient.cosine: (480, 640, 3), Seems like there is a potted plant ahead.
Step: 196 | Mode: navigate | Action: 2
BLIP2ITMClient.cosine: (480, 640, 3), Seems like there is a potted plant ahead.
Step: 197 | Mode: navigate | Action: 1
BLIP2ITMClient.cosine: (480, 640, 3), Seems like there is a potted plant ahead.
Step: 198 | Mode: navigate | Action: 2
BLIP2ITMClient.cosine: (480, 640, 3), Seems like there is a potted plant ahead.
Step: 199 | Mode: navigate | Action: 1
BLIP2ITMClient.cosine: (480, 640, 3), Seems like there is a potted plant ahead.
Step: 200 | Mode: navigate | Action: 1
BLIP2ITMClient.cosine: (480, 640, 3), Seems like there is a potted plant ahead.
Step: 201 | Mode: navigate | Action: 2
BLIP2ITMClient.cosine: (480, 640, 3), Seems like there is a potted plant ahead.
Step: 202 | Mode: navigate | Action: 1
BLIP2ITMClient.cosine: (480, 640, 3), Seems like there is a potted plant ahead.
Step: 203 | Mode: navigate | Action: 1
BLIP2ITMClient.cosine: (480, 640, 3), Seems like there is a potted plant ahead.
Step: 204 | Mode: navigate | Action: 1
BLIP2ITMClient.cosine: (480, 640, 3), Seems like there is a potted plant ahead.
Step: 205 | Mode: navigate | Action: 2
BLIP2ITMClient.cosine: (480, 640, 3), Seems like there is a potted plant ahead.
Step: 206 | Mode: navigate | Action: 1
BLIP2ITMClient.cosine: (480, 640, 3), Seems like there is a potted plant ahead.
Step: 207 | Mode: navigate | Action: 1
BLIP2ITMClient.cosine: (480, 640, 3), Seems like there is a potted plant ahead.
Step: 208 | Mode: navigate | Action: 2
BLIP2ITMClient.cosine: (480, 640, 3), Seems like there is a potted plant ahead.
 20%|██        | 6/30 [06:14<28:40, 71.68s/it] 23%|██▎       | 7/30 [06:29<20:18, 52.97s/it]Step: 209 | Mode: navigate | Action: 2
BLIP2ITMClient.cosine: (480, 640, 3), Seems like there is a potted plant ahead.
Step: 210 | Mode: navigate | Action: 1
BLIP2ITMClient.cosine: (480, 640, 3), Seems like there is a potted plant ahead.
Step: 211 | Mode: navigate | Action: 2
BLIP2ITMClient.cosine: (480, 640, 3), Seems like there is a potted plant ahead.
Step: 212 | Mode: navigate | Action: 1
BLIP2ITMClient.cosine: (480, 640, 3), Seems like there is a potted plant ahead.
Step: 213 | Mode: navigate | Action: 3
BLIP2ITMClient.cosine: (480, 640, 3), Seems like there is a potted plant ahead.
Step: 214 | Mode: navigate | Action: 1
BLIP2ITMClient.cosine: (480, 640, 3), Seems like there is a potted plant ahead.
Step: 215 | Mode: navigate | Action: 1
BLIP2ITMClient.cosine: (480, 640, 3), Seems like there is a potted plant ahead.
Step: 216 | Mode: navigate | Action: 3
BLIP2ITMClient.cosine: (480, 640, 3), Seems like there is a potted plant ahead.
Step: 217 | Mode: navigate | Action: 1
BLIP2ITMClient.cosine: (480, 640, 3), Seems like there is a potted plant ahead.
Step: 218 | Mode: navigate | Action: 0
Success rate: 33.33% (2 out of 6)
Episode 3 in scene TEEsavR23oF failed due to 'false_positive'.
Logging episode 0003 to results/pilot/vlfm_original_jsons/3_TEEsavR23oF.json
BLIP2ITMClient.cosine: (480, 640, 3), Seems like there is a couch ahead.
Step: 0 | Mode: initialize | Action: 2
BLIP2ITMClient.cosine: (480, 640, 3), Seems like there is a couch ahead.
Step: 1 | Mode: initialize | Action: 2
BLIP2ITMClient.cosine: (480, 640, 3), Seems like there is a couch ahead.
Step: 2 | Mode: initialize | Action: 2
BLIP2ITMClient.cosine: (480, 640, 3), Seems like there is a couch ahead.
Step: 3 | Mode: initialize | Action: 2
BLIP2ITMClient.cosine: (480, 640, 3), Seems like there is a couch ahead.
Step: 4 | Mode: initialize | Action: 2
BLIP2ITMClient.cosine: (480, 640, 3), Seems like there is a couch ahead.
Step: 5 | Mode: initialize | Action: 2
BLIP2ITMClient.cosine: (480, 640, 3), Seems like there is a couch ahead.
Step: 6 | Mode: initialize | Action: 2
BLIP2ITMClient.cosine: (480, 640, 3), Seems like there is a couch ahead.
Step: 7 | Mode: initialize | Action: 2
BLIP2ITMClient.cosine: (480, 640, 3), Seems like there is a couch ahead.
Step: 8 | Mode: initialize | Action: 2
BLIP2ITMClient.cosine: (480, 640, 3), Seems like there is a couch ahead.
Step: 9 | Mode: initialize | Action: 2
BLIP2ITMClient.cosine: (480, 640, 3), Seems like there is a couch ahead.
Step: 10 | Mode: initialize | Action: 2
BLIP2ITMClient.cosine: (480, 640, 3), Seems like there is a couch ahead.
Step: 11 | Mode: initialize | Action: 2
BLIP2ITMClient.cosine: (480, 640, 3), Seems like there is a couch ahead.
Step: 12 | Mode: navigate | Action: 2
BLIP2ITMClient.cosine: (480, 640, 3), Seems like there is a couch ahead.
Step: 13 | Mode: navigate | Action: 2
BLIP2ITMClient.cosine: (480, 640, 3), Seems like there is a couch ahead.
Step: 14 | Mode: navigate | Action: 2
BLIP2ITMClient.cosine: (480, 640, 3), Seems like there is a couch ahead.
Step: 15 | Mode: navigate | Action: 1
BLIP2ITMClient.cosine: (480, 640, 3), Seems like there is a couch ahead.
Step: 16 | Mode: navigate | Action: 2
BLIP2ITMClient.cosine: (480, 640, 3), Seems like there is a couch ahead.
Step: 17 | Mode: navigate | Action: 1
BLIP2ITMClient.cosine: (480, 640, 3), Seems like there is a couch ahead.
Step: 18 | Mode: navigate | Action: 3
BLIP2ITMClient.cosine: (480, 640, 3), Seems like there is a couch ahead.
Step: 19 | Mode: navigate | Action: 3
BLIP2ITMClient.cosine: (480, 640, 3), Seems like there is a couch ahead.
Step: 20 | Mode: navigate | Action: 1
BLIP2ITMClient.cosine: (480, 640, 3), Seems like there is a couch ahead.
Step: 21 | Mode: navigate | Action: 1
BLIP2ITMClient.cosine: (480, 640, 3), Seems like there is a couch ahead.
Step: 22 | Mode: navigate | Action: 1
BLIP2ITMClient.cosine: (480, 640, 3), Seems like there is a couch ahead.
Step: 23 | Mode: navigate | Action: 1
BLIP2ITMClient.cosine: (480, 640, 3), Seems like there is a couch ahead.
Step: 24 | Mode: navigate | Action: 1
BLIP2ITMClient.cosine: (480, 640, 3), Seems like there is a couch ahead.
Step: 25 | Mode: navigate | Action: 1
BLIP2ITMClient.cosine: (480, 640, 3), Seems like there is a couch ahead.
Step: 26 | Mode: navigate | Action: 1
BLIP2ITMClient.cosine: (480, 640, 3), Seems like there is a couch ahead.
Step: 27 | Mode: navigate | Action: 1
BLIP2ITMClient.cosine: (480, 640, 3), Seems like there is a couch ahead.
Step: 28 | Mode: navigate | Action: 3
BLIP2ITMClient.cosine: (480, 640, 3), Seems like there is a couch ahead.
Step: 29 | Mode: navigate | Action: 1
BLIP2ITMClient.cosine: (480, 640, 3), Seems like there is a couch ahead.
Step: 30 | Mode: navigate | Action: 3
BLIP2ITMClient.cosine: (480, 640, 3), Seems like there is a couch ahead.
Step: 31 | Mode: navigate | Action: 1
BLIP2ITMClient.cosine: (480, 640, 3), Seems like there is a couch ahead.
Step: 32 | Mode: navigate | Action: 1
BLIP2ITMClient.cosine: (480, 640, 3), Seems like there is a couch ahead.
Step: 33 | Mode: navigate | Action: 1
BLIP2ITMClient.cosine: (480, 640, 3), Seems like there is a couch ahead.
Step: 34 | Mode: navigate | Action: 1
BLIP2ITMClient.cosine: (480, 640, 3), Seems like there is a couch ahead.
Step: 35 | Mode: navigate | Action: 1
BLIP2ITMClient.cosine: (480, 640, 3), Seems like there is a couch ahead.
Step: 36 | Mode: navigate | Action: 1
BLIP2ITMClient.cosine: (480, 640, 3), Seems like there is a couch ahead.
Step: 37 | Mode: navigate | Action: 1
BLIP2ITMClient.cosine: (480, 640, 3), Seems like there is a couch ahead.
Step: 38 | Mode: navigate | Action: 1
BLIP2ITMClient.cosine: (480, 640, 3), Seems like there is a couch ahead.
Step: 39 | Mode: navigate | Action: 0
Success rate: 42.86% (3 out of 7)
Logging episode 0008 to results/pilot/vlfm_original_jsons/8_TEEsavR23oF.json
BLIP2ITMClient.cosine: (480, 640, 3), Seems like there is a bed ahead.
Step: 0 | Mode: initialize | Action: 2
BLIP2ITMClient.cosine: (480, 640, 3), Seems like there is a bed ahead.
Step: 1 | Mode: initialize | Action: 2
BLIP2ITMClient.cosine: (480, 640, 3), Seems like there is a bed ahead.
Step: 2 | Mode: initialize | Action: 2
BLIP2ITMClient.cosine: (480, 640, 3), Seems like there is a bed ahead.
Step: 3 | Mode: initialize | Action: 2
BLIP2ITMClient.cosine: (480, 640, 3), Seems like there is a bed ahead.
Step: 4 | Mode: initialize | Action: 2
BLIP2ITMClient.cosine: (480, 640, 3), Seems like there is a bed ahead.
Step: 5 | Mode: initialize | Action: 2
BLIP2ITMClient.cosine: (480, 640, 3), Seems like there is a bed ahead.
Step: 6 | Mode: initialize | Action: 2
BLIP2ITMClient.cosine: (480, 640, 3), Seems like there is a bed ahead.
Step: 7 | Mode: initialize | Action: 2
BLIP2ITMClient.cosine: (480, 640, 3), Seems like there is a bed ahead.
Step: 8 | Mode: initialize | Action: 2
BLIP2ITMClient.cosine: (480, 640, 3), Seems like there is a bed ahead.
Step: 9 | Mode: initialize | Action: 2
BLIP2ITMClient.cosine: (480, 640, 3), Seems like there is a bed ahead.
Step: 10 | Mode: initialize | Action: 2
BLIP2ITMClient.cosine: (480, 640, 3), Seems like there is a bed ahead.
Step: 11 | Mode: initialize | Action: 2
BLIP2ITMClient.cosine: (480, 640, 3), Seems like there is a bed ahead.
Best value: 20.98%
Step: 12 | Mode: explore | Action: 2
BLIP2ITMClient.cosine: (480, 640, 3), Seems like there is a bed ahead.
Sticking to last point.
Best value: 20.67%
Step: 13 | Mode: explore | Action: 1
BLIP2ITMClient.cosine: (480, 640, 3), Seems like there is a bed ahead.
Sticking to last point.
Best value: 20.45%
Step: 14 | Mode: explore | Action: 1
BLIP2ITMClient.cosine: (480, 640, 3), Seems like there is a bed ahead.
Sticking to last point.
Best value: 20.49%
Step: 15 | Mode: explore | Action: 1
BLIP2ITMClient.cosine: (480, 640, 3), Seems like there is a bed ahead.
Sticking to last point.
Best value: 20.49%
Step: 16 | Mode: explore | Action: 1
BLIP2ITMClient.cosine: (480, 640, 3), Seems like there is a bed ahead.
Sticking to last point.
Best value: 20.49%
Step: 17 | Mode: explore | Action: 3
BLIP2ITMClient.cosine: (480, 640, 3), Seems like there is a bed ahead.
Best value: 19.81%
Step: 18 | Mode: explore | Action: 1
BLIP2ITMClient.cosine: (480, 640, 3), Seems like there is a bed ahead.
Sticking to last point.
Best value: 19.93%
Step: 19 | Mode: explore | Action: 1
BLIP2ITMClient.cosine: (480, 640, 3), Seems like there is a bed ahead.
Best value: 19.78%
Step: 20 | Mode: explore | Action: 1
BLIP2ITMClient.cosine: (480, 640, 3), Seems like there is a bed ahead.
Sticking to last point.
Best value: 19.78%
Step: 21 | Mode: explore | Action: 3
BLIP2ITMClient.cosine: (480, 640, 3), Seems like there is a bed ahead.
Sticking to last point.
Best value: 19.79%
Step: 22 | Mode: explore | Action: 1
BLIP2ITMClient.cosine: (480, 640, 3), Seems like there is a bed ahead.
Sticking to last point.
Best value: 19.79%
Step: 23 | Mode: explore | Action: 3
BLIP2ITMClient.cosine: (480, 640, 3), Seems like there is a bed ahead.
Best value: 18.11%
Step: 24 | Mode: explore | Action: 2
BLIP2ITMClient.cosine: (480, 640, 3), Seems like there is a bed ahead.
Sticking to last point.
Best value: 17.45%
Step: 25 | Mode: explore | Action: 1
BLIP2ITMClient.cosine: (480, 640, 3), Seems like there is a bed ahead.
Best value: 15.98%
Step: 26 | Mode: explore | Action: 1
BLIP2ITMClient.cosine: (480, 640, 3), Seems like there is a bed ahead.
Sticking to last point.
Best value: 16.34%
Step: 27 | Mode: explore | Action: 1
BLIP2ITMClient.cosine: (480, 640, 3), Seems like there is a bed ahead.
Sticking to last point.
Best value: 17.31%
Step: 28 | Mode: explore | Action: 2
BLIP2ITMClient.cosine: (480, 640, 3), Seems like there is a bed ahead.
Best value: 16.11%
Step: 29 | Mode: explore | Action: 3
BLIP2ITMClient.cosine: (480, 640, 3), Seems like there is a bed ahead.
Sticking to last point.
Best value: 16.32%
Step: 30 | Mode: explore | Action: 1
BLIP2ITMClient.cosine: (480, 640, 3), Seems like there is a bed ahead.
Best value: 15.92%
Step: 31 | Mode: explore | Action: 3
BLIP2ITMClient.cosine: (480, 640, 3), Seems like there is a bed ahead.
Sticking to last point.
Best value: 15.52%
Step: 32 | Mode: explore | Action: 1
BLIP2ITMClient.cosine: (480, 640, 3), Seems like there is a bed ahead.
Sticking to last point.
Best value: 15.70%
Step: 33 | Mode: explore | Action: 1
BLIP2ITMClient.cosine: (480, 640, 3), Seems like there is a bed ahead.
Sticking to last point.
Best value: 16.15%
Step: 34 | Mode: explore | Action: 3
BLIP2ITMClient.cosine: (480, 640, 3), Seems like there is a bed ahead.
Sticking to last point.
Best value: 16.17%
Step: 35 | Mode: explore | Action: 1
BLIP2ITMClient.cosine: (480, 640, 3), Seems like there is a bed ahead.
Sticking to last point.
Best value: 16.56%
Step: 36 | Mode: explore | Action: 1
BLIP2ITMClient.cosine: (480, 640, 3), Seems like there is a bed ahead.
Sticking to last point.
Best value: 16.56%
Step: 37 | Mode: explore | Action: 1
BLIP2ITMClient.cosine: (480, 640, 3), Seems like there is a bed ahead.
Sticking to last point.
Best value: 16.56%
Step: 38 | Mode: explore | Action: 1
BLIP2ITMClient.cosine: (480, 640, 3), Seems like there is a bed ahead.
Sticking to last point.
Best value: 17.44%
Step: 39 | Mode: explore | Action: 1
BLIP2ITMClient.cosine: (480, 640, 3), Seems like there is a bed ahead.
Sticking to last point.
Best value: 17.96%
Step: 40 | Mode: explore | Action: 1
BLIP2ITMClient.cosine: (480, 640, 3), Seems like there is a bed ahead.
Sticking to last point.
Best value: 17.96%
Step: 41 | Mode: explore | Action: 1
BLIP2ITMClient.cosine: (480, 640, 3), Seems like there is a bed ahead.
Best value: 19.55%
Step: 42 | Mode: explore | Action: 2
BLIP2ITMClient.cosine: (480, 640, 3), Seems like there is a bed ahead.
Sticking to last point.
Best value: 20.64%
Step: 43 | Mode: explore | Action: 1
BLIP2ITMClient.cosine: (480, 640, 3), Seems like there is a bed ahead.
Sticking to last point.
Best value: 20.49%
Step: 44 | Mode: explore | Action: 1
BLIP2ITMClient.cosine: (480, 640, 3), Seems like there is a bed ahead.
Sticking to last point.
Best value: 20.90%
Step: 45 | Mode: explore | Action: 1
BLIP2ITMClient.cosine: (480, 640, 3), Seems like there is a bed ahead.
Sticking to last point.
Best value: 21.24%
Step: 46 | Mode: explore | Action: 1
BLIP2ITMClient.cosine: (480, 640, 3), Seems like there is a bed ahead.
Sticking to last point.
Best value: 21.01%
Step: 47 | Mode: explore | Action: 1
BLIP2ITMClient.cosine: (480, 640, 3), Seems like there is a bed ahead.
Sticking to last point.
Best value: 21.58%
Step: 48 | Mode: explore | Action: 1
BLIP2ITMClient.cosine: (480, 640, 3), Seems like there is a bed ahead.
Sticking to last point.
Best value: 21.67%
Step: 49 | Mode: explore | Action: 2
BLIP2ITMClient.cosine: (480, 640, 3), Seems like there is a bed ahead.
Sticking to last point.
Best value: 24.17%
Step: 50 | Mode: explore | Action: 1
BLIP2ITMClient.cosine: (480, 640, 3), Seems like there is a bed ahead.
Sticking to last point.
Best value: 24.30%
Step: 51 | Mode: explore | Action: 3
BLIP2ITMClient.cosine: (480, 640, 3), Seems like there is a bed ahead.
Best value: 22.73%
Step: 52 | Mode: explore | Action: 1
BLIP2ITMClient.cosine: (480, 640, 3), Seems like there is a bed ahead.
Best value: 21.61%
Step: 53 | Mode: explore | Action: 2
BLIP2ITMClient.cosine: (480, 640, 3), Seems like there is a bed ahead.
Sticking to last point.
Best value: 22.33%
Step: 54 | Mode: explore | Action: 2
BLIP2ITMClient.cosine: (480, 640, 3), Seems like there is a bed ahead.
Sticking to last point.
Best value: 22.33%
Step: 55 | Mode: explore | Action: 2
BLIP2ITMClient.cosine: (480, 640, 3), Seems like there is a bed ahead.
Sticking to last point.
Best value: 22.33%
Step: 56 | Mode: explore | Action: 2
BLIP2ITMClient.cosine: (480, 640, 3), Seems like there is a bed ahead.
Sticking to last point.
Best value: 22.33%
Step: 57 | Mode: explore | Action: 1
BLIP2ITMClient.cosine: (480, 640, 3), Seems like there is a bed ahead.
Sticking to last point.
Best value: 22.33%
Step: 58 | Mode: explore | Action: 1
BLIP2ITMClient.cosine: (480, 640, 3), Seems like there is a bed ahead.
Sticking to last point.
Best value: 22.33%
Step: 59 | Mode: explore | Action: 3
BLIP2ITMClient.cosine: (480, 640, 3), Seems like there is a bed ahead.
Sticking to last point.
Best value: 22.33%
Step: 60 | Mode: explore | Action: 1
BLIP2ITMClient.cosine: (480, 640, 3), Seems like there is a bed ahead.
Sticking to last point.
Best value: 22.33%
Step: 61 | Mode: explore | Action: 1
BLIP2ITMClient.cosine: (480, 640, 3), Seems like there is a bed ahead.
Sticking to last point.
Best value: 22.33%
Step: 62 | Mode: explore | Action: 3
BLIP2ITMClient.cosine: (480, 640, 3), Seems like there is a bed ahead.
Sticking to last point.
Best value: 22.33%
Step: 63 | Mode: explore | Action: 3
BLIP2ITMClient.cosine: (480, 640, 3), Seems like there is a bed ahead.
Sticking to last point.
Best value: 22.33%
Step: 64 | Mode: explore | Action: 3
BLIP2ITMClient.cosine: (480, 640, 3), Seems like there is a bed ahead.
Sticking to last point.
Best value: 22.09%
Step: 65 | Mode: explore | Action: 3
BLIP2ITMClient.cosine: (480, 640, 3), Seems like there is a bed ahead.
Sticking to last point.
Best value: 21.90%
Step: 66 | Mode: explore | Action: 3
BLIP2ITMClient.cosine: (480, 640, 3), Seems like there is a bed ahead.
Sticking to last point.
Best value: 21.90%
Step: 67 | Mode: explore | Action: 1
BLIP2ITMClient.cosine: (480, 640, 3), Seems like there is a bed ahead.
Sticking to last point.
Best value: 21.90%
Step: 68 | Mode: explore | Action: 1
BLIP2ITMClient.cosine: (480, 640, 3), Seems like there is a bed ahead.
Sticking to last point.
Best value: 21.90%
Step: 69 | Mode: explore | Action: 2
BLIP2ITMClient.cosine: (480, 640, 3), Seems like there is a bed ahead.
Sticking to last point.
Best value: 21.90%
Step: 70 | Mode: explore | Action: 1
BLIP2ITMClient.cosine: (480, 640, 3), Seems like there is a bed ahead.
Sticking to last point.
Best value: 21.90%
Step: 71 | Mode: explore | Action: 1
BLIP2ITMClient.cosine: (480, 640, 3), Seems like there is a bed ahead.
Sticking to last point.
Best value: 21.90%
Step: 72 | Mode: explore | Action: 2
BLIP2ITMClient.cosine: (480, 640, 3), Seems like there is a bed ahead.
Sticking to last point.
Best value: 21.08%
Step: 73 | Mode: explore | Action: 1
BLIP2ITMClient.cosine: (480, 640, 3), Seems like there is a bed ahead.
Best value: 20.07%
Step: 74 | Mode: explore | Action: 1
BLIP2ITMClient.cosine: (480, 640, 3), Seems like there is a bed ahead.
Sticking to last point.
Best value: 19.41%
Step: 75 | Mode: explore | Action: 2
BLIP2ITMClient.cosine: (480, 640, 3), Seems like there is a bed ahead.
Sticking to last point.
Best value: 22.25%
Step: 76 | Mode: explore | Action: 1
BLIP2ITMClient.cosine: (480, 640, 3), Seems like there is a bed ahead.
Sticking to last point.
Best value: 24.93%
Step: 77 | Mode: explore | Action: 3
BLIP2ITMClient.cosine: (480, 640, 3), Seems like there is a bed ahead.
Best value: 19.94%
Step: 78 | Mode: explore | Action: 1
BLIP2ITMClient.cosine: (480, 640, 3), Seems like there is a bed ahead.
Best value: 19.81%
Step: 79 | Mode: explore | Action: 2
BLIP2ITMClient.cosine: (480, 640, 3), Seems like there is a bed ahead.
Sticking to last point.
Best value: 19.81%
Step: 80 | Mode: explore | Action: 2
BLIP2ITMClient.cosine: (480, 640, 3), Seems like there is a bed ahead.
Sticking to last point.
Best value: 19.81%
Step: 81 | Mode: explore | Action: 2
BLIP2ITMClient.cosine: (480, 640, 3), Seems like there is a bed ahead.
Sticking to last point.
Best value: 19.81%
Step: 82 | Mode: explore | Action: 2
BLIP2ITMClient.cosine: (480, 640, 3), Seems like there is a bed ahead.
Sticking to last point.
Best value: 19.82%
Step: 83 | Mode: explore | Action: 2
BLIP2ITMClient.cosine: (480, 640, 3), Seems like there is a bed ahead.
Sticking to last point.
Best value: 21.64%
Step: 84 | Mode: explore | Action: 2
BLIP2ITMClient.cosine: (480, 640, 3), Seems like there is a bed ahead.
Sticking to last point.
Best value: 22.18%
Step: 85 | Mode: explore | Action: 1
BLIP2ITMClient.cosine: (480, 640, 3), Seems like there is a bed ahead.
Sticking to last point.
Best value: 21.84%
Step: 86 | Mode: explore | Action: 1
BLIP2ITMClient.cosine: (480, 640, 3), Seems like there is a bed ahead.
Best value: 20.13%
Step: 87 | Mode: explore | Action: 1
BLIP2ITMClient.cosine: (480, 640, 3), Seems like there is a bed ahead.
Sticking to last point.
Best value: 19.49%
Step: 88 | Mode: explore | Action: 1
BLIP2ITMClient.cosine: (480, 640, 3), Seems like there is a bed ahead.
Best value: 18.01%
Step: 89 | Mode: explore | Action: 3
BLIP2ITMClient.cosine: (480, 640, 3), Seems like there is a bed ahead.
Sticking to last point.
Best value: 17.31%
Step: 90 | Mode: explore | Action: 1
BLIP2ITMClient.cosine: (480, 640, 3), Seems like there is a bed ahead.
Sticking to last point.
Best value: 17.22%
Step: 91 | Mode: explore | Action: 1
BLIP2ITMClient.cosine: (480, 640, 3), Seems like there is a bed ahead.
Best value: 16.17%
Step: 92 | Mode: explore | Action: 1
BLIP2ITMClient.cosine: (480, 640, 3), Seems like there is a bed ahead.
Best value: 15.24%
Step: 93 | Mode: explore | Action: 2
BLIP2ITMClient.cosine: (480, 640, 3), Seems like there is a bed ahead.
Sticking to last point.
Best value: 15.24%
Step: 94 | Mode: explore | Action: 2
BLIP2ITMClient.cosine: (480, 640, 3), Seems like there is a bed ahead.
Sticking to last point.
Best value: 15.24%
Step: 95 | Mode: explore | Action: 1
BLIP2ITMClient.cosine: (480, 640, 3), Seems like there is a bed ahead.
Sticking to last point.
Best value: 15.24%
Step: 96 | Mode: explore | Action: 2
BLIP2ITMClient.cosine: (480, 640, 3), Seems like there is a bed ahead.
Sticking to last point.
Best value: 15.24%
Step: 97 | Mode: explore | Action: 1
BLIP2ITMClient.cosine: (480, 640, 3), Seems like there is a bed ahead.
Sticking to last point.
Best value: 15.24%
Step: 98 | Mode: explore | Action: 3
BLIP2ITMClient.cosine: (480, 640, 3), Seems like there is a bed ahead.
Sticking to last point.
Best value: 15.24%
Step: 99 | Mode: explore | Action: 1
BLIP2ITMClient.cosine: (480, 640, 3), Seems like there is a bed ahead.
Sticking to last point.
Best value: 15.24%
Step: 100 | Mode: explore | Action: 1
BLIP2ITMClient.cosine: (480, 640, 3), Seems like there is a bed ahead.
Sticking to last point.
Best value: 15.24%
Step: 101 | Mode: explore | Action: 1
BLIP2ITMClient.cosine: (480, 640, 3), Seems like there is a bed ahead.
Sticking to last point.
Best value: 15.24%
Step: 102 | Mode: explore | Action: 1
BLIP2ITMClient.cosine: (480, 640, 3), Seems like there is a bed ahead.
Sticking to last point.
Best value: 15.24%
Step: 103 | Mode: explore | Action: 3
BLIP2ITMClient.cosine: (480, 640, 3), Seems like there is a bed ahead.
Sticking to last point.
Best value: 15.24%
Step: 104 | Mode: explore | Action: 1
BLIP2ITMClient.cosine: (480, 640, 3), Seems like there is a bed ahead.
Sticking to last point.
Best value: 15.24%
Step: 105 | Mode: explore | Action: 1
BLIP2ITMClient.cosine: (480, 640, 3), Seems like there is a bed ahead.
Sticking to last point.
Best value: 15.24%
Step: 106 | Mode: explore | Action: 3
BLIP2ITMClient.cosine: (480, 640, 3), Seems like there is a bed ahead.
Sticking to last point.
Best value: 15.47%
Step: 107 | Mode: explore | Action: 1
BLIP2ITMClient.cosine: (480, 640, 3), Seems like there is a bed ahead.
Sticking to last point.
Best value: 15.91%
Step: 108 | Mode: explore | Action: 1
BLIP2ITMClient.cosine: (480, 640, 3), Seems like there is a bed ahead.
Sticking to last point.
Best value: 15.91%
Step: 109 | Mode: explore | Action: 1
BLIP2ITMClient.cosine: (480, 640, 3), Seems like there is a bed ahead.
Sticking to last point.
Best value: 15.91%
Step: 110 | Mode: explore | Action: 3
BLIP2ITMClient.cosine: (480, 640, 3), Seems like there is a bed ahead.
Sticking to last point.
Best value: 17.12%
Step: 111 | Mode: explore | Action: 1
BLIP2ITMClient.cosine: (480, 640, 3), Seems like there is a bed ahead.
Sticking to last point.
Best value: 17.74%
Step: 112 | Mode: explore | Action: 1
BLIP2ITMClient.cosine: (480, 640, 3), Seems like there is a bed ahead.
Best value: 19.29%
Step: 113 | Mode: explore | Action: 3
BLIP2ITMClient.cosine: (480, 640, 3), Seems like there is a bed ahead.
Sticking to last point.
Best value: 18.78%
Step: 114 | Mode: explore | Action: 1
BLIP2ITMClient.cosine: (480, 640, 3), Seems like there is a bed ahead.
Sticking to last point.
Best value: 20.64%
Step: 115 | Mode: explore | Action: 1
BLIP2ITMClient.cosine: (480, 640, 3), Seems like there is a bed ahead.
Sticking to last point.
Best value: 21.39%
Step: 116 | Mode: explore | Action: 1
BLIP2ITMClient.cosine: (480, 640, 3), Seems like there is a bed ahead.
Best value: 17.46%
Step: 117 | Mode: explore | Action: 1
BLIP2ITMClient.cosine: (480, 640, 3), Seems like there is a bed ahead.
Best value: 15.31%
Step: 118 | Mode: explore | Action: 1
BLIP2ITMClient.cosine: (480, 640, 3), Seems like there is a bed ahead.
Sticking to last point.
Best value: 15.31%
Step: 119 | Mode: explore | Action: 2
BLIP2ITMClient.cosine: (480, 640, 3), Seems like there is a bed ahead.
Sticking to last point.
Best value: 15.31%
Step: 120 | Mode: explore | Action: 2
BLIP2ITMClient.cosine: (480, 640, 3), Seems like there is a bed ahead.
Sticking to last point.
Best value: 15.31%
Step: 121 | Mode: explore | Action: 2
BLIP2ITMClient.cosine: (480, 640, 3), Seems like there is a bed ahead.
Sticking to last point.
Best value: 15.31%
Step: 122 | Mode: explore | Action: 2
BLIP2ITMClient.cosine: (480, 640, 3), Seems like there is a bed ahead.
Sticking to last point.
Best value: 15.31%
Step: 123 | Mode: explore | Action: 2
BLIP2ITMClient.cosine: (480, 640, 3), Seems like there is a bed ahead.
Sticking to last point.
Best value: 15.31%
Step: 124 | Mode: explore | Action: 2
BLIP2ITMClient.cosine: (480, 640, 3), Seems like there is a bed ahead.
Sticking to last point.
Best value: 15.31%
Step: 125 | Mode: explore | Action: 1
BLIP2ITMClient.cosine: (480, 640, 3), Seems like there is a bed ahead.
Sticking to last point.
Best value: 15.31%
Step: 126 | Mode: explore | Action: 1
BLIP2ITMClient.cosine: (480, 640, 3), Seems like there is a bed ahead.
Sticking to last point.
Best value: 15.31%
Step: 127 | Mode: explore | Action: 3
BLIP2ITMClient.cosine: (480, 640, 3), Seems like there is a bed ahead.
Sticking to last point.
Best value: 15.31%
Step: 128 | Mode: explore | Action: 1
BLIP2ITMClient.cosine: (480, 640, 3), Seems like there is a bed ahead.
Sticking to last point.
Best value: 15.31%
Step: 129 | Mode: explore | Action: 3
BLIP2ITMClient.cosine: (480, 640, 3), Seems like there is a bed ahead.
Sticking to last point.
Best value: 15.31%
Step: 130 | Mode: explore | Action: 1
BLIP2ITMClient.cosine: (480, 640, 3), Seems like there is a bed ahead.
Sticking to last point.
Best value: 15.31%
Step: 131 | Mode: explore | Action: 1
BLIP2ITMClient.cosine: (480, 640, 3), Seems like there is a bed ahead.
Sticking to last point.
Best value: 15.31%
Step: 132 | Mode: explore | Action: 1
BLIP2ITMClient.cosine: (480, 640, 3), Seems like there is a bed ahead.
Sticking to last point.
Best value: 15.65%
Step: 133 | Mode: explore | Action: 1
BLIP2ITMClient.cosine: (480, 640, 3), Seems like there is a bed ahead.
Sticking to last point.
Best value: 15.64%
Step: 134 | Mode: explore | Action: 1
BLIP2ITMClient.cosine: (480, 640, 3), Seems like there is a bed ahead.
Sticking to last point.
Best value: 15.78%
Step: 135 | Mode: explore | Action: 1
BLIP2ITMClient.cosine: (480, 640, 3), Seems like there is a bed ahead.
Sticking to last point.
Best value: 16.76%
Step: 136 | Mode: explore | Action: 1
BLIP2ITMClient.cosine: (480, 640, 3), Seems like there is a bed ahead.
Best value: 15.17%
Step: 137 | Mode: explore | Action: 1
BLIP2ITMClient.cosine: (480, 640, 3), Seems like there is a bed ahead.
Sticking to last point.
Best value: 14.84%
Step: 138 | Mode: explore | Action: 1
BLIP2ITMClient.cosine: (480, 640, 3), Seems like there is a bed ahead.
Best value: 14.73%
Step: 139 | Mode: explore | Action: 3
BLIP2ITMClient.cosine: (480, 640, 3), Seems like there is a bed ahead.
Sticking to last point.
Best value: 14.73%
Step: 140 | Mode: explore | Action: 3
BLIP2ITMClient.cosine: (480, 640, 3), Seems like there is a bed ahead.
Sticking to last point.
Best value: 14.73%
Step: 141 | Mode: explore | Action: 3
BLIP2ITMClient.cosine: (480, 640, 3), Seems like there is a bed ahead.
Sticking to last point.
Best value: 14.73%
Step: 142 | Mode: explore | Action: 3
BLIP2ITMClient.cosine: (480, 640, 3), Seems like there is a bed ahead.
Sticking to last point.
Best value: 14.73%
Step: 143 | Mode: explore | Action: 3
BLIP2ITMClient.cosine: (480, 640, 3), Seems like there is a bed ahead.
Sticking to last point.
Best value: 14.73%
Step: 144 | Mode: explore | Action: 3
BLIP2ITMClient.cosine: (480, 640, 3), Seems like there is a bed ahead.
Sticking to last point.
Best value: 14.73%
Step: 145 | Mode: explore | Action: 1
BLIP2ITMClient.cosine: (480, 640, 3), Seems like there is a bed ahead.
Sticking to last point.
Best value: 14.73%
Step: 146 | Mode: explore | Action: 1
BLIP2ITMClient.cosine: (480, 640, 3), Seems like there is a bed ahead.
Sticking to last point.
Best value: 14.73%
Step: 147 | Mode: explore | Action: 3
BLIP2ITMClient.cosine: (480, 640, 3), Seems like there is a bed ahead.
Sticking to last point.
Best value: 14.73%
Step: 148 | Mode: explore | Action: 1
BLIP2ITMClient.cosine: (480, 640, 3), Seems like there is a bed ahead.
Sticking to last point.
Best value: 14.73%
Step: 149 | Mode: explore | Action: 1
BLIP2ITMClient.cosine: (480, 640, 3), Seems like there is a bed ahead.
Sticking to last point.
Best value: 14.73%
Step: 150 | Mode: explore | Action: 1
BLIP2ITMClient.cosine: (480, 640, 3), Seems like there is a bed ahead.
Sticking to last point.
Best value: 14.73%
Step: 151 | Mode: explore | Action: 1
BLIP2ITMClient.cosine: (480, 640, 3), Seems like there is a bed ahead.
Sticking to last point.
Best value: 14.73%
Step: 152 | Mode: explore | Action: 1
BLIP2ITMClient.cosine: (480, 640, 3), Seems like there is a bed ahead.
Sticking to last point.
Best value: 14.73%
Step: 153 | Mode: explore | Action: 3
BLIP2ITMClient.cosine: (480, 640, 3), Seems like there is a bed ahead.
Sticking to last point.
Best value: 14.73%
Step: 154 | Mode: explore | Action: 1
BLIP2ITMClient.cosine: (480, 640, 3), Seems like there is a bed ahead.
Sticking to last point.
Best value: 14.73%
Step: 155 | Mode: explore | Action: 1
BLIP2ITMClient.cosine: (480, 640, 3), Seems like there is a bed ahead.
Sticking to last point.
Best value: 14.73%
Step: 156 | Mode: explore | Action: 1
BLIP2ITMClient.cosine: (480, 640, 3), Seems like there is a bed ahead.
Sticking to last point.
Best value: 14.73%
Step: 157 | Mode: explore | Action: 1
BLIP2ITMClient.cosine: (480, 640, 3), Seems like there is a bed ahead.
Sticking to last point.
Best value: 14.73%
Step: 158 | Mode: explore | Action: 2
BLIP2ITMClient.cosine: (480, 640, 3), Seems like there is a bed ahead.
Sticking to last point.
Best value: 14.73%
Step: 159 | Mode: explore | Action: 1
BLIP2ITMClient.cosine: (480, 640, 3), Seems like there is a bed ahead.
Sticking to last point.
Best value: 14.73%
Step: 160 | Mode: explore | Action: 1
BLIP2ITMClient.cosine: (480, 640, 3), Seems like there is a bed ahead.
Sticking to last point.
Best value: 14.73%
Step: 161 | Mode: explore | Action: 1
BLIP2ITMClient.cosine: (480, 640, 3), Seems like there is a bed ahead.
Sticking to last point.
Best value: 14.73%
Step: 162 | Mode: explore | Action: 2
BLIP2ITMClient.cosine: (480, 640, 3), Seems like there is a bed ahead.
Sticking to last point.
Best value: 14.73%
Step: 163 | Mode: explore | Action: 1
BLIP2ITMClient.cosine: (480, 640, 3), Seems like there is a bed ahead.
Sticking to last point.
Best value: 14.76%
Step: 164 | Mode: explore | Action: 1
BLIP2ITMClient.cosine: (480, 640, 3), Seems like there is a bed ahead.
Sticking to last point.
Best value: 14.76%
Step: 165 | Mode: explore | Action: 1
BLIP2ITMClient.cosine: (480, 640, 3), Seems like there is a bed ahead.
Sticking to last point.
Best value: 14.76%
Step: 166 | Mode: explore | Action: 2
BLIP2ITMClient.cosine: (480, 640, 3), Seems like there is a bed ahead.
Sticking to last point.
Best value: 16.11%
Step: 167 | Mode: explore | Action: 1
BLIP2ITMClient.cosine: (480, 640, 3), Seems like there is a bed ahead.
Sticking to last point.
Best value: 16.11%
Step: 168 | Mode: explore | Action: 2
BLIP2ITMClient.cosine: (480, 640, 3), Seems like there is a bed ahead.
Best value: 13.76%
Step: 169 | Mode: explore | Action: 2
BLIP2ITMClient.cosine: (480, 640, 3), Seems like there is a bed ahead.
Sticking to last point.
Best value: 13.76%
Step: 170 | Mode: explore | Action: 2
BLIP2ITMClient.cosine: (480, 640, 3), Seems like there is a bed ahead.
Sticking to last point.
Best value: 13.76%
Step: 171 | Mode: explore | Action: 2
BLIP2ITMClient.cosine: (480, 640, 3), Seems like there is a bed ahead.
Sticking to last point.
Best value: 13.76%
Step: 172 | Mode: explore | Action: 2
BLIP2ITMClient.cosine: (480, 640, 3), Seems like there is a bed ahead.
Sticking to last point.
Best value: 13.76%
Step: 173 | Mode: explore | Action: 2
BLIP2ITMClient.cosine: (480, 640, 3), Seems like there is a bed ahead.
Sticking to last point.
Best value: 13.76%
Step: 174 | Mode: explore | Action: 1
BLIP2ITMClient.cosine: (480, 640, 3), Seems like there is a bed ahead.
Sticking to last point.
Best value: 13.76%
Step: 175 | Mode: explore | Action: 1
BLIP2ITMClient.cosine: (480, 640, 3), Seems like there is a bed ahead.
Sticking to last point.
Best value: 13.76%
Step: 176 | Mode: explore | Action: 3
BLIP2ITMClient.cosine: (480, 640, 3), Seems like there is a bed ahead.
Sticking to last point.
Best value: 13.76%
Step: 177 | Mode: explore | Action: 1
BLIP2ITMClient.cosine: (480, 640, 3), Seems like there is a bed ahead.
Sticking to last point.
Best value: 13.76%
Step: 178 | Mode: explore | Action: 3
BLIP2ITMClient.cosine: (480, 640, 3), Seems like there is a bed ahead.
Sticking to last point.
Best value: 13.76%
Step: 179 | Mode: explore | Action: 1
BLIP2ITMClient.cosine: (480, 640, 3), Seems like there is a bed ahead.
Sticking to last point.
Best value: 13.76%
Step: 180 | Mode: explore | Action: 1
BLIP2ITMClient.cosine: (480, 640, 3), Seems like there is a bed ahead.
Sticking to last point.
Best value: 13.76%
Step: 181 | Mode: explore | Action: 1
BLIP2ITMClient.cosine: (480, 640, 3), Seems like there is a bed ahead.
Sticking to last point.
Best value: 13.76%
Step: 182 | Mode: explore | Action: 3
BLIP2ITMClient.cosine: (480, 640, 3), Seems like there is a bed ahead.
Sticking to last point.
Best value: 13.76%
Step: 183 | Mode: explore | Action: 1
BLIP2ITMClient.cosine: (480, 640, 3), Seems like there is a bed ahead.
Sticking to last point.
Best value: 13.76%
Step: 184 | Mode: explore | Action: 1
BLIP2ITMClient.cosine: (480, 640, 3), Seems like there is a bed ahead.
Sticking to last point.
Best value: 13.76%
Step: 185 | Mode: explore | Action: 3
BLIP2ITMClient.cosine: (480, 640, 3), Seems like there is a bed ahead.
Sticking to last point.
Best value: 13.76%
Step: 186 | Mode: explore | Action: 1
BLIP2ITMClient.cosine: (480, 640, 3), Seems like there is a bed ahead.
Sticking to last point.
Best value: 13.76%
Step: 187 | Mode: explore | Action: 1
BLIP2ITMClient.cosine: (480, 640, 3), Seems like there is a bed ahead.
Sticking to last point.
Best value: 13.76%
Step: 188 | Mode: explore | Action: 1
BLIP2ITMClient.cosine: (480, 640, 3), Seems like there is a bed ahead.
Sticking to last point.
Best value: 13.76%
Step: 189 | Mode: explore | Action: 3
BLIP2ITMClient.cosine: (480, 640, 3), Seems like there is a bed ahead.
Sticking to last point.
Best value: 13.76%
Step: 190 | Mode: explore | Action: 1
BLIP2ITMClient.cosine: (480, 640, 3), Seems like there is a bed ahead.
Sticking to last point.
Best value: 13.76%
Step: 191 | Mode: explore | Action: 1
BLIP2ITMClient.cosine: (480, 640, 3), Seems like there is a bed ahead.
Sticking to last point.
Best value: 13.76%
Step: 192 | Mode: explore | Action: 1
BLIP2ITMClient.cosine: (480, 640, 3), Seems like there is a bed ahead.
Sticking to last point.
Best value: 13.76%
Step: 193 | Mode: explore | Action: 1
BLIP2ITMClient.cosine: (480, 640, 3), Seems like there is a bed ahead.
Sticking to last point.
Best value: 13.76%
Step: 194 | Mode: explore | Action: 1
BLIP2ITMClient.cosine: (480, 640, 3), Seems like there is a bed ahead.
Sticking to last point.
Best value: 13.76%
Step: 195 | Mode: explore | Action: 2
BLIP2ITMClient.cosine: (480, 640, 3), Seems like there is a bed ahead.
Sticking to last point.
Best value: 13.84%
Step: 196 | Mode: explore | Action: 1
BLIP2ITMClient.cosine: (480, 640, 3), Seems like there is a bed ahead.
Sticking to last point.
Best value: 13.84%
Step: 197 | Mode: explore | Action: 2
BLIP2ITMClient.cosine: (480, 640, 3), Seems like there is a bed ahead.
Sticking to last point.
Best value: 12.87%
Step: 198 | Mode: explore | Action: 1
BLIP2ITMClient.cosine: (480, 640, 3), Seems like there is a bed ahead.
Sticking to last point.
Best value: 12.32%
Step: 199 | Mode: explore | Action: 1
BLIP2ITMClient.cosine: (480, 640, 3), Seems like there is a bed ahead.
Sticking to last point.
Best value: 12.15%
Step: 200 | Mode: explore | Action: 2
BLIP2ITMClient.cosine: (480, 640, 3), Seems like there is a bed ahead.
Sticking to last point.
Best value: 12.65%
Step: 201 | Mode: explore | Action: 1
BLIP2ITMClient.cosine: (480, 640, 3), Seems like there is a bed ahead.
Sticking to last point.
Best value: 12.81%
Step: 202 | Mode: explore | Action: 1
BLIP2ITMClient.cosine: (480, 640, 3), Seems like there is a bed ahead.
Sticking to last point.
Best value: 13.77%
Step: 203 | Mode: explore | Action: 1
BLIP2ITMClient.cosine: (480, 640, 3), Seems like there is a bed ahead.
Sticking to last point.
Best value: 13.77%
Step: 204 | Mode: explore | Action: 3
BLIP2ITMClient.cosine: (480, 640, 3), Seems like there is a bed ahead.
Sticking to last point.
Best value: 14.36%
Step: 205 | Mode: explore | Action: 3
BLIP2ITMClient.cosine: (480, 640, 3), Seems like there is a bed ahead.
Best value: 12.44%
Step: 206 | Mode: explore | Action: 2
BLIP2ITMClient.cosine: (480, 640, 3), Seems like there is a bed ahead.
Sticking to last point.
Best value: 12.44%
Step: 207 | Mode: explore | Action: 2
BLIP2ITMClient.cosine: (480, 640, 3), Seems like there is a bed ahead.
Sticking to last point.
Best value: 12.44%
Step: 208 | Mode: explore | Action: 2
BLIP2ITMClient.cosine: (480, 640, 3), Seems like there is a bed ahead.
Sticking to last point.
Best value: 12.45%
Step: 209 | Mode: explore | Action: 2
BLIP2ITMClient.cosine: (480, 640, 3), Seems like there is a bed ahead.
Sticking to last point.
Best value: 12.49%
Step: 210 | Mode: explore | Action: 2
BLIP2ITMClient.cosine: (480, 640, 3), Seems like there is a bed ahead.
Sticking to last point.
Best value: 12.49%
Step: 211 | Mode: explore | Action: 1
BLIP2ITMClient.cosine: (480, 640, 3), Seems like there is a bed ahead.
Sticking to last point.
Best value: 12.49%
Step: 212 | Mode: explore | Action: 1
BLIP2ITMClient.cosine: (480, 640, 3), Seems like there is a bed ahead.
Sticking to last point.
Best value: 12.49%
Step: 213 | Mode: explore | Action: 3
BLIP2ITMClient.cosine: (480, 640, 3), Seems like there is a bed ahead.
Sticking to last point.
Best value: 12.49%
Step: 214 | Mode: explore | Action: 3
BLIP2ITMClient.cosine: (480, 640, 3), Seems like there is a bed ahead.
Sticking to last point.
Best value: 12.49%
Step: 215 | Mode: explore | Action: 1
BLIP2ITMClient.cosine: (480, 640, 3), Seems like there is a bed ahead.
Sticking to last point.
Best value: 12.49%
Step: 216 | Mode: explore | Action: 3
BLIP2ITMClient.cosine: (480, 640, 3), Seems like there is a bed ahead.
Sticking to last point.
Best value: 12.49%
Step: 217 | Mode: explore | Action: 1
BLIP2ITMClient.cosine: (480, 640, 3), Seems like there is a bed ahead.
Sticking to last point.
Best value: 12.49%
Step: 218 | Mode: explore | Action: 3
BLIP2ITMClient.cosine: (480, 640, 3), Seems like there is a bed ahead.
Sticking to last point.
Best value: 12.49%
Step: 219 | Mode: explore | Action: 1
BLIP2ITMClient.cosine: (480, 640, 3), Seems like there is a bed ahead.
Sticking to last point.
Best value: 12.49%
Step: 220 | Mode: explore | Action: 2
BLIP2ITMClient.cosine: (480, 640, 3), Seems like there is a bed ahead.
Sticking to last point.
Best value: 12.49%
Step: 221 | Mode: explore | Action: 2
BLIP2ITMClient.cosine: (480, 640, 3), Seems like there is a bed ahead.
Sticking to last point.
Best value: 12.51%
Step: 222 | Mode: explore | Action: 2
BLIP2ITMClient.cosine: (480, 640, 3), Seems like there is a bed ahead.
Sticking to last point.
Best value: 12.66%
Step: 223 | Mode: explore | Action: 2
BLIP2ITMClient.cosine: (480, 640, 3), Seems like there is a bed ahead.
Sticking to last point.
Best value: 12.66%
Step: 224 | Mode: explore | Action: 2
BLIP2ITMClient.cosine: (480, 640, 3), Seems like there is a bed ahead.
Sticking to last point.
Best value: 12.66%
Step: 225 | Mode: explore | Action: 2
BLIP2ITMClient.cosine: (480, 640, 3), Seems like there is a bed ahead.
Sticking to last point.
Best value: 12.66%
Step: 226 | Mode: explore | Action: 1
BLIP2ITMClient.cosine: (480, 640, 3), Seems like there is a bed ahead.
Sticking to last point.
Best value: 12.66%
Step: 227 | Mode: explore | Action: 2
BLIP2ITMClient.cosine: (480, 640, 3), Seems like there is a bed ahead.
Sticking to last point.
Best value: 12.66%
Step: 228 | Mode: explore | Action: 1
BLIP2ITMClient.cosine: (480, 640, 3), Seems like there is a bed ahead.
Sticking to last point.
Best value: 12.66%
Step: 229 | Mode: explore | Action: 1
BLIP2ITMClient.cosine: (480, 640, 3), Seems like there is a bed ahead.
Sticking to last point.
Best value: 12.66%
Step: 230 | Mode: explore | Action: 1
BLIP2ITMClient.cosine: (480, 640, 3), Seems like there is a bed ahead.
Sticking to last point.
Best value: 12.66%
Step: 231 | Mode: explore | Action: 3
BLIP2ITMClient.cosine: (480, 640, 3), Seems like there is a bed ahead.
Sticking to last point.
Best value: 12.66%
Step: 232 | Mode: explore | Action: 1
BLIP2ITMClient.cosine: (480, 640, 3), Seems like there is a bed ahead.
Sticking to last point.
Best value: 12.66%
Step: 233 | Mode: explore | Action: 1
BLIP2ITMClient.cosine: (480, 640, 3), Seems like there is a bed ahead.
Sticking to last point.
Best value: 12.66%
Step: 234 | Mode: explore | Action: 2
BLIP2ITMClient.cosine: (480, 640, 3), Seems like there is a bed ahead.
Sticking to last point.
Best value: 12.66%
Step: 235 | Mode: explore | Action: 1
BLIP2ITMClient.cosine: (480, 640, 3), Seems like there is a bed ahead.
Sticking to last point.
Best value: 12.66%
Step: 236 | Mode: explore | Action: 2
BLIP2ITMClient.cosine: (480, 640, 3), Seems like there is a bed ahead.
Sticking to last point.
Best value: 12.66%
Step: 237 | Mode: explore | Action: 1
BLIP2ITMClient.cosine: (480, 640, 3), Seems like there is a bed ahead.
Sticking to last point.
Best value: 12.66%
Step: 238 | Mode: explore | Action: 3
BLIP2ITMClient.cosine: (480, 640, 3), Seems like there is a bed ahead.
Sticking to last point.
Best value: 12.66%
Step: 239 | Mode: explore | Action: 3
BLIP2ITMClient.cosine: (480, 640, 3), Seems like there is a bed ahead.
Sticking to last point.
Best value: 12.66%
Step: 240 | Mode: explore | Action: 1
BLIP2ITMClient.cosine: (480, 640, 3), Seems like there is a bed ahead.
Sticking to last point.
Best value: 12.66%
Step: 241 | Mode: explore | Action: 3
BLIP2ITMClient.cosine: (480, 640, 3), Seems like there is a bed ahead.
Sticking to last point.
Best value: 12.66%
Step: 242 | Mode: explore | Action: 3
BLIP2ITMClient.cosine: (480, 640, 3), Seems like there is a bed ahead.
Sticking to last point.
Best value: 12.66%
Step: 243 | Mode: explore | Action: 2
BLIP2ITMClient.cosine: (480, 640, 3), Seems like there is a bed ahead.
Sticking to last point.
Best value: 12.66%
Step: 244 | Mode: explore | Action: 1
BLIP2ITMClient.cosine: (480, 640, 3), Seems like there is a bed ahead.
Sticking to last point.
Best value: 12.66%
Step: 245 | Mode: explore | Action: 3
BLIP2ITMClient.cosine: (480, 640, 3), Seems like there is a bed ahead.
Sticking to last point.
Best value: 12.66%
Step: 246 | Mode: explore | Action: 1
BLIP2ITMClient.cosine: (480, 640, 3), Seems like there is a bed ahead.
Sticking to last point.
Best value: 12.66%
Step: 247 | Mode: explore | Action: 1
BLIP2ITMClient.cosine: (480, 640, 3), Seems like there is a bed ahead.
Sticking to last point.
Best value: 12.66%
Step: 248 | Mode: explore | Action: 3
BLIP2ITMClient.cosine: (480, 640, 3), Seems like there is a bed ahead.
Sticking to last point.
Best value: 12.66%
Step: 249 | Mode: explore | Action: 1
BLIP2ITMClient.cosine: (480, 640, 3), Seems like there is a bed ahead.
Sticking to last point.
Best value: 12.66%
Step: 250 | Mode: explore | Action: 1
BLIP2ITMClient.cosine: (480, 640, 3), Seems like there is a bed ahead.
Sticking to last point.
Best value: 12.66%
Step: 251 | Mode: explore | Action: 3
BLIP2ITMClient.cosine: (480, 640, 3), Seems like there is a bed ahead.
Sticking to last point.
Best value: 12.67%
Step: 252 | Mode: explore | Action: 1
BLIP2ITMClient.cosine: (480, 640, 3), Seems like there is a bed ahead.
Sticking to last point.
Best value: 14.31%
Step: 253 | Mode: explore | Action: 1
BLIP2ITMClient.cosine: (480, 640, 3), Seems like there is a bed ahead.
Sticking to last point.
Best value: 14.63%
Step: 254 | Mode: explore | Action: 1
BLIP2ITMClient.cosine: (480, 640, 3), Seems like there is a bed ahead.
Sticking to last point.
Best value: 14.94%
Step: 255 | Mode: explore | Action: 1
BLIP2ITMClient.cosine: (480, 640, 3), Seems like there is a bed ahead.
Sticking to last point.
Best value: 15.86%
Step: 256 | Mode: explore | Action: 1
BLIP2ITMClient.cosine: (480, 640, 3), Seems like there is a bed ahead.
Sticking to last point.
Best value: 17.44%
Step: 257 | Mode: explore | Action: 1
BLIP2ITMClient.cosine: (480, 640, 3), Seems like there is a bed ahead.
Sticking to last point.
Best value: 17.66%
Step: 258 | Mode: explore | Action: 1
BLIP2ITMClient.cosine: (480, 640, 3), Seems like there is a bed ahead.
Sticking to last point.
Best value: 17.51%
Step: 259 | Mode: explore | Action: 1
BLIP2ITMClient.cosine: (480, 640, 3), Seems like there is a bed ahead.
Best value: 15.02%
Step: 260 | Mode: explore | Action: 1
BLIP2ITMClient.cosine: (480, 640, 3), Seems like there is a bed ahead.
Sticking to last point.
Best value: 14.25%
Step: 261 | Mode: explore | Action: 1
BLIP2ITMClient.cosine: (480, 640, 3), Seems like there is a bed ahead.
Best value: 19.40%
Step: 262 | Mode: explore | Action: 3
BLIP2ITMClient.cosine: (480, 640, 3), Seems like there is a bed ahead.
Best value: 12.72%
Step: 263 | Mode: explore | Action: 2
BLIP2ITMClient.cosine: (480, 640, 3), Seems like there is a bed ahead.
Sticking to last point.
Best value: 12.30%
Step: 264 | Mode: explore | Action: 3
BLIP2ITMClient.cosine: (480, 640, 3), Seems like there is a bed ahead.
Sticking to last point.
Best value: 12.44%
Step: 265 | Mode: explore | Action: 3
BLIP2ITMClient.cosine: (480, 640, 3), Seems like there is a bed ahead.
Sticking to last point.
Best value: 12.44%
Step: 266 | Mode: explore | Action: 2
BLIP2ITMClient.cosine: (480, 640, 3), Seems like there is a bed ahead.
Sticking to last point.
Best value: 12.49%
Step: 267 | Mode: explore | Action: 1
BLIP2ITMClient.cosine: (480, 640, 3), Seems like there is a bed ahead.
Sticking to last point.
Best value: 12.43%
Step: 268 | Mode: explore | Action: 1
BLIP2ITMClient.cosine: (480, 640, 3), Seems like there is a bed ahead.
Sticking to last point.
Best value: 11.80%
Step: 269 | Mode: explore | Action: 1
BLIP2ITMClient.cosine: (480, 640, 3), Seems like there is a bed ahead.
Sticking to last point.
Best value: 11.06%
Step: 270 | Mode: explore | Action: 1
BLIP2ITMClient.cosine: (480, 640, 3), Seems like there is a bed ahead.
Sticking to last point.
Best value: 11.20%
Step: 271 | Mode: explore | Action: 1
BLIP2ITMClient.cosine: (480, 640, 3), Seems like there is a bed ahead.
Sticking to last point.
Best value: 10.66%
Step: 272 | Mode: explore | Action: 1
BLIP2ITMClient.cosine: (480, 640, 3), Seems like there is a bed ahead.
Sticking to last point.
Best value: 10.86%
Step: 273 | Mode: explore | Action: 1
BLIP2ITMClient.cosine: (480, 640, 3), Seems like there is a bed ahead.
Sticking to last point.
Best value: 11.16%
Step: 274 | Mode: explore | Action: 3
BLIP2ITMClient.cosine: (480, 640, 3), Seems like there is a bed ahead.
Sticking to last point.
Best value: 11.16%
Step: 275 | Mode: explore | Action: 1
BLIP2ITMClient.cosine: (480, 640, 3), Seems like there is a bed ahead.
Sticking to last point.
Best value: 11.16%
Step: 276 | Mode: explore | Action: 1
BLIP2ITMClient.cosine: (480, 640, 3), Seems like there is a bed ahead.
Sticking to last point.
Best value: 11.16%
Step: 277 | Mode: explore | Action: 2
BLIP2ITMClient.cosine: (480, 640, 3), Seems like there is a bed ahead.
Best value: 11.14%
Step: 278 | Mode: explore | Action: 2
BLIP2ITMClient.cosine: (480, 640, 3), Seems like there is a bed ahead.
Sticking to last point.
Best value: 10.79%
Step: 279 | Mode: explore | Action: 2
BLIP2ITMClient.cosine: (480, 640, 3), Seems like there is a bed ahead.
Sticking to last point.
Best value: 10.81%
Step: 280 | Mode: explore | Action: 2
BLIP2ITMClient.cosine: (480, 640, 3), Seems like there is a bed ahead.
Sticking to last point.
Best value: 10.81%
Step: 281 | Mode: explore | Action: 2
BLIP2ITMClient.cosine: (480, 640, 3), Seems like there is a bed ahead.
Sticking to last point.
Best value: 10.81%
Step: 282 | Mode: explore | Action: 2
BLIP2ITMClient.cosine: (480, 640, 3), Seems like there is a bed ahead.
Sticking to last point.
Best value: 10.81%
Step: 283 | Mode: explore | Action: 1
BLIP2ITMClient.cosine: (480, 640, 3), Seems like there is a bed ahead.
Sticking to last point.
Best value: 10.81%
Step: 284 | Mode: explore | Action: 1
BLIP2ITMClient.cosine: (480, 640, 3), Seems like there is a bed ahead.
Sticking to last point.
Best value: 10.81%
Step: 285 | Mode: explore | Action: 2
BLIP2ITMClient.cosine: (480, 640, 3), Seems like there is a bed ahead.
Sticking to last point.
Best value: 10.81%
Step: 286 | Mode: explore | Action: 1
BLIP2ITMClient.cosine: (480, 640, 3), Seems like there is a bed ahead.
Sticking to last point.
Best value: 10.81%
Step: 287 | Mode: explore | Action: 3
BLIP2ITMClient.cosine: (480, 640, 3), Seems like there is a bed ahead.
Sticking to last point.
Best value: 10.81%
Step: 288 | Mode: explore | Action: 1
BLIP2ITMClient.cosine: (480, 640, 3), Seems like there is a bed ahead.
Sticking to last point.
Best value: 10.81%
Step: 289 | Mode: explore | Action: 1
BLIP2ITMClient.cosine: (480, 640, 3), Seems like there is a bed ahead.
Sticking to last point.
Best value: 10.81%
Step: 290 | Mode: explore | Action: 1
BLIP2ITMClient.cosine: (480, 640, 3), Seems like there is a bed ahead.
Sticking to last point.
Best value: 10.81%
Step: 291 | Mode: explore | Action: 3
BLIP2ITMClient.cosine: (480, 640, 3), Seems like there is a bed ahead.
Sticking to last point.
Best value: 10.81%
Step: 292 | Mode: explore | Action: 3
BLIP2ITMClient.cosine: (480, 640, 3), Seems like there is a bed ahead.
Sticking to last point.
Best value: 10.81%
Step: 293 | Mode: explore | Action: 3
BLIP2ITMClient.cosine: (480, 640, 3), Seems like there is a bed ahead.
Sticking to last point.
Best value: 10.81%
Step: 294 | Mode: explore | Action: 2
BLIP2ITMClient.cosine: (480, 640, 3), Seems like there is a bed ahead.
Sticking to last point.
Best value: 10.81%
Step: 295 | Mode: explore | Action: 2
BLIP2ITMClient.cosine: (480, 640, 3), Seems like there is a bed ahead.
Sticking to last point.
Best value: 10.81%
Step: 296 | Mode: explore | Action: 1
BLIP2ITMClient.cosine: (480, 640, 3), Seems like there is a bed ahead.
Sticking to last point.
Best value: 10.81%
Step: 297 | Mode: explore | Action: 1
BLIP2ITMClient.cosine: (480, 640, 3), Seems like there is a bed ahead.
Sticking to last point.
Best value: 10.81%
Step: 298 | Mode: explore | Action: 1
BLIP2ITMClient.cosine: (480, 640, 3), Seems like there is a bed ahead.
Sticking to last point.
Best value: 10.81%
Step: 299 | Mode: explore | Action: 1
BLIP2ITMClient.cosine: (480, 640, 3), Seems like there is a bed ahead.
Sticking to last point.
Best value: 10.81%
Step: 300 | Mode: explore | Action: 3
BLIP2ITMClient.cosine: (480, 640, 3), Seems like there is a bed ahead.
Sticking to last point.
Best value: 10.81%
Step: 301 | Mode: explore | Action: 1
BLIP2ITMClient.cosine: (480, 640, 3), Seems like there is a bed ahead.
Sticking to last point.
Best value: 10.81%
Step: 302 | Mode: explore | Action: 2
BLIP2ITMClient.cosine: (480, 640, 3), Seems like there is a bed ahead.
Sticking to last point.
Best value: 10.81%
Step: 303 | Mode: explore | Action: 1
BLIP2ITMClient.cosine: (480, 640, 3), Seems like there is a bed ahead.
Sticking to last point.
Best value: 10.81%
Step: 304 | Mode: explore | Action: 1
BLIP2ITMClient.cosine: (480, 640, 3), Seems like there is a bed ahead.
Sticking to last point.
Best value: 10.81%
Step: 305 | Mode: explore | Action: 3
BLIP2ITMClient.cosine: (480, 640, 3), Seems like there is a bed ahead.
Sticking to last point.
Best value: 10.81%
Step: 306 | Mode: explore | Action: 3
BLIP2ITMClient.cosine: (480, 640, 3), Seems like there is a bed ahead.
Sticking to last point.
Best value: 10.81%
Step: 307 | Mode: explore | Action: 3
BLIP2ITMClient.cosine: (480, 640, 3), Seems like there is a bed ahead.
Sticking to last point.
Best value: 10.81%
Step: 308 | Mode: explore | Action: 3
BLIP2ITMClient.cosine: (480, 640, 3), Seems like there is a bed ahead.
Sticking to last point.
Best value: 14.51%
Step: 309 | Mode: explore | Action: 3
BLIP2ITMClient.cosine: (480, 640, 3), Seems like there is a bed ahead.
Best value: 13.20%
Step: 310 | Mode: explore | Action: 3
BLIP2ITMClient.cosine: (480, 640, 3), Seems like there is a bed ahead.
Sticking to last point.
Best value: 13.20%
Step: 311 | Mode: explore | Action: 1
BLIP2ITMClient.cosine: (480, 640, 3), Seems like there is a bed ahead.
Sticking to last point.
Best value: 13.20%
Step: 312 | Mode: explore | Action: 1
BLIP2ITMClient.cosine: (480, 640, 3), Seems like there is a bed ahead.
Sticking to last point.
Best value: 13.20%
Step: 313 | Mode: explore | Action: 1
BLIP2ITMClient.cosine: (480, 640, 3), Seems like there is a bed ahead.
Sticking to last point.
Best value: 13.20%
Step: 314 | Mode: explore | Action: 1
BLIP2ITMClient.cosine: (480, 640, 3), Seems like there is a bed ahead.
Sticking to last point.
Best value: 13.20%
Step: 315 | Mode: explore | Action: 1
BLIP2ITMClient.cosine: (480, 640, 3), Seems like there is a bed ahead.
Sticking to last point.
Best value: 13.20%
Step: 316 | Mode: explore | Action: 1
BLIP2ITMClient.cosine: (480, 640, 3), Seems like there is a bed ahead.
Sticking to last point.
Best value: 13.20%
Step: 317 | Mode: explore | Action: 2
BLIP2ITMClient.cosine: (480, 640, 3), Seems like there is a bed ahead.
Sticking to last point.
Best value: 13.20%
Step: 318 | Mode: explore | Action: 2
BLIP2ITMClient.cosine: (480, 640, 3), Seems like there is a bed ahead.
Sticking to last point.
Best value: 13.62%
Step: 319 | Mode: explore | Action: 2
BLIP2ITMClient.cosine: (480, 640, 3), Seems like there is a bed ahead.
Best value: 12.39%
Step: 320 | Mode: explore | Action: 2
BLIP2ITMClient.cosine: (480, 640, 3), Seems like there is a bed ahead.
Sticking to last point.
Best value: 12.39%
Step: 321 | Mode: explore | Action: 2
BLIP2ITMClient.cosine: (480, 640, 3), Seems like there is a bed ahead.
Sticking to last point.
Best value: 12.39%
Step: 322 | Mode: explore | Action: 2
BLIP2ITMClient.cosine: (480, 640, 3), Seems like there is a bed ahead.
Sticking to last point.
Best value: 12.39%
Step: 323 | Mode: explore | Action: 1
BLIP2ITMClient.cosine: (480, 640, 3), Seems like there is a bed ahead.
Sticking to last point.
Best value: 12.39%
Step: 324 | Mode: explore | Action: 1
BLIP2ITMClient.cosine: (480, 640, 3), Seems like there is a bed ahead.
Sticking to last point.
Best value: 12.39%
Step: 325 | Mode: explore | Action: 1
BLIP2ITMClient.cosine: (480, 640, 3), Seems like there is a bed ahead.
Sticking to last point.
Best value: 12.39%
Step: 326 | Mode: explore | Action: 1
BLIP2ITMClient.cosine: (480, 640, 3), Seems like there is a bed ahead.
Sticking to last point.
Best value: 12.39%
Step: 327 | Mode: explore | Action: 1
BLIP2ITMClient.cosine: (480, 640, 3), Seems like there is a bed ahead.
Sticking to last point.
Best value: 12.39%
Step: 328 | Mode: explore | Action: 3
BLIP2ITMClient.cosine: (480, 640, 3), Seems like there is a bed ahead.
Sticking to last point.
Best value: 12.39%
Step: 329 | Mode: explore | Action: 1
BLIP2ITMClient.cosine: (480, 640, 3), Seems like there is a bed ahead.
Sticking to last point.
Best value: 12.39%
Step: 330 | Mode: explore | Action: 2
BLIP2ITMClient.cosine: (480, 640, 3), Seems like there is a bed ahead.
Sticking to last point.
Best value: 12.39%
Step: 331 | Mode: explore | Action: 1
BLIP2ITMClient.cosine: (480, 640, 3), Seems like there is a bed ahead.
Sticking to last point.
Best value: 12.39%
Step: 332 | Mode: explore | Action: 1
BLIP2ITMClient.cosine: (480, 640, 3), Seems like there is a bed ahead.
Sticking to last point.
Best value: 12.39%
Step: 333 | Mode: explore | Action: 3
BLIP2ITMClient.cosine: (480, 640, 3), Seems like there is a bed ahead.
Sticking to last point.
Best value: 12.39%
Step: 334 | Mode: explore | Action: 3
BLIP2ITMClient.cosine: (480, 640, 3), Seems like there is a bed ahead.
Sticking to last point.
Best value: 12.39%
Step: 335 | Mode: explore | Action: 2
BLIP2ITMClient.cosine: (480, 640, 3), Seems like there is a bed ahead.
Sticking to last point.
Best value: 12.39%
Step: 336 | Mode: explore | Action: 2
BLIP2ITMClient.cosine: (480, 640, 3), Seems like there is a bed ahead.
Sticking to last point.
Best value: 12.39%
Step: 337 | Mode: explore | Action: 2
BLIP2ITMClient.cosine: (480, 640, 3), Seems like there is a bed ahead.
Sticking to last point.
Best value: 12.39%
Step: 338 | Mode: explore | Action: 2
BLIP2ITMClient.cosine: (480, 640, 3), Seems like there is a bed ahead.
Sticking to last point.
Best value: 12.39%
Step: 339 | Mode: explore | Action: 2
BLIP2ITMClient.cosine: (480, 640, 3), Seems like there is a bed ahead.
Sticking to last point.
Best value: 12.39%
Step: 340 | Mode: explore | Action: 2
BLIP2ITMClient.cosine: (480, 640, 3), Seems like there is a bed ahead.
Sticking to last point.
Best value: 12.39%
Step: 341 | Mode: explore | Action: 2
BLIP2ITMClient.cosine: (480, 640, 3), Seems like there is a bed ahead.
Sticking to last point.
Best value: 12.39%
Step: 342 | Mode: explore | Action: 2
BLIP2ITMClient.cosine: (480, 640, 3), Seems like there is a bed ahead.
Sticking to last point.
Best value: 12.39%
Step: 343 | Mode: explore | Action: 1
BLIP2ITMClient.cosine: (480, 640, 3), Seems like there is a bed ahead.
Sticking to last point.
Best value: 12.39%
Step: 344 | Mode: explore | Action: 1
BLIP2ITMClient.cosine: (480, 640, 3), Seems like there is a bed ahead.
Sticking to last point.
Best value: 12.39%
Step: 345 | Mode: explore | Action: 3
BLIP2ITMClient.cosine: (480, 640, 3), Seems like there is a bed ahead.
Sticking to last point.
Best value: 12.39%
Step: 346 | Mode: explore | Action: 1
BLIP2ITMClient.cosine: (480, 640, 3), Seems like there is a bed ahead.
Sticking to last point.
Best value: 12.39%
Step: 347 | Mode: explore | Action: 2
BLIP2ITMClient.cosine: (480, 640, 3), Seems like there is a bed ahead.
Sticking to last point.
Best value: 12.39%
Step: 348 | Mode: explore | Action: 1
BLIP2ITMClient.cosine: (480, 640, 3), Seems like there is a bed ahead.
Sticking to last point.
Best value: 12.39%
Step: 349 | Mode: explore | Action: 1
BLIP2ITMClient.cosine: (480, 640, 3), Seems like there is a bed ahead.
Sticking to last point.
Best value: 12.39%
Step: 350 | Mode: explore | Action: 1
BLIP2ITMClient.cosine: (480, 640, 3), Seems like there is a bed ahead.
Sticking to last point.
Best value: 12.39%
Step: 351 | Mode: explore | Action: 1
BLIP2ITMClient.cosine: (480, 640, 3), Seems like there is a bed ahead.
Sticking to last point.
Best value: 12.39%
Step: 352 | Mode: explore | Action: 1
BLIP2ITMClient.cosine: (480, 640, 3), Seems like there is a bed ahead.
Sticking to last point.
Best value: 12.39%
Step: 353 | Mode: explore | Action: 2
BLIP2ITMClient.cosine: (480, 640, 3), Seems like there is a bed ahead.
Sticking to last point.
Best value: 12.39%
Step: 354 | Mode: explore | Action: 2
BLIP2ITMClient.cosine: (480, 640, 3), Seems like there is a bed ahead.
Sticking to last point.
Best value: 13.13%
Step: 355 | Mode: explore | Action: 2
BLIP2ITMClient.cosine: (480, 640, 3), Seems like there is a bed ahead.
Sticking to last point.
Best value: 12.16%
Step: 356 | Mode: explore | Action: 2
BLIP2ITMClient.cosine: (480, 640, 3), Seems like there is a bed ahead.
Sticking to last point.
Best value: 12.16%
Step: 357 | Mode: explore | Action: 2
BLIP2ITMClient.cosine: (480, 640, 3), Seems like there is a bed ahead.
Sticking to last point.
Best value: 12.16%
Step: 358 | Mode: explore | Action: 2
BLIP2ITMClient.cosine: (480, 640, 3), Seems like there is a bed ahead.
Sticking to last point.
Best value: 12.16%
Step: 359 | Mode: explore | Action: 1
BLIP2ITMClient.cosine: (480, 640, 3), Seems like there is a bed ahead.
Sticking to last point.
Best value: 12.16%
Step: 360 | Mode: explore | Action: 1
BLIP2ITMClient.cosine: (480, 640, 3), Seems like there is a bed ahead.
Sticking to last point.
Best value: 12.16%
Step: 361 | Mode: explore | Action: 1
BLIP2ITMClient.cosine: (480, 640, 3), Seems like there is a bed ahead.
Sticking to last point.
Best value: 12.16%
Step: 362 | Mode: explore | Action: 1
BLIP2ITMClient.cosine: (480, 640, 3), Seems like there is a bed ahead.
Sticking to last point.
Best value: 12.16%
Step: 363 | Mode: explore | Action: 1
BLIP2ITMClient.cosine: (480, 640, 3), Seems like there is a bed ahead.
Sticking to last point.
Best value: 12.16%
Step: 364 | Mode: explore | Action: 3
BLIP2ITMClient.cosine: (480, 640, 3), Seems like there is a bed ahead.
Sticking to last point.
Best value: 12.16%
Step: 365 | Mode: explore | Action: 1
BLIP2ITMClient.cosine: (480, 640, 3), Seems like there is a bed ahead.
Sticking to last point.
Best value: 12.16%
Step: 366 | Mode: explore | Action: 2
BLIP2ITMClient.cosine: (480, 640, 3), Seems like there is a bed ahead.
Sticking to last point.
Best value: 12.16%
Step: 367 | Mode: explore | Action: 1
BLIP2ITMClient.cosine: (480, 640, 3), Seems like there is a bed ahead.
Sticking to last point.
Best value: 12.16%
Step: 368 | Mode: explore | Action: 1
BLIP2ITMClient.cosine: (480, 640, 3), Seems like there is a bed ahead.
Sticking to last point.
Best value: 12.16%
Step: 369 | Mode: explore | Action: 3
BLIP2ITMClient.cosine: (480, 640, 3), Seems like there is a bed ahead.
Sticking to last point.
Best value: 12.16%
Step: 370 | Mode: explore | Action: 3
BLIP2ITMClient.cosine: (480, 640, 3), Seems like there is a bed ahead.
Sticking to last point.
Best value: 12.16%
Step: 371 | Mode: explore | Action: 2
BLIP2ITMClient.cosine: (480, 640, 3), Seems like there is a bed ahead.
Sticking to last point.
Best value: 12.16%
Step: 372 | Mode: explore | Action: 2
BLIP2ITMClient.cosine: (480, 640, 3), Seems like there is a bed ahead.
Sticking to last point.
Best value: 12.16%
Step: 373 | Mode: explore | Action: 2
BLIP2ITMClient.cosine: (480, 640, 3), Seems like there is a bed ahead.
Sticking to last point.
Best value: 12.16%
Step: 374 | Mode: explore | Action: 2
BLIP2ITMClient.cosine: (480, 640, 3), Seems like there is a bed ahead.
Sticking to last point.
Best value: 12.16%
Step: 375 | Mode: explore | Action: 2
BLIP2ITMClient.cosine: (480, 640, 3), Seems like there is a bed ahead.
Sticking to last point.
Best value: 12.16%
Step: 376 | Mode: explore | Action: 2
BLIP2ITMClient.cosine: (480, 640, 3), Seems like there is a bed ahead.
Sticking to last point.
Best value: 12.16%
Step: 377 | Mode: explore | Action: 2
BLIP2ITMClient.cosine: (480, 640, 3), Seems like there is a bed ahead.
Sticking to last point.
Best value: 12.16%
Step: 378 | Mode: explore | Action: 2
BLIP2ITMClient.cosine: (480, 640, 3), Seems like there is a bed ahead.
Sticking to last point.
Best value: 12.16%
Step: 379 | Mode: explore | Action: 1
BLIP2ITMClient.cosine: (480, 640, 3), Seems like there is a bed ahead.
Sticking to last point.
Best value: 12.16%
Step: 380 | Mode: explore | Action: 1
BLIP2ITMClient.cosine: (480, 640, 3), Seems like there is a bed ahead.
Sticking to last point.
Best value: 12.16%
Step: 381 | Mode: explore | Action: 3
BLIP2ITMClient.cosine: (480, 640, 3), Seems like there is a bed ahead.
Sticking to last point.
Best value: 12.16%
Step: 382 | Mode: explore | Action: 1
BLIP2ITMClient.cosine: (480, 640, 3), Seems like there is a bed ahead.
Sticking to last point.
Best value: 12.16%
Step: 383 | Mode: explore | Action: 2
BLIP2ITMClient.cosine: (480, 640, 3), Seems like there is a bed ahead.
Sticking to last point.
Best value: 12.16%
Step: 384 | Mode: explore | Action: 1
BLIP2ITMClient.cosine: (480, 640, 3), Seems like there is a bed ahead.
Sticking to last point.
Best value: 12.16%
Step: 385 | Mode: explore | Action: 1
BLIP2ITMClient.cosine: (480, 640, 3), Seems like there is a bed ahead.
Sticking to last point.
Best value: 12.16%
Step: 386 | Mode: explore | Action: 1
BLIP2ITMClient.cosine: (480, 640, 3), Seems like there is a bed ahead.
Sticking to last point.
Best value: 12.16%
Step: 387 | Mode: explore | Action: 1
BLIP2ITMClient.cosine: (480, 640, 3), Seems like there is a bed ahead.
Sticking to last point.
Best value: 12.16%
Step: 388 | Mode: explore | Action: 1
BLIP2ITMClient.cosine: (480, 640, 3), Seems like there is a bed ahead.
Sticking to last point.
Best value: 12.16%
Step: 389 | Mode: explore | Action: 2
BLIP2ITMClient.cosine: (480, 640, 3), Seems like there is a bed ahead.
Sticking to last point.
Best value: 12.16%
Step: 390 | Mode: explore | Action: 2
BLIP2ITMClient.cosine: (480, 640, 3), Seems like there is a bed ahead.
Sticking to last point.
Best value: 13.02%
Step: 391 | Mode: explore | Action: 2
BLIP2ITMClient.cosine: (480, 640, 3), Seems like there is a bed ahead.
Sticking to last point.
Best value: 12.06%
Step: 392 | Mode: explore | Action: 2
BLIP2ITMClient.cosine: (480, 640, 3), Seems like there is a bed ahead.
Sticking to last point.
Best value: 12.06%
Step: 393 | Mode: explore | Action: 2
BLIP2ITMClient.cosine: (480, 640, 3), Seems like there is a bed ahead.
Sticking to last point.
Best value: 12.06%
Step: 394 | Mode: explore | Action: 2
BLIP2ITMClient.cosine: (480, 640, 3), Seems like there is a bed ahead.
Sticking to last point.
Best value: 12.06%
Step: 395 | Mode: explore | Action: 1
BLIP2ITMClient.cosine: (480, 640, 3), Seems like there is a bed ahead.
Sticking to last point.
Best value: 12.06%
Step: 396 | Mode: explore | Action: 1
BLIP2ITMClient.cosine: (480, 640, 3), Seems like there is a bed ahead.
Sticking to last point.
Best value: 12.06%
Step: 397 | Mode: explore | Action: 1
BLIP2ITMClient.cosine: (480, 640, 3), Seems like there is a bed ahead.
Sticking to last point.
Best value: 12.06%
Step: 398 | Mode: explore | Action: 1
BLIP2ITMClient.cosine: (480, 640, 3), Seems like there is a bed ahead.
Sticking to last point.
Best value: 12.06%
Step: 399 | Mode: explore | Action: 1
BLIP2ITMClient.cosine: (480, 640, 3), Seems like there is a bed ahead.
Sticking to last point.
Best value: 12.06%
Step: 400 | Mode: explore | Action: 3
BLIP2ITMClient.cosine: (480, 640, 3), Seems like there is a bed ahead.
Sticking to last point.
Best value: 12.06%
Step: 401 | Mode: explore | Action: 1
BLIP2ITMClient.cosine: (480, 640, 3), Seems like there is a bed ahead.
Sticking to last point.
Best value: 12.06%
Step: 402 | Mode: explore | Action: 2
BLIP2ITMClient.cosine: (480, 640, 3), Seems like there is a bed ahead.
Sticking to last point.
Best value: 12.06%
Step: 403 | Mode: explore | Action: 1
BLIP2ITMClient.cosine: (480, 640, 3), Seems like there is a bed ahead.
Sticking to last point.
Best value: 12.06%
Step: 404 | Mode: explore | Action: 1
BLIP2ITMClient.cosine: (480, 640, 3), Seems like there is a bed ahead.
Sticking to last point.
Best value: 12.06%
Step: 405 | Mode: explore | Action: 3
BLIP2ITMClient.cosine: (480, 640, 3), Seems like there is a bed ahead.
Sticking to last point.
Best value: 12.06%
Step: 406 | Mode: explore | Action: 3
BLIP2ITMClient.cosine: (480, 640, 3), Seems like there is a bed ahead.
Sticking to last point.
Best value: 12.06%
Step: 407 | Mode: explore | Action: 2
BLIP2ITMClient.cosine: (480, 640, 3), Seems like there is a bed ahead.
Sticking to last point.
Best value: 12.06%
Step: 408 | Mode: explore | Action: 2
BLIP2ITMClient.cosine: (480, 640, 3), Seems like there is a bed ahead.
Sticking to last point.
Best value: 12.06%
Step: 409 | Mode: explore | Action: 2
BLIP2ITMClient.cosine: (480, 640, 3), Seems like there is a bed ahead.
Sticking to last point.
Best value: 12.06%
Step: 410 | Mode: explore | Action: 2
BLIP2ITMClient.cosine: (480, 640, 3), Seems like there is a bed ahead.
Sticking to last point.
Best value: 12.06%
Step: 411 | Mode: explore | Action: 2
BLIP2ITMClient.cosine: (480, 640, 3), Seems like there is a bed ahead.
Sticking to last point.
Best value: 12.06%
Step: 412 | Mode: explore | Action: 3
BLIP2ITMClient.cosine: (480, 640, 3), Seems like there is a bed ahead.
Sticking to last point.
Best value: 12.06%
Step: 413 | Mode: explore | Action: 3
BLIP2ITMClient.cosine: (480, 640, 3), Seems like there is a bed ahead.
Sticking to last point.
Best value: 12.06%
Step: 414 | Mode: explore | Action: 1
BLIP2ITMClient.cosine: (480, 640, 3), Seems like there is a bed ahead.
Sticking to last point.
Best value: 12.06%
Step: 415 | Mode: explore | Action: 1
BLIP2ITMClient.cosine: (480, 640, 3), Seems like there is a bed ahead.
Sticking to last point.
Best value: 12.06%
Step: 416 | Mode: explore | Action: 2
BLIP2ITMClient.cosine: (480, 640, 3), Seems like there is a bed ahead.
Sticking to last point.
Best value: 12.06%
Step: 417 | Mode: explore | Action: 1
BLIP2ITMClient.cosine: (480, 640, 3), Seems like there is a bed ahead.
Sticking to last point.
Best value: 12.06%
Step: 418 | Mode: explore | Action: 1
BLIP2ITMClient.cosine: (480, 640, 3), Seems like there is a bed ahead.
Sticking to last point.
Best value: 12.06%
Step: 419 | Mode: explore | Action: 1
BLIP2ITMClient.cosine: (480, 640, 3), Seems like there is a bed ahead.
Sticking to last point.
Best value: 12.06%
Step: 420 | Mode: explore | Action: 2
BLIP2ITMClient.cosine: (480, 640, 3), Seems like there is a bed ahead.
Sticking to last point.
Best value: 12.06%
Step: 421 | Mode: explore | Action: 3
BLIP2ITMClient.cosine: (480, 640, 3), Seems like there is a bed ahead.
Sticking to last point.
Best value: 12.06%
Step: 422 | Mode: explore | Action: 3
BLIP2ITMClient.cosine: (480, 640, 3), Seems like there is a bed ahead.
Sticking to last point.
Best value: 12.06%
Step: 423 | Mode: explore | Action: 3
BLIP2ITMClient.cosine: (480, 640, 3), Seems like there is a bed ahead.
Sticking to last point.
Best value: 12.06%
Step: 424 | Mode: explore | Action: 3
BLIP2ITMClient.cosine: (480, 640, 3), Seems like there is a bed ahead.
Sticking to last point.
Best value: 12.06%
Step: 425 | Mode: explore | Action: 3
BLIP2ITMClient.cosine: (480, 640, 3), Seems like there is a bed ahead.
Sticking to last point.
Best value: 12.06%
Step: 426 | Mode: explore | Action: 3
BLIP2ITMClient.cosine: (480, 640, 3), Seems like there is a bed ahead.
Sticking to last point.
Best value: 12.06%
Step: 427 | Mode: explore | Action: 3
BLIP2ITMClient.cosine: (480, 640, 3), Seems like there is a bed ahead.
Sticking to last point.
Best value: 12.11%
Step: 428 | Mode: explore | Action: 1
BLIP2ITMClient.cosine: (480, 640, 3), Seems like there is a bed ahead.
Sticking to last point.
Best value: 14.15%
Step: 429 | Mode: explore | Action: 1
BLIP2ITMClient.cosine: (480, 640, 3), Seems like there is a bed ahead.
Sticking to last point.
Best value: 15.42%
Step: 430 | Mode: explore | Action: 1
BLIP2ITMClient.cosine: (480, 640, 3), Seems like there is a bed ahead.
Sticking to last point.
Best value: 16.07%
Step: 431 | Mode: explore | Action: 3
BLIP2ITMClient.cosine: (480, 640, 3), Seems like there is a bed ahead.
Sticking to last point.
Best value: 18.08%
Step: 432 | Mode: explore | Action: 1
BLIP2ITMClient.cosine: (480, 640, 3), Seems like there is a bed ahead.
Best value: 16.85%
Step: 433 | Mode: explore | Action: 1
BLIP2ITMClient.cosine: (480, 640, 3), Seems like there is a bed ahead.
Sticking to last point.
Best value: 16.63%
Step: 434 | Mode: explore | Action: 3
BLIP2ITMClient.cosine: (480, 640, 3), Seems like there is a bed ahead.
Sticking to last point.
Best value: 16.63%
Step: 435 | Mode: explore | Action: 1
BLIP2ITMClient.cosine: (480, 640, 3), Seems like there is a bed ahead.
Sticking to last point.
Best value: 16.63%
Step: 436 | Mode: explore | Action: 1
BLIP2ITMClient.cosine: (480, 640, 3), Seems like there is a bed ahead.
Sticking to last point.
Best value: 16.63%
Step: 437 | Mode: explore | Action: 3
BLIP2ITMClient.cosine: (480, 640, 3), Seems like there is a bed ahead.
Sticking to last point.
Best value: 16.63%
Step: 438 | Mode: explore | Action: 1
BLIP2ITMClient.cosine: (480, 640, 3), Seems like there is a bed ahead.
Sticking to last point.
Best value: 16.63%
Step: 439 | Mode: explore | Action: 1
BLIP2ITMClient.cosine: (480, 640, 3), Seems like there is a bed ahead.
Sticking to last point.
Best value: 16.63%
Step: 440 | Mode: explore | Action: 2
BLIP2ITMClient.cosine: (480, 640, 3), Seems like there is a bed ahead.
Sticking to last point.
Best value: 16.63%
Step: 441 | Mode: explore | Action: 1
BLIP2ITMClient.cosine: (480, 640, 3), Seems like there is a bed ahead.
Sticking to last point.
Best value: 16.63%
Step: 442 | Mode: explore | Action: 1
BLIP2ITMClient.cosine: (480, 640, 3), Seems like there is a bed ahead.
Sticking to last point.
Best value: 16.63%
Step: 443 | Mode: explore | Action: 1
BLIP2ITMClient.cosine: (480, 640, 3), Seems like there is a bed ahead.
Sticking to last point.
Best value: 16.63%
Step: 444 | Mode: explore | Action: 2
BLIP2ITMClient.cosine: (480, 640, 3), Seems like there is a bed ahead.
Sticking to last point.
Best value: 16.63%
Step: 445 | Mode: explore | Action: 2
BLIP2ITMClient.cosine: (480, 640, 3), Seems like there is a bed ahead.
Sticking to last point.
Best value: 16.63%
Step: 446 | Mode: explore | Action: 2
BLIP2ITMClient.cosine: (480, 640, 3), Seems like there is a bed ahead.
Sticking to last point.
Best value: 16.63%
Step: 447 | Mode: explore | Action: 3
BLIP2ITMClient.cosine: (480, 640, 3), Seems like there is a bed ahead.
Sticking to last point.
Best value: 16.63%
Step: 448 | Mode: explore | Action: 3
BLIP2ITMClient.cosine: (480, 640, 3), Seems like there is a bed ahead.
Sticking to last point.
Best value: 16.63%
Step: 449 | Mode: explore | Action: 3
BLIP2ITMClient.cosine: (480, 640, 3), Seems like there is a bed ahead.
Sticking to last point.
Best value: 16.63%
Step: 450 | Mode: explore | Action: 3
BLIP2ITMClient.cosine: (480, 640, 3), Seems like there is a bed ahead.
Sticking to last point.
Best value: 16.63%
Step: 451 | Mode: explore | Action: 2
BLIP2ITMClient.cosine: (480, 640, 3), Seems like there is a bed ahead.
Sticking to last point.
Best value: 16.63%
Step: 452 | Mode: explore | Action: 1
BLIP2ITMClient.cosine: (480, 640, 3), Seems like there is a bed ahead.
Sticking to last point.
Best value: 16.63%
Step: 453 | Mode: explore | Action: 2
BLIP2ITMClient.cosine: (480, 640, 3), Seems like there is a bed ahead.
 27%|██▋       | 8/30 [08:59<30:48, 84.03s/it]Sticking to last point.
Best value: 16.63%
Step: 454 | Mode: explore | Action: 2
BLIP2ITMClient.cosine: (480, 640, 3), Seems like there is a bed ahead.
Best value: 13.99%
Step: 455 | Mode: explore | Action: 2
BLIP2ITMClient.cosine: (480, 640, 3), Seems like there is a bed ahead.
Sticking to last point.
Best value: 13.09%
Step: 456 | Mode: explore | Action: 2
BLIP2ITMClient.cosine: (480, 640, 3), Seems like there is a bed ahead.
Sticking to last point.
Best value: 13.09%
Step: 457 | Mode: explore | Action: 2
BLIP2ITMClient.cosine: (480, 640, 3), Seems like there is a bed ahead.
Sticking to last point.
Best value: 13.09%
Step: 458 | Mode: explore | Action: 1
BLIP2ITMClient.cosine: (480, 640, 3), Seems like there is a bed ahead.
Sticking to last point.
Best value: 13.09%
Step: 459 | Mode: explore | Action: 2
BLIP2ITMClient.cosine: (480, 640, 3), Seems like there is a bed ahead.
Sticking to last point.
Best value: 13.09%
Step: 460 | Mode: explore | Action: 1
BLIP2ITMClient.cosine: (480, 640, 3), Seems like there is a bed ahead.
Sticking to last point.
Best value: 13.09%
Step: 461 | Mode: explore | Action: 1
BLIP2ITMClient.cosine: (480, 640, 3), Seems like there is a bed ahead.
Sticking to last point.
Best value: 13.09%
Step: 462 | Mode: explore | Action: 1
BLIP2ITMClient.cosine: (480, 640, 3), Seems like there is a bed ahead.
Sticking to last point.
Best value: 13.09%
Step: 463 | Mode: explore | Action: 1
BLIP2ITMClient.cosine: (480, 640, 3), Seems like there is a bed ahead.
Sticking to last point.
Best value: 13.09%
Step: 464 | Mode: explore | Action: 3
BLIP2ITMClient.cosine: (480, 640, 3), Seems like there is a bed ahead.
Sticking to last point.
Best value: 13.09%
Step: 465 | Mode: explore | Action: 1
BLIP2ITMClient.cosine: (480, 640, 3), Seems like there is a bed ahead.
Sticking to last point.
Best value: 13.09%
Step: 466 | Mode: explore | Action: 2
BLIP2ITMClient.cosine: (480, 640, 3), Seems like there is a bed ahead.
Sticking to last point.
Best value: 13.09%
Step: 467 | Mode: explore | Action: 1
BLIP2ITMClient.cosine: (480, 640, 3), Seems like there is a bed ahead.
Sticking to last point.
Best value: 13.09%
Step: 468 | Mode: explore | Action: 1
BLIP2ITMClient.cosine: (480, 640, 3), Seems like there is a bed ahead.
Sticking to last point.
Best value: 13.09%
Step: 469 | Mode: explore | Action: 3
BLIP2ITMClient.cosine: (480, 640, 3), Seems like there is a bed ahead.
Sticking to last point.
Best value: 13.09%
Step: 470 | Mode: explore | Action: 1
BLIP2ITMClient.cosine: (480, 640, 3), Seems like there is a bed ahead.
Sticking to last point.
Best value: 13.09%
Step: 471 | Mode: explore | Action: 1
BLIP2ITMClient.cosine: (480, 640, 3), Seems like there is a bed ahead.
Sticking to last point.
Best value: 13.09%
Step: 472 | Mode: explore | Action: 1
BLIP2ITMClient.cosine: (480, 640, 3), Seems like there is a bed ahead.
Sticking to last point.
Best value: 13.09%
Step: 473 | Mode: explore | Action: 1
BLIP2ITMClient.cosine: (480, 640, 3), Seems like there is a bed ahead.
Sticking to last point.
Best value: 13.09%
Step: 474 | Mode: explore | Action: 1
BLIP2ITMClient.cosine: (480, 640, 3), Seems like there is a bed ahead.
Sticking to last point.
Best value: 13.09%
Step: 475 | Mode: explore | Action: 3
BLIP2ITMClient.cosine: (480, 640, 3), Seems like there is a bed ahead.
Sticking to last point.
Best value: 13.09%
Step: 476 | Mode: explore | Action: 1
BLIP2ITMClient.cosine: (480, 640, 3), Seems like there is a bed ahead.
Sticking to last point.
Best value: 13.09%
Step: 477 | Mode: explore | Action: 1
BLIP2ITMClient.cosine: (480, 640, 3), Seems like there is a bed ahead.
Sticking to last point.
Best value: 13.09%
Step: 478 | Mode: explore | Action: 1
BLIP2ITMClient.cosine: (480, 640, 3), Seems like there is a bed ahead.
Sticking to last point.
Best value: 13.09%
Step: 479 | Mode: explore | Action: 3
BLIP2ITMClient.cosine: (480, 640, 3), Seems like there is a bed ahead.
Sticking to last point.
Best value: 13.09%
Step: 480 | Mode: explore | Action: 3
BLIP2ITMClient.cosine: (480, 640, 3), Seems like there is a bed ahead.
Sticking to last point.
Best value: 13.09%
Step: 481 | Mode: explore | Action: 3
BLIP2ITMClient.cosine: (480, 640, 3), Seems like there is a bed ahead.
Sticking to last point.
Best value: 14.08%
Step: 482 | Mode: explore | Action: 3
BLIP2ITMClient.cosine: (480, 640, 3), Seems like there is a bed ahead.
Sticking to last point.
Best value: 14.15%
Step: 483 | Mode: explore | Action: 3
BLIP2ITMClient.cosine: (480, 640, 3), Seems like there is a bed ahead.
Sticking to last point.
Best value: 14.15%
Step: 484 | Mode: explore | Action: 1
BLIP2ITMClient.cosine: (480, 640, 3), Seems like there is a bed ahead.
Sticking to last point.
Best value: 14.15%
Step: 485 | Mode: explore | Action: 1
BLIP2ITMClient.cosine: (480, 640, 3), Seems like there is a bed ahead.
Sticking to last point.
Best value: 14.15%
Step: 486 | Mode: explore | Action: 3
BLIP2ITMClient.cosine: (480, 640, 3), Seems like there is a bed ahead.
Sticking to last point.
Best value: 14.15%
Step: 487 | Mode: explore | Action: 1
BLIP2ITMClient.cosine: (480, 640, 3), Seems like there is a bed ahead.
Sticking to last point.
Best value: 14.15%
Step: 488 | Mode: explore | Action: 1
BLIP2ITMClient.cosine: (480, 640, 3), Seems like there is a bed ahead.
Sticking to last point.
Best value: 14.15%
Step: 489 | Mode: explore | Action: 1
BLIP2ITMClient.cosine: (480, 640, 3), Seems like there is a bed ahead.
Sticking to last point.
Best value: 14.15%
Step: 490 | Mode: explore | Action: 2
BLIP2ITMClient.cosine: (480, 640, 3), Seems like there is a bed ahead.
Sticking to last point.
Best value: 14.15%
Step: 491 | Mode: explore | Action: 1
BLIP2ITMClient.cosine: (480, 640, 3), Seems like there is a bed ahead.
Sticking to last point.
Best value: 14.15%
Step: 492 | Mode: explore | Action: 1
BLIP2ITMClient.cosine: (480, 640, 3), Seems like there is a bed ahead.
Sticking to last point.
Best value: 14.15%
Step: 493 | Mode: explore | Action: 1
BLIP2ITMClient.cosine: (480, 640, 3), Seems like there is a bed ahead.
Sticking to last point.
Best value: 14.15%
Step: 494 | Mode: explore | Action: 2
BLIP2ITMClient.cosine: (480, 640, 3), Seems like there is a bed ahead.
Sticking to last point.
Best value: 14.15%
Step: 495 | Mode: explore | Action: 1
BLIP2ITMClient.cosine: (480, 640, 3), Seems like there is a bed ahead.
Sticking to last point.
Best value: 14.15%
Step: 496 | Mode: explore | Action: 1
BLIP2ITMClient.cosine: (480, 640, 3), Seems like there is a bed ahead.
Sticking to last point.
Best value: 14.15%
Step: 497 | Mode: explore | Action: 3
BLIP2ITMClient.cosine: (480, 640, 3), Seems like there is a bed ahead.
Sticking to last point.
Best value: 14.15%
Step: 498 | Mode: explore | Action: 1
BLIP2ITMClient.cosine: (480, 640, 3), Seems like there is a bed ahead.
Sticking to last point.
Best value: 14.15%
Step: 499 | Mode: explore | Action: 1
Success rate: 37.50% (3 out of 8)
Episode 14 in scene TEEsavR23oF failed due to 'false_negative'.
Logging episode 0014 to results/pilot/vlfm_original_jsons/14_TEEsavR23oF.json
BLIP2ITMClient.cosine: (480, 640, 3), Seems like there is a potted plant ahead.
Step: 0 | Mode: initialize | Action: 2
BLIP2ITMClient.cosine: (480, 640, 3), Seems like there is a potted plant ahead.
Step: 1 | Mode: initialize | Action: 2
BLIP2ITMClient.cosine: (480, 640, 3), Seems like there is a potted plant ahead.
Step: 2 | Mode: initialize | Action: 2
BLIP2ITMClient.cosine: (480, 640, 3), Seems like there is a potted plant ahead.
Step: 3 | Mode: initialize | Action: 2
BLIP2ITMClient.cosine: (480, 640, 3), Seems like there is a potted plant ahead.
Step: 4 | Mode: initialize | Action: 2
BLIP2ITMClient.cosine: (480, 640, 3), Seems like there is a potted plant ahead.
Step: 5 | Mode: initialize | Action: 2
BLIP2ITMClient.cosine: (480, 640, 3), Seems like there is a potted plant ahead.
Step: 6 | Mode: initialize | Action: 2
BLIP2ITMClient.cosine: (480, 640, 3), Seems like there is a potted plant ahead.
Step: 7 | Mode: initialize | Action: 2
BLIP2ITMClient.cosine: (480, 640, 3), Seems like there is a potted plant ahead.
Step: 8 | Mode: initialize | Action: 2
BLIP2ITMClient.cosine: (480, 640, 3), Seems like there is a potted plant ahead.
Step: 9 | Mode: initialize | Action: 2
BLIP2ITMClient.cosine: (480, 640, 3), Seems like there is a potted plant ahead.
Step: 10 | Mode: initialize | Action: 2
BLIP2ITMClient.cosine: (480, 640, 3), Seems like there is a potted plant ahead.
Step: 11 | Mode: initialize | Action: 2
BLIP2ITMClient.cosine: (480, 640, 3), Seems like there is a potted plant ahead.
Best value: 11.48%
Step: 12 | Mode: explore | Action: 1
BLIP2ITMClient.cosine: (480, 640, 3), Seems like there is a potted plant ahead.
Sticking to last point.
Best value: 11.48%
Step: 13 | Mode: explore | Action: 1
BLIP2ITMClient.cosine: (480, 640, 3), Seems like there is a potted plant ahead.
Sticking to last point.
Best value: 11.48%
Step: 14 | Mode: explore | Action: 1
BLIP2ITMClient.cosine: (480, 640, 3), Seems like there is a potted plant ahead.
Sticking to last point.
Best value: 11.48%
Step: 15 | Mode: explore | Action: 3
BLIP2ITMClient.cosine: (480, 640, 3), Seems like there is a potted plant ahead.
Best value: 13.49%
Step: 16 | Mode: explore | Action: 1
BLIP2ITMClient.cosine: (480, 640, 3), Seems like there is a potted plant ahead.
Sticking to last point.
Best value: 15.85%
Step: 17 | Mode: explore | Action: 1
BLIP2ITMClient.cosine: (480, 640, 3), Seems like there is a potted plant ahead.
Sticking to last point.
Best value: 15.56%
Step: 18 | Mode: explore | Action: 1
BLIP2ITMClient.cosine: (480, 640, 3), Seems like there is a potted plant ahead.
Sticking to last point.
Best value: 14.77%
Step: 19 | Mode: explore | Action: 1
BLIP2ITMClient.cosine: (480, 640, 3), Seems like there is a potted plant ahead.
Sticking to last point.
Best value: 13.92%
Step: 20 | Mode: explore | Action: 1
BLIP2ITMClient.cosine: (480, 640, 3), Seems like there is a potted plant ahead.
Sticking to last point.
Best value: 14.49%
Step: 21 | Mode: explore | Action: 1
BLIP2ITMClient.cosine: (480, 640, 3), Seems like there is a potted plant ahead.
Sticking to last point.
Best value: 14.17%
Step: 22 | Mode: explore | Action: 1
BLIP2ITMClient.cosine: (480, 640, 3), Seems like there is a potted plant ahead.
Sticking to last point.
Best value: 13.35%
Step: 23 | Mode: explore | Action: 1
BLIP2ITMClient.cosine: (480, 640, 3), Seems like there is a potted plant ahead.
Sticking to last point.
Best value: 12.84%
Step: 24 | Mode: explore | Action: 1
BLIP2ITMClient.cosine: (480, 640, 3), Seems like there is a potted plant ahead.
Sticking to last point.
Best value: 12.34%
Step: 25 | Mode: explore | Action: 2
BLIP2ITMClient.cosine: (480, 640, 3), Seems like there is a potted plant ahead.
Sticking to last point.
Best value: 12.14%
Step: 26 | Mode: explore | Action: 1
BLIP2ITMClient.cosine: (480, 640, 3), Seems like there is a potted plant ahead.
Sticking to last point.
Best value: 12.34%
Step: 27 | Mode: explore | Action: 1
BLIP2ITMClient.cosine: (480, 640, 3), Seems like there is a potted plant ahead.
Sticking to last point.
Best value: 12.34%
Step: 28 | Mode: explore | Action: 3
BLIP2ITMClient.cosine: (480, 640, 3), Seems like there is a potted plant ahead.
Sticking to last point.
Best value: 12.10%
Step: 29 | Mode: explore | Action: 3
BLIP2ITMClient.cosine: (480, 640, 3), Seems like there is a potted plant ahead.
Sticking to last point.
Best value: 11.23%
Step: 30 | Mode: explore | Action: 3
BLIP2ITMClient.cosine: (480, 640, 3), Seems like there is a potted plant ahead.
Sticking to last point.
Best value: 10.91%
Step: 31 | Mode: explore | Action: 2
BLIP2ITMClient.cosine: (480, 640, 3), Seems like there is a potted plant ahead.
Sticking to last point.
Best value: 11.07%
Step: 32 | Mode: explore | Action: 1
BLIP2ITMClient.cosine: (480, 640, 3), Seems like there is a potted plant ahead.
Best value: 12.54%
Step: 33 | Mode: explore | Action: 2
BLIP2ITMClient.cosine: (480, 640, 3), Seems like there is a potted plant ahead.
Sticking to last point.
Best value: 12.54%
Step: 34 | Mode: explore | Action: 2
BLIP2ITMClient.cosine: (480, 640, 3), Seems like there is a potted plant ahead.
Sticking to last point.
Best value: 12.54%
Step: 35 | Mode: explore | Action: 2
BLIP2ITMClient.cosine: (480, 640, 3), Seems like there is a potted plant ahead.
Sticking to last point.
Best value: 12.53%
Step: 36 | Mode: explore | Action: 2
BLIP2ITMClient.cosine: (480, 640, 3), Seems like there is a potted plant ahead.
Best value: 11.44%
Step: 37 | Mode: explore | Action: 2
BLIP2ITMClient.cosine: (480, 640, 3), Seems like there is a potted plant ahead.
Sticking to last point.
Best value: 11.44%
Step: 38 | Mode: explore | Action: 2
BLIP2ITMClient.cosine: (480, 640, 3), Seems like there is a potted plant ahead.
Sticking to last point.
Best value: 11.44%
Step: 39 | Mode: explore | Action: 2
BLIP2ITMClient.cosine: (480, 640, 3), Seems like there is a potted plant ahead.
Sticking to last point.
Best value: 11.44%
Step: 40 | Mode: explore | Action: 2
BLIP2ITMClient.cosine: (480, 640, 3), Seems like there is a potted plant ahead.
Sticking to last point.
Best value: 11.44%
Step: 41 | Mode: explore | Action: 3
BLIP2ITMClient.cosine: (480, 640, 3), Seems like there is a potted plant ahead.
Sticking to last point.
Best value: 11.44%
Step: 42 | Mode: explore | Action: 1
BLIP2ITMClient.cosine: (480, 640, 3), Seems like there is a potted plant ahead.
Sticking to last point.
Best value: 11.44%
Step: 43 | Mode: explore | Action: 2
BLIP2ITMClient.cosine: (480, 640, 3), Seems like there is a potted plant ahead.
Sticking to last point.
Best value: 11.44%
Step: 44 | Mode: explore | Action: 1
BLIP2ITMClient.cosine: (480, 640, 3), Seems like there is a potted plant ahead.
Sticking to last point.
Best value: 11.44%
Step: 45 | Mode: explore | Action: 1
BLIP2ITMClient.cosine: (480, 640, 3), Seems like there is a potted plant ahead.
Sticking to last point.
Best value: 11.44%
Step: 46 | Mode: explore | Action: 2
BLIP2ITMClient.cosine: (480, 640, 3), Seems like there is a potted plant ahead.
Sticking to last point.
Best value: 11.44%
Step: 47 | Mode: explore | Action: 1
BLIP2ITMClient.cosine: (480, 640, 3), Seems like there is a potted plant ahead.
Sticking to last point.
Best value: 11.44%
Step: 48 | Mode: explore | Action: 2
BLIP2ITMClient.cosine: (480, 640, 3), Seems like there is a potted plant ahead.
Sticking to last point.
Best value: 11.44%
Step: 49 | Mode: explore | Action: 1
BLIP2ITMClient.cosine: (480, 640, 3), Seems like there is a potted plant ahead.
Sticking to last point.
Best value: 11.44%
Step: 50 | Mode: explore | Action: 1
BLIP2ITMClient.cosine: (480, 640, 3), Seems like there is a potted plant ahead.
Sticking to last point.
Best value: 11.44%
Step: 51 | Mode: explore | Action: 2
BLIP2ITMClient.cosine: (480, 640, 3), Seems like there is a potted plant ahead.
Sticking to last point.
Best value: 11.43%
Step: 52 | Mode: explore | Action: 1
BLIP2ITMClient.cosine: (480, 640, 3), Seems like there is a potted plant ahead.
Sticking to last point.
Best value: 13.79%
Step: 53 | Mode: explore | Action: 1
BLIP2ITMClient.cosine: (480, 640, 3), Seems like there is a potted plant ahead.
Best value: 12.18%
Step: 54 | Mode: explore | Action: 1
BLIP2ITMClient.cosine: (480, 640, 3), Seems like there is a potted plant ahead.
Sticking to last point.
Best value: 13.29%
Step: 55 | Mode: explore | Action: 1
BLIP2ITMClient.cosine: (480, 640, 3), Seems like there is a potted plant ahead.
Sticking to last point.
Best value: 12.49%
Step: 56 | Mode: explore | Action: 1
BLIP2ITMClient.cosine: (480, 640, 3), Seems like there is a potted plant ahead.
Sticking to last point.
Best value: 11.81%
Step: 57 | Mode: explore | Action: 1
BLIP2ITMClient.cosine: (480, 640, 3), Seems like there is a potted plant ahead.
Sticking to last point.
Best value: 11.81%
Step: 58 | Mode: explore | Action: 2
BLIP2ITMClient.cosine: (480, 640, 3), Seems like there is a potted plant ahead.
Sticking to last point.
Best value: 12.80%
Step: 59 | Mode: explore | Action: 1
BLIP2ITMClient.cosine: (480, 640, 3), Seems like there is a potted plant ahead.
Best value: 11.56%
Step: 60 | Mode: explore | Action: 2
BLIP2ITMClient.cosine: (480, 640, 3), Seems like there is a potted plant ahead.
Sticking to last point.
Best value: 11.48%
 30%|███       | 9/30 [09:32<23:50, 68.14s/it]Step: 61 | Mode: explore | Action: 1
BLIP2ITMClient.cosine: (480, 640, 3), Seems like there is a potted plant ahead.
Sticking to last point.
Best value: 12.61%
Step: 62 | Mode: explore | Action: 3
BLIP2ITMClient.cosine: (480, 640, 3), Seems like there is a potted plant ahead.
Sticking to last point.
Best value: 11.66%
Step: 63 | Mode: explore | Action: 1
BLIP2ITMClient.cosine: (480, 640, 3), Seems like there is a potted plant ahead.
Sticking to last point.
Best value: 11.27%
Step: 64 | Mode: explore | Action: 3
BLIP2ITMClient.cosine: (480, 640, 3), Seems like there is a potted plant ahead.
Sticking to last point.
Best value: 12.11%
Step: 65 | Mode: explore | Action: 1
BLIP2ITMClient.cosine: (480, 640, 3), Seems like there is a potted plant ahead.
Sticking to last point.
Best value: 12.11%
Step: 66 | Mode: explore | Action: 2
BLIP2ITMClient.cosine: (480, 640, 3), Seems like there is a potted plant ahead.
Sticking to last point.
Best value: 11.62%
Step: 67 | Mode: explore | Action: 2
BLIP2ITMClient.cosine: (480, 640, 3), Seems like there is a potted plant ahead.
Best value: 12.28%
Step: 68 | Mode: explore | Action: 3
BLIP2ITMClient.cosine: (480, 640, 3), Seems like there is a potted plant ahead.
Sticking to last point.
Best value: 12.28%
Step: 69 | Mode: explore | Action: 3
BLIP2ITMClient.cosine: (480, 640, 3), Seems like there is a potted plant ahead.
Sticking to last point.
Best value: 12.35%
Step: 70 | Mode: explore | Action: 1
BLIP2ITMClient.cosine: (480, 640, 3), Seems like there is a potted plant ahead.
Sticking to last point.
Best value: 11.83%
Step: 71 | Mode: explore | Action: 3
BLIP2ITMClient.cosine: (480, 640, 3), Seems like there is a potted plant ahead.
Sticking to last point.
Best value: 12.22%
Step: 72 | Mode: explore | Action: 1
BLIP2ITMClient.cosine: (480, 640, 3), Seems like there is a potted plant ahead.
Sticking to last point.
Best value: 13.11%
Step: 73 | Mode: explore | Action: 2
BLIP2ITMClient.cosine: (480, 640, 3), Seems like there is a potted plant ahead.
Sticking to last point.
Best value: 12.83%
Step: 74 | Mode: explore | Action: 1
BLIP2ITMClient.cosine: (480, 640, 3), Seems like there is a potted plant ahead.
Sticking to last point.
Best value: 12.85%
Step: 75 | Mode: explore | Action: 1
BLIP2ITMClient.cosine: (480, 640, 3), Seems like there is a potted plant ahead.
Sticking to last point.
Best value: 12.88%
Step: 76 | Mode: explore | Action: 1
BLIP2ITMClient.cosine: (480, 640, 3), Seems like there is a potted plant ahead.
Step: 77 | Mode: navigate | Action: 1
BLIP2ITMClient.cosine: (480, 640, 3), Seems like there is a potted plant ahead.
Step: 78 | Mode: navigate | Action: 1
BLIP2ITMClient.cosine: (480, 640, 3), Seems like there is a potted plant ahead.
Step: 79 | Mode: navigate | Action: 2
BLIP2ITMClient.cosine: (480, 640, 3), Seems like there is a potted plant ahead.
Step: 80 | Mode: navigate | Action: 1
BLIP2ITMClient.cosine: (480, 640, 3), Seems like there is a potted plant ahead.
Step: 81 | Mode: navigate | Action: 1
BLIP2ITMClient.cosine: (480, 640, 3), Seems like there is a potted plant ahead.
Step: 82 | Mode: navigate | Action: 2
BLIP2ITMClient.cosine: (480, 640, 3), Seems like there is a potted plant ahead.
Step: 83 | Mode: navigate | Action: 3
BLIP2ITMClient.cosine: (480, 640, 3), Seems like there is a potted plant ahead.
Step: 84 | Mode: navigate | Action: 3
BLIP2ITMClient.cosine: (480, 640, 3), Seems like there is a potted plant ahead.
Step: 85 | Mode: navigate | Action: 1
BLIP2ITMClient.cosine: (480, 640, 3), Seems like there is a potted plant ahead.
Step: 86 | Mode: navigate | Action: 1
BLIP2ITMClient.cosine: (480, 640, 3), Seems like there is a potted plant ahead.
Step: 87 | Mode: navigate | Action: 2
BLIP2ITMClient.cosine: (480, 640, 3), Seems like there is a potted plant ahead.
Step: 88 | Mode: navigate | Action: 1
BLIP2ITMClient.cosine: (480, 640, 3), Seems like there is a potted plant ahead.
Step: 89 | Mode: navigate | Action: 2
BLIP2ITMClient.cosine: (480, 640, 3), Seems like there is a potted plant ahead.
Step: 90 | Mode: navigate | Action: 3
BLIP2ITMClient.cosine: (480, 640, 3), Seems like there is a potted plant ahead.
Step: 91 | Mode: navigate | Action: 3
BLIP2ITMClient.cosine: (480, 640, 3), Seems like there is a potted plant ahead.
Step: 92 | Mode: navigate | Action: 2
BLIP2ITMClient.cosine: (480, 640, 3), Seems like there is a potted plant ahead.
Step: 93 | Mode: navigate | Action: 1
BLIP2ITMClient.cosine: (480, 640, 3), Seems like there is a potted plant ahead.
Step: 94 | Mode: navigate | Action: 3
BLIP2ITMClient.cosine: (480, 640, 3), Seems like there is a potted plant ahead.
Step: 95 | Mode: navigate | Action: 1
BLIP2ITMClient.cosine: (480, 640, 3), Seems like there is a potted plant ahead.
Step: 96 | Mode: navigate | Action: 1
BLIP2ITMClient.cosine: (480, 640, 3), Seems like there is a potted plant ahead.
Step: 97 | Mode: navigate | Action: 1
BLIP2ITMClient.cosine: (480, 640, 3), Seems like there is a potted plant ahead.
Step: 98 | Mode: navigate | Action: 2
BLIP2ITMClient.cosine: (480, 640, 3), Seems like there is a potted plant ahead.
Step: 99 | Mode: navigate | Action: 1
BLIP2ITMClient.cosine: (480, 640, 3), Seems like there is a potted plant ahead.
Step: 100 | Mode: navigate | Action: 2
BLIP2ITMClient.cosine: (480, 640, 3), Seems like there is a potted plant ahead.
Step: 101 | Mode: navigate | Action: 1
BLIP2ITMClient.cosine: (480, 640, 3), Seems like there is a potted plant ahead.
Step: 102 | Mode: navigate | Action: 0
Success rate: 33.33% (3 out of 9)
Episode 12 in scene TEEsavR23oF failed due to 'false_positive'.
Logging episode 0012 to results/pilot/vlfm_original_jsons/12_TEEsavR23oF.json
BLIP2ITMClient.cosine: (480, 640, 3), Seems like there is a toilet ahead.
Step: 0 | Mode: initialize | Action: 2
BLIP2ITMClient.cosine: (480, 640, 3), Seems like there is a toilet ahead.
Step: 1 | Mode: initialize | Action: 2
BLIP2ITMClient.cosine: (480, 640, 3), Seems like there is a toilet ahead.
Step: 2 | Mode: initialize | Action: 2
BLIP2ITMClient.cosine: (480, 640, 3), Seems like there is a toilet ahead.
Step: 3 | Mode: initialize | Action: 2
BLIP2ITMClient.cosine: (480, 640, 3), Seems like there is a toilet ahead.
Step: 4 | Mode: initialize | Action: 2
BLIP2ITMClient.cosine: (480, 640, 3), Seems like there is a toilet ahead.
Step: 5 | Mode: initialize | Action: 2
BLIP2ITMClient.cosine: (480, 640, 3), Seems like there is a toilet ahead.
Step: 6 | Mode: initialize | Action: 2
BLIP2ITMClient.cosine: (480, 640, 3), Seems like there is a toilet ahead.
Step: 7 | Mode: initialize | Action: 2
BLIP2ITMClient.cosine: (480, 640, 3), Seems like there is a toilet ahead.
Step: 8 | Mode: initialize | Action: 2
BLIP2ITMClient.cosine: (480, 640, 3), Seems like there is a toilet ahead.
Step: 9 | Mode: initialize | Action: 2
BLIP2ITMClient.cosine: (480, 640, 3), Seems like there is a toilet ahead.
Step: 10 | Mode: initialize | Action: 2
BLIP2ITMClient.cosine: (480, 640, 3), Seems like there is a toilet ahead.
Step: 11 | Mode: initialize | Action: 2
BLIP2ITMClient.cosine: (480, 640, 3), Seems like there is a toilet ahead.
Best value: 23.34%
Step: 12 | Mode: explore | Action: 1
BLIP2ITMClient.cosine: (480, 640, 3), Seems like there is a toilet ahead.
Sticking to last point.
Best value: 23.34%
Step: 13 | Mode: explore | Action: 2
BLIP2ITMClient.cosine: (480, 640, 3), Seems like there is a toilet ahead.
Sticking to last point.
Best value: 23.34%
Step: 14 | Mode: explore | Action: 2
BLIP2ITMClient.cosine: (480, 640, 3), Seems like there is a toilet ahead.
Sticking to last point.
Best value: 23.34%
Step: 15 | Mode: explore | Action: 2
BLIP2ITMClient.cosine: (480, 640, 3), Seems like there is a toilet ahead.
Sticking to last point.
Best value: 23.33%
Step: 16 | Mode: explore | Action: 2
BLIP2ITMClient.cosine: (480, 640, 3), Seems like there is a toilet ahead.
Sticking to last point.
Best value: 24.92%
Step: 17 | Mode: explore | Action: 2
BLIP2ITMClient.cosine: (480, 640, 3), Seems like there is a toilet ahead.
Sticking to last point.
Best value: 24.33%
Step: 18 | Mode: explore | Action: 2
BLIP2ITMClient.cosine: (480, 640, 3), Seems like there is a toilet ahead.
Sticking to last point.
Best value: 24.33%
 33%|███▎      | 10/30 [09:42<16:39, 50.00s/it]Step: 19 | Mode: explore | Action: 1
BLIP2ITMClient.cosine: (480, 640, 3), Seems like there is a toilet ahead.
Sticking to last point.
Best value: 24.33%
Step: 20 | Mode: explore | Action: 1
BLIP2ITMClient.cosine: (480, 640, 3), Seems like there is a toilet ahead.
Sticking to last point.
Best value: 24.33%
Step: 21 | Mode: explore | Action: 3
BLIP2ITMClient.cosine: (480, 640, 3), Seems like there is a toilet ahead.
Sticking to last point.
Best value: 24.42%
Step: 22 | Mode: explore | Action: 3
BLIP2ITMClient.cosine: (480, 640, 3), Seems like there is a toilet ahead.
Best value: 25.01%
Step: 23 | Mode: explore | Action: 3
BLIP2ITMClient.cosine: (480, 640, 3), Seems like there is a toilet ahead.
Step: 24 | Mode: navigate | Action: 2
BLIP2ITMClient.cosine: (480, 640, 3), Seems like there is a toilet ahead.
Step: 25 | Mode: navigate | Action: 1
BLIP2ITMClient.cosine: (480, 640, 3), Seems like there is a toilet ahead.
Step: 26 | Mode: navigate | Action: 3
BLIP2ITMClient.cosine: (480, 640, 3), Seems like there is a toilet ahead.
Step: 27 | Mode: navigate | Action: 1
BLIP2ITMClient.cosine: (480, 640, 3), Seems like there is a toilet ahead.
Step: 28 | Mode: navigate | Action: 0
Success rate: 30.00% (3 out of 10)
Episode 4 in scene TEEsavR23oF failed due to 'false_positive'.
Logging episode 0004 to results/pilot/vlfm_original_jsons/4_TEEsavR23oF.json
BLIP2ITMClient.cosine: (480, 640, 3), Seems like there is a potted plant ahead.
Step: 0 | Mode: initialize | Action: 2
BLIP2ITMClient.cosine: (480, 640, 3), Seems like there is a potted plant ahead.
Step: 1 | Mode: initialize | Action: 2
BLIP2ITMClient.cosine: (480, 640, 3), Seems like there is a potted plant ahead.
Step: 2 | Mode: initialize | Action: 2
BLIP2ITMClient.cosine: (480, 640, 3), Seems like there is a potted plant ahead.
Step: 3 | Mode: initialize | Action: 2
BLIP2ITMClient.cosine: (480, 640, 3), Seems like there is a potted plant ahead.
Step: 4 | Mode: initialize | Action: 2
BLIP2ITMClient.cosine: (480, 640, 3), Seems like there is a potted plant ahead.
Step: 5 | Mode: initialize | Action: 2
BLIP2ITMClient.cosine: (480, 640, 3), Seems like there is a potted plant ahead.
Step: 6 | Mode: initialize | Action: 2
BLIP2ITMClient.cosine: (480, 640, 3), Seems like there is a potted plant ahead.
Step: 7 | Mode: initialize | Action: 2
BLIP2ITMClient.cosine: (480, 640, 3), Seems like there is a potted plant ahead.
Step: 8 | Mode: initialize | Action: 2
BLIP2ITMClient.cosine: (480, 640, 3), Seems like there is a potted plant ahead.
Step: 9 | Mode: initialize | Action: 2
BLIP2ITMClient.cosine: (480, 640, 3), Seems like there is a potted plant ahead.
Step: 10 | Mode: initialize | Action: 2
BLIP2ITMClient.cosine: (480, 640, 3), Seems like there is a potted plant ahead.
Step: 11 | Mode: initialize | Action: 2
BLIP2ITMClient.cosine: (480, 640, 3), Seems like there is a potted plant ahead.
Best value: 11.82%
Step: 12 | Mode: explore | Action: 3
BLIP2ITMClient.cosine: (480, 640, 3), Seems like there is a potted plant ahead.
Sticking to last point.
Best value: 11.82%
Step: 13 | Mode: explore | Action: 1
BLIP2ITMClient.cosine: (480, 640, 3), Seems like there is a potted plant ahead.
Sticking to last point.
Best value: 11.82%
Step: 14 | Mode: explore | Action: 3
BLIP2ITMClient.cosine: (480, 640, 3), Seems like there is a potted plant ahead.
Sticking to last point.
Best value: 11.82%
Step: 15 | Mode: explore | Action: 1
BLIP2ITMClient.cosine: (480, 640, 3), Seems like there is a potted plant ahead.
Sticking to last point.
Best value: 11.53%
Step: 16 | Mode: explore | Action: 1
BLIP2ITMClient.cosine: (480, 640, 3), Seems like there is a potted plant ahead.
Sticking to last point.
Best value: 11.38%
Step: 17 | Mode: explore | Action: 1
BLIP2ITMClient.cosine: (480, 640, 3), Seems like there is a potted plant ahead.
Sticking to last point.
Best value: 10.97%
Step: 18 | Mode: explore | Action: 1
BLIP2ITMClient.cosine: (480, 640, 3), Seems like there is a potted plant ahead.
Sticking to last point.
Best value: 11.08%
Step: 19 | Mode: explore | Action: 1
BLIP2ITMClient.cosine: (480, 640, 3), Seems like there is a potted plant ahead.
Sticking to last point.
Best value: 11.09%
Step: 20 | Mode: explore | Action: 3
BLIP2ITMClient.cosine: (480, 640, 3), Seems like there is a potted plant ahead.
Sticking to last point.
Best value: 10.62%
Step: 21 | Mode: explore | Action: 1
BLIP2ITMClient.cosine: (480, 640, 3), Seems like there is a potted plant ahead.
Sticking to last point.
Best value: 10.43%
Step: 22 | Mode: explore | Action: 1
BLIP2ITMClient.cosine: (480, 640, 3), Seems like there is a potted plant ahead.
Sticking to last point.
Best value: 11.06%
Step: 23 | Mode: explore | Action: 1
BLIP2ITMClient.cosine: (480, 640, 3), Seems like there is a potted plant ahead.
Best value: 11.11%
Step: 24 | Mode: explore | Action: 1
BLIP2ITMClient.cosine: (480, 640, 3), Seems like there is a potted plant ahead.
Sticking to last point.
Best value: 10.75%
Step: 25 | Mode: explore | Action: 1
BLIP2ITMClient.cosine: (480, 640, 3), Seems like there is a potted plant ahead.
Sticking to last point.
Best value: 10.88%
Step: 26 | Mode: explore | Action: 2
BLIP2ITMClient.cosine: (480, 640, 3), Seems like there is a potted plant ahead.
Sticking to last point.
Best value: 12.97%
Step: 27 | Mode: explore | Action: 1
BLIP2ITMClient.cosine: (480, 640, 3), Seems like there is a potted plant ahead.
Sticking to last point.
Best value: 14.08%
Step: 28 | Mode: explore | Action: 1
BLIP2ITMClient.cosine: (480, 640, 3), Seems like there is a potted plant ahead.
Sticking to last point.
Best value: 14.06%
Step: 29 | Mode: explore | Action: 1
BLIP2ITMClient.cosine: (480, 640, 3), Seems like there is a potted plant ahead.
Sticking to last point.
Best value: 14.33%
Step: 30 | Mode: explore | Action: 1
BLIP2ITMClient.cosine: (480, 640, 3), Seems like there is a potted plant ahead.
Sticking to last point.
Best value: 14.05%
Step: 31 | Mode: explore | Action: 2
BLIP2ITMClient.cosine: (480, 640, 3), Seems like there is a potted plant ahead.
Best value: 13.11%
Step: 32 | Mode: explore | Action: 1
BLIP2ITMClient.cosine: (480, 640, 3), Seems like there is a potted plant ahead.
Sticking to last point.
Best value: 12.63%
Step: 33 | Mode: explore | Action: 3
BLIP2ITMClient.cosine: (480, 640, 3), Seems like there is a potted plant ahead.
Sticking to last point.
Best value: 11.76%
Step: 34 | Mode: explore | Action: 1
BLIP2ITMClient.cosine: (480, 640, 3), Seems like there is a potted plant ahead.
Sticking to last point.
Best value: 11.22%
Step: 35 | Mode: explore | Action: 3
BLIP2ITMClient.cosine: (480, 640, 3), Seems like there is a potted plant ahead.
Sticking to last point.
Best value: 11.87%
Step: 36 | Mode: explore | Action: 2
BLIP2ITMClient.cosine: (480, 640, 3), Seems like there is a potted plant ahead.
Sticking to last point.
Best value: 11.61%
Step: 37 | Mode: explore | Action: 1
BLIP2ITMClient.cosine: (480, 640, 3), Seems like there is a potted plant ahead.
Sticking to last point.
Best value: 11.67%
Step: 38 | Mode: explore | Action: 3
BLIP2ITMClient.cosine: (480, 640, 3), Seems like there is a potted plant ahead.
Best value: 10.95%
Step: 39 | Mode: explore | Action: 2
BLIP2ITMClient.cosine: (480, 640, 3), Seems like there is a potted plant ahead.
Sticking to last point.
Best value: 10.89%
Step: 40 | Mode: explore | Action: 3
BLIP2ITMClient.cosine: (480, 640, 3), Seems like there is a potted plant ahead.
Sticking to last point.
Best value: 10.73%
Step: 41 | Mode: explore | Action: 1
BLIP2ITMClient.cosine: (480, 640, 3), Seems like there is a potted plant ahead.
Sticking to last point.
Best value: 11.30%
Step: 42 | Mode: explore | Action: 3
BLIP2ITMClient.cosine: (480, 640, 3), Seems like there is a potted plant ahead.
Sticking to last point.
Best value: 11.30%
Step: 43 | Mode: explore | Action: 1
BLIP2ITMClient.cosine: (480, 640, 3), Seems like there is a potted plant ahead.
Sticking to last point.
Best value: 11.30%
Step: 44 | Mode: explore | Action: 3
BLIP2ITMClient.cosine: (480, 640, 3), Seems like there is a potted plant ahead.
Sticking to last point.
Best value: 11.30%
Step: 45 | Mode: explore | Action: 1
BLIP2ITMClient.cosine: (480, 640, 3), Seems like there is a potted plant ahead.
Sticking to last point.
Best value: 11.30%
Step: 46 | Mode: explore | Action: 3
BLIP2ITMClient.cosine: (480, 640, 3), Seems like there is a potted plant ahead.
Sticking to last point.
Best value: 11.30%
Step: 47 | Mode: explore | Action: 1
BLIP2ITMClient.cosine: (480, 640, 3), Seems like there is a potted plant ahead.
Sticking to last point.
Best value: 11.30%
Step: 48 | Mode: explore | Action: 2
BLIP2ITMClient.cosine: (480, 640, 3), Seems like there is a potted plant ahead.
Sticking to last point.
Best value: 11.30%
Step: 49 | Mode: explore | Action: 2
BLIP2ITMClient.cosine: (480, 640, 3), Seems like there is a potted plant ahead.
Sticking to last point.
Best value: 11.30%
Step: 50 | Mode: explore | Action: 2
BLIP2ITMClient.cosine: (480, 640, 3), Seems like there is a potted plant ahead.
Sticking to last point.
Best value: 11.57%
Step: 51 | Mode: explore | Action: 1
BLIP2ITMClient.cosine: (480, 640, 3), Seems like there is a potted plant ahead.
Sticking to last point.
Best value: 11.70%
Step: 52 | Mode: explore | Action: 2
BLIP2ITMClient.cosine: (480, 640, 3), Seems like there is a potted plant ahead.
Sticking to last point.
Best value: 11.39%
Step: 53 | Mode: explore | Action: 1
BLIP2ITMClient.cosine: (480, 640, 3), Seems like there is a potted plant ahead.
Best value: 10.84%
Step: 54 | Mode: explore | Action: 3
BLIP2ITMClient.cosine: (480, 640, 3), Seems like there is a potted plant ahead.
Sticking to last point.
Best value: 10.84%
Step: 55 | Mode: explore | Action: 3
BLIP2ITMClient.cosine: (480, 640, 3), Seems like there is a potted plant ahead.
Sticking to last point.
Best value: 10.84%
Step: 56 | Mode: explore | Action: 3
BLIP2ITMClient.cosine: (480, 640, 3), Seems like there is a potted plant ahead.
Sticking to last point.
Best value: 10.84%
Step: 57 | Mode: explore | Action: 3
BLIP2ITMClient.cosine: (480, 640, 3), Seems like there is a potted plant ahead.
Sticking to last point.
Best value: 10.84%
Step: 58 | Mode: explore | Action: 3
BLIP2ITMClient.cosine: (480, 640, 3), Seems like there is a potted plant ahead.
Sticking to last point.
Best value: 10.84%
Step: 59 | Mode: explore | Action: 3
BLIP2ITMClient.cosine: (480, 640, 3), Seems like there is a potted plant ahead.
Sticking to last point.
Best value: 10.84%
Step: 60 | Mode: explore | Action: 3
BLIP2ITMClient.cosine: (480, 640, 3), Seems like there is a potted plant ahead.
Sticking to last point.
Best value: 10.84%
Step: 61 | Mode: explore | Action: 1
BLIP2ITMClient.cosine: (480, 640, 3), Seems like there is a potted plant ahead.
Sticking to last point.
Best value: 10.84%
Step: 62 | Mode: explore | Action: 1
BLIP2ITMClient.cosine: (480, 640, 3), Seems like there is a potted plant ahead.
Sticking to last point.
Best value: 10.84%
Step: 63 | Mode: explore | Action: 2
BLIP2ITMClient.cosine: (480, 640, 3), Seems like there is a potted plant ahead.
Sticking to last point.
Best value: 10.84%
Step: 64 | Mode: explore | Action: 2
BLIP2ITMClient.cosine: (480, 640, 3), Seems like there is a potted plant ahead.
Sticking to last point.
Best value: 10.84%
Step: 65 | Mode: explore | Action: 1
BLIP2ITMClient.cosine: (480, 640, 3), Seems like there is a potted plant ahead.
Sticking to last point.
Best value: 10.84%
Step: 66 | Mode: explore | Action: 1
BLIP2ITMClient.cosine: (480, 640, 3), Seems like there is a potted plant ahead.
Sticking to last point.
Best value: 10.84%
Step: 67 | Mode: explore | Action: 2
BLIP2ITMClient.cosine: (480, 640, 3), Seems like there is a potted plant ahead.
Sticking to last point.
Best value: 10.84%
Step: 68 | Mode: explore | Action: 1
BLIP2ITMClient.cosine: (480, 640, 3), Seems like there is a potted plant ahead.
Sticking to last point.
Best value: 10.84%
Step: 69 | Mode: explore | Action: 2
BLIP2ITMClient.cosine: (480, 640, 3), Seems like there is a potted plant ahead.
Sticking to last point.
Best value: 10.74%
Step: 70 | Mode: explore | Action: 1
BLIP2ITMClient.cosine: (480, 640, 3), Seems like there is a potted plant ahead.
Sticking to last point.
Best value: 10.45%
Step: 71 | Mode: explore | Action: 1
BLIP2ITMClient.cosine: (480, 640, 3), Seems like there is a potted plant ahead.
Best value: 10.66%
Step: 72 | Mode: explore | Action: 2
BLIP2ITMClient.cosine: (480, 640, 3), Seems like there is a potted plant ahead.
Sticking to last point.
Best value: 10.99%
Step: 73 | Mode: explore | Action: 1
BLIP2ITMClient.cosine: (480, 640, 3), Seems like there is a potted plant ahead.
Sticking to last point.
Best value: 11.13%
Step: 74 | Mode: explore | Action: 1
BLIP2ITMClient.cosine: (480, 640, 3), Seems like there is a potted plant ahead.
Sticking to last point.
Best value: 11.20%
Step: 75 | Mode: explore | Action: 3
BLIP2ITMClient.cosine: (480, 640, 3), Seems like there is a potted plant ahead.
Sticking to last point.
Best value: 11.20%
Step: 76 | Mode: explore | Action: 1
BLIP2ITMClient.cosine: (480, 640, 3), Seems like there is a potted plant ahead.
Sticking to last point.
Best value: 11.20%
Step: 77 | Mode: explore | Action: 3
BLIP2ITMClient.cosine: (480, 640, 3), Seems like there is a potted plant ahead.
Sticking to last point.
Best value: 11.20%
Step: 78 | Mode: explore | Action: 1
BLIP2ITMClient.cosine: (480, 640, 3), Seems like there is a potted plant ahead.
Sticking to last point.
Best value: 11.20%
Step: 79 | Mode: explore | Action: 2
BLIP2ITMClient.cosine: (480, 640, 3), Seems like there is a potted plant ahead.
Sticking to last point.
Best value: 11.20%
Step: 80 | Mode: explore | Action: 2
BLIP2ITMClient.cosine: (480, 640, 3), Seems like there is a potted plant ahead.
Sticking to last point.
Best value: 10.87%
Step: 81 | Mode: explore | Action: 1
BLIP2ITMClient.cosine: (480, 640, 3), Seems like there is a potted plant ahead.
Sticking to last point.
Best value: 10.68%
Step: 82 | Mode: explore | Action: 1
BLIP2ITMClient.cosine: (480, 640, 3), Seems like there is a potted plant ahead.
Sticking to last point.
Best value: 10.90%
Step: 83 | Mode: explore | Action: 1
BLIP2ITMClient.cosine: (480, 640, 3), Seems like there is a potted plant ahead.
Sticking to last point.
Best value: 11.49%
Step: 84 | Mode: explore | Action: 1
BLIP2ITMClient.cosine: (480, 640, 3), Seems like there is a potted plant ahead.
Sticking to last point.
Best value: 11.18%
Step: 85 | Mode: explore | Action: 1
BLIP2ITMClient.cosine: (480, 640, 3), Seems like there is a potted plant ahead.
Sticking to last point.
Best value: 10.73%
Step: 86 | Mode: explore | Action: 2
BLIP2ITMClient.cosine: (480, 640, 3), Seems like there is a potted plant ahead.
Sticking to last point.
Best value: 12.07%
Step: 87 | Mode: explore | Action: 1
BLIP2ITMClient.cosine: (480, 640, 3), Seems like there is a potted plant ahead.
Sticking to last point.
Best value: 14.11%
Step: 88 | Mode: explore | Action: 1
BLIP2ITMClient.cosine: (480, 640, 3), Seems like there is a potted plant ahead.
Best value: 12.11%
Step: 89 | Mode: explore | Action: 1
BLIP2ITMClient.cosine: (480, 640, 3), Seems like there is a potted plant ahead.
Sticking to last point.
Best value: 11.47%
Step: 90 | Mode: explore | Action: 2
BLIP2ITMClient.cosine: (480, 640, 3), Seems like there is a potted plant ahead.
Best value: 11.43%
Step: 91 | Mode: explore | Action: 3
BLIP2ITMClient.cosine: (480, 640, 3), Seems like there is a potted plant ahead.
Sticking to last point.
Best value: 11.09%
Step: 92 | Mode: explore | Action: 3
BLIP2ITMClient.cosine: (480, 640, 3), Seems like there is a potted plant ahead.
Sticking to last point.
Best value: 11.22%
Step: 93 | Mode: explore | Action: 1
BLIP2ITMClient.cosine: (480, 640, 3), Seems like there is a potted plant ahead.
Sticking to last point.
Best value: 11.55%
Step: 94 | Mode: explore | Action: 1
BLIP2ITMClient.cosine: (480, 640, 3), Seems like there is a potted plant ahead.
Sticking to last point.
Best value: 11.44%
Step: 95 | Mode: explore | Action: 1
BLIP2ITMClient.cosine: (480, 640, 3), Seems like there is a potted plant ahead.
Sticking to last point.
Best value: 11.71%
Step: 96 | Mode: explore | Action: 1
BLIP2ITMClient.cosine: (480, 640, 3), Seems like there is a potted plant ahead.
Sticking to last point.
Best value: 11.81%
 37%|███▋      | 11/30 [10:18<14:29, 45.76s/it]Step: 97 | Mode: explore | Action: 1
BLIP2ITMClient.cosine: (480, 640, 3), Seems like there is a potted plant ahead.
Sticking to last point.
Best value: 11.60%
Step: 98 | Mode: explore | Action: 1
BLIP2ITMClient.cosine: (480, 640, 3), Seems like there is a potted plant ahead.
Step: 99 | Mode: navigate | Action: 1
BLIP2ITMClient.cosine: (480, 640, 3), Seems like there is a potted plant ahead.
Step: 100 | Mode: navigate | Action: 1
BLIP2ITMClient.cosine: (480, 640, 3), Seems like there is a potted plant ahead.
Step: 101 | Mode: navigate | Action: 1
BLIP2ITMClient.cosine: (480, 640, 3), Seems like there is a potted plant ahead.
Step: 102 | Mode: navigate | Action: 2
BLIP2ITMClient.cosine: (480, 640, 3), Seems like there is a potted plant ahead.
Step: 103 | Mode: navigate | Action: 1
BLIP2ITMClient.cosine: (480, 640, 3), Seems like there is a potted plant ahead.
Step: 104 | Mode: navigate | Action: 1
BLIP2ITMClient.cosine: (480, 640, 3), Seems like there is a potted plant ahead.
Step: 105 | Mode: navigate | Action: 3
BLIP2ITMClient.cosine: (480, 640, 3), Seems like there is a potted plant ahead.
Step: 106 | Mode: navigate | Action: 1
BLIP2ITMClient.cosine: (480, 640, 3), Seems like there is a potted plant ahead.
Step: 107 | Mode: navigate | Action: 2
BLIP2ITMClient.cosine: (480, 640, 3), Seems like there is a potted plant ahead.
Step: 108 | Mode: navigate | Action: 1
BLIP2ITMClient.cosine: (480, 640, 3), Seems like there is a potted plant ahead.
Step: 109 | Mode: navigate | Action: 1
BLIP2ITMClient.cosine: (480, 640, 3), Seems like there is a potted plant ahead.
Step: 110 | Mode: navigate | Action: 1
BLIP2ITMClient.cosine: (480, 640, 3), Seems like there is a potted plant ahead.
Step: 111 | Mode: navigate | Action: 3
BLIP2ITMClient.cosine: (480, 640, 3), Seems like there is a potted plant ahead.
Step: 112 | Mode: navigate | Action: 1
BLIP2ITMClient.cosine: (480, 640, 3), Seems like there is a potted plant ahead.
Step: 113 | Mode: navigate | Action: 1
BLIP2ITMClient.cosine: (480, 640, 3), Seems like there is a potted plant ahead.
Step: 114 | Mode: navigate | Action: 0
Success rate: 27.27% (3 out of 11)
Episode 2 in scene TEEsavR23oF failed due to 'false_positive'.
Logging episode 0002 to results/pilot/vlfm_original_jsons/2_TEEsavR23oF.json
BLIP2ITMClient.cosine: (480, 640, 3), Seems like there is a potted plant ahead.
Step: 0 | Mode: initialize | Action: 2
BLIP2ITMClient.cosine: (480, 640, 3), Seems like there is a potted plant ahead.
Step: 1 | Mode: initialize | Action: 2
BLIP2ITMClient.cosine: (480, 640, 3), Seems like there is a potted plant ahead.
Step: 2 | Mode: initialize | Action: 2
BLIP2ITMClient.cosine: (480, 640, 3), Seems like there is a potted plant ahead.
Step: 3 | Mode: initialize | Action: 2
BLIP2ITMClient.cosine: (480, 640, 3), Seems like there is a potted plant ahead.
Step: 4 | Mode: initialize | Action: 2
BLIP2ITMClient.cosine: (480, 640, 3), Seems like there is a potted plant ahead.
Step: 5 | Mode: initialize | Action: 2
BLIP2ITMClient.cosine: (480, 640, 3), Seems like there is a potted plant ahead.
Step: 6 | Mode: initialize | Action: 2
BLIP2ITMClient.cosine: (480, 640, 3), Seems like there is a potted plant ahead.
Step: 7 | Mode: initialize | Action: 2
BLIP2ITMClient.cosine: (480, 640, 3), Seems like there is a potted plant ahead.
Step: 8 | Mode: initialize | Action: 2
BLIP2ITMClient.cosine: (480, 640, 3), Seems like there is a potted plant ahead.
Step: 9 | Mode: initialize | Action: 2
BLIP2ITMClient.cosine: (480, 640, 3), Seems like there is a potted plant ahead.
Step: 10 | Mode: initialize | Action: 2
BLIP2ITMClient.cosine: (480, 640, 3), Seems like there is a potted plant ahead.
Step: 11 | Mode: initialize | Action: 2
BLIP2ITMClient.cosine: (480, 640, 3), Seems like there is a potted plant ahead.
Best value: 13.30%
Step: 12 | Mode: explore | Action: 1
BLIP2ITMClient.cosine: (480, 640, 3), Seems like there is a potted plant ahead.
Sticking to last point.
Best value: 13.30%
Step: 13 | Mode: explore | Action: 3
BLIP2ITMClient.cosine: (480, 640, 3), Seems like there is a potted plant ahead.
Sticking to last point.
Best value: 13.30%
Step: 14 | Mode: explore | Action: 3
BLIP2ITMClient.cosine: (480, 640, 3), Seems like there is a potted plant ahead.
Sticking to last point.
Best value: 13.65%
Step: 15 | Mode: explore | Action: 1
BLIP2ITMClient.cosine: (480, 640, 3), Seems like there is a potted plant ahead.
Sticking to last point.
Best value: 13.81%
Step: 16 | Mode: explore | Action: 3
BLIP2ITMClient.cosine: (480, 640, 3), Seems like there is a potted plant ahead.
Sticking to last point.
Best value: 12.90%
Step: 17 | Mode: explore | Action: 1
BLIP2ITMClient.cosine: (480, 640, 3), Seems like there is a potted plant ahead.
Sticking to last point.
Best value: 12.31%
Step: 18 | Mode: explore | Action: 1
BLIP2ITMClient.cosine: (480, 640, 3), Seems like there is a potted plant ahead.
Sticking to last point.
Best value: 12.06%
Step: 19 | Mode: explore | Action: 1
BLIP2ITMClient.cosine: (480, 640, 3), Seems like there is a potted plant ahead.
Sticking to last point.
Best value: 11.85%
Step: 20 | Mode: explore | Action: 2
BLIP2ITMClient.cosine: (480, 640, 3), Seems like there is a potted plant ahead.
Sticking to last point.
Best value: 12.42%
Step: 21 | Mode: explore | Action: 1
BLIP2ITMClient.cosine: (480, 640, 3), Seems like there is a potted plant ahead.
Best value: 11.96%
Step: 22 | Mode: explore | Action: 3
BLIP2ITMClient.cosine: (480, 640, 3), Seems like there is a potted plant ahead.
Sticking to last point.
Best value: 11.96%
Step: 23 | Mode: explore | Action: 3
BLIP2ITMClient.cosine: (480, 640, 3), Seems like there is a potted plant ahead.
Best value: 11.73%
Step: 24 | Mode: explore | Action: 1
BLIP2ITMClient.cosine: (480, 640, 3), Seems like there is a potted plant ahead.
Sticking to last point.
Best value: 11.74%
Step: 25 | Mode: explore | Action: 3
BLIP2ITMClient.cosine: (480, 640, 3), Seems like there is a potted plant ahead.
Sticking to last point.
Best value: 11.35%
Step: 26 | Mode: explore | Action: 1
BLIP2ITMClient.cosine: (480, 640, 3), Seems like there is a potted plant ahead.
Sticking to last point.
Best value: 11.00%
Step: 27 | Mode: explore | Action: 1
BLIP2ITMClient.cosine: (480, 640, 3), Seems like there is a potted plant ahead.
Sticking to last point.
Best value: 11.82%
Step: 28 | Mode: explore | Action: 3
BLIP2ITMClient.cosine: (480, 640, 3), Seems like there is a potted plant ahead.
Sticking to last point.
Best value: 11.29%
Step: 29 | Mode: explore | Action: 1
BLIP2ITMClient.cosine: (480, 640, 3), Seems like there is a potted plant ahead.
Sticking to last point.
Best value: 11.05%
Step: 30 | Mode: explore | Action: 1
BLIP2ITMClient.cosine: (480, 640, 3), Seems like there is a potted plant ahead.
Sticking to last point.
Best value: 11.30%
Step: 31 | Mode: explore | Action: 1
BLIP2ITMClient.cosine: (480, 640, 3), Seems like there is a potted plant ahead.
Sticking to last point.
Best value: 11.62%
Step: 32 | Mode: explore | Action: 1
BLIP2ITMClient.cosine: (480, 640, 3), Seems like there is a potted plant ahead.
Sticking to last point.
Best value: 11.62%
Step: 33 | Mode: explore | Action: 2
BLIP2ITMClient.cosine: (480, 640, 3), Seems like there is a potted plant ahead.
Sticking to last point.
Best value: 11.73%
Step: 34 | Mode: explore | Action: 2
BLIP2ITMClient.cosine: (480, 640, 3), Seems like there is a potted plant ahead.
Best value: 11.89%
Step: 35 | Mode: explore | Action: 2
BLIP2ITMClient.cosine: (480, 640, 3), Seems like there is a potted plant ahead.
Sticking to last point.
Best value: 11.89%
Step: 36 | Mode: explore | Action: 2
BLIP2ITMClient.cosine: (480, 640, 3), Seems like there is a potted plant ahead.
Sticking to last point.
Best value: 11.89%
Step: 37 | Mode: explore | Action: 2
BLIP2ITMClient.cosine: (480, 640, 3), Seems like there is a potted plant ahead.
Sticking to last point.
Best value: 11.89%
Step: 38 | Mode: explore | Action: 2
BLIP2ITMClient.cosine: (480, 640, 3), Seems like there is a potted plant ahead.
Sticking to last point.
Best value: 11.93%
Step: 39 | Mode: explore | Action: 2
BLIP2ITMClient.cosine: (480, 640, 3), Seems like there is a potted plant ahead.
Best value: 11.71%
 40%|████      | 12/30 [10:37<11:14, 37.49s/it] 43%|████▎     | 13/30 [10:44<08:01, 28.34s/it]Step: 40 | Mode: explore | Action: 2
BLIP2ITMClient.cosine: (480, 640, 3), Seems like there is a potted plant ahead.
Step: 41 | Mode: navigate | Action: 3
BLIP2ITMClient.cosine: (480, 640, 3), Seems like there is a potted plant ahead.
Step: 42 | Mode: navigate | Action: 1
BLIP2ITMClient.cosine: (480, 640, 3), Seems like there is a potted plant ahead.
Step: 43 | Mode: navigate | Action: 1
BLIP2ITMClient.cosine: (480, 640, 3), Seems like there is a potted plant ahead.
Step: 44 | Mode: navigate | Action: 1
BLIP2ITMClient.cosine: (480, 640, 3), Seems like there is a potted plant ahead.
Step: 45 | Mode: navigate | Action: 1
BLIP2ITMClient.cosine: (480, 640, 3), Seems like there is a potted plant ahead.
Step: 46 | Mode: navigate | Action: 1
BLIP2ITMClient.cosine: (480, 640, 3), Seems like there is a potted plant ahead.
Step: 47 | Mode: navigate | Action: 1
BLIP2ITMClient.cosine: (480, 640, 3), Seems like there is a potted plant ahead.
Step: 48 | Mode: navigate | Action: 1
BLIP2ITMClient.cosine: (480, 640, 3), Seems like there is a potted plant ahead.
Step: 49 | Mode: navigate | Action: 1
BLIP2ITMClient.cosine: (480, 640, 3), Seems like there is a potted plant ahead.
Step: 50 | Mode: navigate | Action: 1
BLIP2ITMClient.cosine: (480, 640, 3), Seems like there is a potted plant ahead.
Step: 51 | Mode: navigate | Action: 2
BLIP2ITMClient.cosine: (480, 640, 3), Seems like there is a potted plant ahead.
Step: 52 | Mode: navigate | Action: 1
BLIP2ITMClient.cosine: (480, 640, 3), Seems like there is a potted plant ahead.
Step: 53 | Mode: navigate | Action: 3
BLIP2ITMClient.cosine: (480, 640, 3), Seems like there is a potted plant ahead.
Step: 54 | Mode: navigate | Action: 1
BLIP2ITMClient.cosine: (480, 640, 3), Seems like there is a potted plant ahead.
Step: 55 | Mode: navigate | Action: 1
BLIP2ITMClient.cosine: (480, 640, 3), Seems like there is a potted plant ahead.
Step: 56 | Mode: navigate | Action: 1
BLIP2ITMClient.cosine: (480, 640, 3), Seems like there is a potted plant ahead.
Step: 57 | Mode: navigate | Action: 0
Success rate: 25.00% (3 out of 12)
Episode 1 in scene TEEsavR23oF failed due to 'false_positive'.
Logging episode 0001 to results/pilot/vlfm_original_jsons/1_TEEsavR23oF.json
BLIP2ITMClient.cosine: (480, 640, 3), Seems like there is a chair ahead.
Step: 0 | Mode: initialize | Action: 2
BLIP2ITMClient.cosine: (480, 640, 3), Seems like there is a chair ahead.
Step: 1 | Mode: initialize | Action: 2
BLIP2ITMClient.cosine: (480, 640, 3), Seems like there is a chair ahead.
Step: 2 | Mode: initialize | Action: 2
BLIP2ITMClient.cosine: (480, 640, 3), Seems like there is a chair ahead.
Step: 3 | Mode: initialize | Action: 2
BLIP2ITMClient.cosine: (480, 640, 3), Seems like there is a chair ahead.
Step: 4 | Mode: initialize | Action: 2
BLIP2ITMClient.cosine: (480, 640, 3), Seems like there is a chair ahead.
Step: 5 | Mode: initialize | Action: 2
BLIP2ITMClient.cosine: (480, 640, 3), Seems like there is a chair ahead.
Step: 6 | Mode: initialize | Action: 2
BLIP2ITMClient.cosine: (480, 640, 3), Seems like there is a chair ahead.
Step: 7 | Mode: initialize | Action: 2
BLIP2ITMClient.cosine: (480, 640, 3), Seems like there is a chair ahead.
Step: 8 | Mode: initialize | Action: 2
BLIP2ITMClient.cosine: (480, 640, 3), Seems like there is a chair ahead.
Step: 9 | Mode: initialize | Action: 2
BLIP2ITMClient.cosine: (480, 640, 3), Seems like there is a chair ahead.
Step: 10 | Mode: initialize | Action: 2
BLIP2ITMClient.cosine: (480, 640, 3), Seems like there is a chair ahead.
Step: 11 | Mode: initialize | Action: 2
BLIP2ITMClient.cosine: (480, 640, 3), Seems like there is a chair ahead.
Step: 12 | Mode: navigate | Action: 3
BLIP2ITMClient.cosine: (480, 640, 3), Seems like there is a chair ahead.
Step: 13 | Mode: navigate | Action: 3
BLIP2ITMClient.cosine: (480, 640, 3), Seems like there is a chair ahead.
Step: 14 | Mode: navigate | Action: 3
BLIP2ITMClient.cosine: (480, 640, 3), Seems like there is a chair ahead.
Step: 15 | Mode: navigate | Action: 3
BLIP2ITMClient.cosine: (480, 640, 3), Seems like there is a chair ahead.
Step: 16 | Mode: navigate | Action: 1
BLIP2ITMClient.cosine: (480, 640, 3), Seems like there is a chair ahead.
Step: 17 | Mode: navigate | Action: 3
BLIP2ITMClient.cosine: (480, 640, 3), Seems like there is a chair ahead.
Step: 18 | Mode: navigate | Action: 1
BLIP2ITMClient.cosine: (480, 640, 3), Seems like there is a chair ahead.
Step: 19 | Mode: navigate | Action: 1
BLIP2ITMClient.cosine: (480, 640, 3), Seems like there is a chair ahead.
Step: 20 | Mode: navigate | Action: 1
BLIP2ITMClient.cosine: (480, 640, 3), Seems like there is a chair ahead.
Step: 21 | Mode: navigate | Action: 0
Success rate: 23.08% (3 out of 13)
Episode 7 in scene TEEsavR23oF failed due to 'false_positive'.
Logging episode 0007 to results/pilot/vlfm_original_jsons/7_TEEsavR23oF.json
BLIP2ITMClient.cosine: (480, 640, 3), Seems like there is a chair ahead.
Step: 0 | Mode: initialize | Action: 2
BLIP2ITMClient.cosine: (480, 640, 3), Seems like there is a chair ahead.
Step: 1 | Mode: initialize | Action: 2
BLIP2ITMClient.cosine: (480, 640, 3), Seems like there is a chair ahead.
Step: 2 | Mode: initialize | Action: 2
BLIP2ITMClient.cosine: (480, 640, 3), Seems like there is a chair ahead.
Step: 3 | Mode: initialize | Action: 2
BLIP2ITMClient.cosine: (480, 640, 3), Seems like there is a chair ahead.
Step: 4 | Mode: initialize | Action: 2
BLIP2ITMClient.cosine: (480, 640, 3), Seems like there is a chair ahead.
Step: 5 | Mode: initialize | Action: 2
BLIP2ITMClient.cosine: (480, 640, 3), Seems like there is a chair ahead.
Step: 6 | Mode: initialize | Action: 2
BLIP2ITMClient.cosine: (480, 640, 3), Seems like there is a chair ahead.
Step: 7 | Mode: initialize | Action: 2
BLIP2ITMClient.cosine: (480, 640, 3), Seems like there is a chair ahead.
Step: 8 | Mode: initialize | Action: 2
BLIP2ITMClient.cosine: (480, 640, 3), Seems like there is a chair ahead.
Step: 9 | Mode: initialize | Action: 2
BLIP2ITMClient.cosine: (480, 640, 3), Seems like there is a chair ahead.
Step: 10 | Mode: initialize | Action: 2
BLIP2ITMClient.cosine: (480, 640, 3), Seems like there is a chair ahead.
Step: 11 | Mode: initialize | Action: 2
BLIP2ITMClient.cosine: (480, 640, 3), Seems like there is a chair ahead.
Best value: 24.66%
Step: 12 | Mode: explore | Action: 3
BLIP2ITMClient.cosine: (480, 640, 3), Seems like there is a chair ahead.
Sticking to last point.
Best value: 24.66%
Step: 13 | Mode: explore | Action: 3
BLIP2ITMClient.cosine: (480, 640, 3), Seems like there is a chair ahead.
Sticking to last point.
Best value: 24.66%
Step: 14 | Mode: explore | Action: 1
BLIP2ITMClient.cosine: (480, 640, 3), Seems like there is a chair ahead.
Sticking to last point.
Best value: 24.66%
Step: 15 | Mode: explore | Action: 3
BLIP2ITMClient.cosine: (480, 640, 3), Seems like there is a chair ahead.
Best value: 22.93%
Step: 16 | Mode: explore | Action: 1
BLIP2ITMClient.cosine: (480, 640, 3), Seems like there is a chair ahead.
Best value: 20.01%
Step: 17 | Mode: explore | Action: 1
BLIP2ITMClient.cosine: (480, 640, 3), Seems like there is a chair ahead.
Best value: 19.01%
Step: 18 | Mode: explore | Action: 3
BLIP2ITMClient.cosine: (480, 640, 3), Seems like there is a chair ahead.
Sticking to last point.
Best value: 19.01%
Step: 19 | Mode: explore | Action: 3
BLIP2ITMClient.cosine: (480, 640, 3), Seems like there is a chair ahead.
Sticking to last point.
Best value: 19.01%
Step: 20 | Mode: explore | Action: 3
BLIP2ITMClient.cosine: (480, 640, 3), Seems like there is a chair ahead.
Sticking to last point.
Best value: 19.01%
Step: 21 | Mode: explore | Action: 3
BLIP2ITMClient.cosine: (480, 640, 3), Seems like there is a chair ahead.
Sticking to last point.
Best value: 19.01%
Step: 22 | Mode: explore | Action: 3
BLIP2ITMClient.cosine: (480, 640, 3), Seems like there is a chair ahead.
Sticking to last point.
Best value: 18.99%
Step: 23 | Mode: explore | Action: 3
BLIP2ITMClient.cosine: (480, 640, 3), Seems like there is a chair ahead.
Sticking to last point.
Best value: 18.99%
Step: 24 | Mode: explore | Action: 1
BLIP2ITMClient.cosine: (480, 640, 3), Seems like there is a chair ahead.
Sticking to last point.
Best value: 18.85%
Step: 25 | Mode: explore | Action: 1
BLIP2ITMClient.cosine: (480, 640, 3), Seems like there is a chair ahead.
Sticking to last point.
Best value: 18.69%
Step: 26 | Mode: explore | Action: 1
BLIP2ITMClient.cosine: (480, 640, 3), Seems like there is a chair ahead.
Sticking to last point.
Best value: 18.54%
Step: 27 | Mode: explore | Action: 1
BLIP2ITMClient.cosine: (480, 640, 3), Seems like there is a chair ahead.
Sticking to last point.
Best value: 17.91%
Step: 28 | Mode: explore | Action: 1
BLIP2ITMClient.cosine: (480, 640, 3), Seems like there is a chair ahead.
Best value: 18.28%
Step: 29 | Mode: explore | Action: 3
BLIP2ITMClient.cosine: (480, 640, 3), Seems like there is a chair ahead.
Sticking to last point.
Best value: 18.28%
Step: 30 | Mode: explore | Action: 3
BLIP2ITMClient.cosine: (480, 640, 3), Seems like there is a chair ahead.
Sticking to last point.
Best value: 18.28%
Step: 31 | Mode: explore | Action: 3
BLIP2ITMClient.cosine: (480, 640, 3), Seems like there is a chair ahead.
Sticking to last point.
Best value: 18.28%
Step: 32 | Mode: explore | Action: 3
BLIP2ITMClient.cosine: (480, 640, 3), Seems like there is a chair ahead.
Sticking to last point.
Best value: 18.28%
Step: 33 | Mode: explore | Action: 1
BLIP2ITMClient.cosine: (480, 640, 3), Seems like there is a chair ahead.
Sticking to last point.
Best value: 18.28%
Step: 34 | Mode: explore | Action: 3
BLIP2ITMClient.cosine: (480, 640, 3), Seems like there is a chair ahead.
Sticking to last point.
Best value: 18.09%
Step: 35 | Mode: explore | Action: 3
BLIP2ITMClient.cosine: (480, 640, 3), Seems like there is a chair ahead.
Sticking to last point.
Best value: 18.09%
Step: 36 | Mode: explore | Action: 1
BLIP2ITMClient.cosine: (480, 640, 3), Seems like there is a chair ahead.
Sticking to last point.
Best value: 18.10%
Step: 37 | Mode: explore | Action: 1
BLIP2ITMClient.cosine: (480, 640, 3), Seems like there is a chair ahead.
Sticking to last point.
Best value: 18.10%
Step: 38 | Mode: explore | Action: 1
BLIP2ITMClient.cosine: (480, 640, 3), Seems like there is a chair ahead.
Sticking to last point.
Best value: 18.09%
Step: 39 | Mode: explore | Action: 1
BLIP2ITMClient.cosine: (480, 640, 3), Seems like there is a chair ahead.
Sticking to last point.
Best value: 18.09%
Step: 40 | Mode: explore | Action: 1
BLIP2ITMClient.cosine: (480, 640, 3), Seems like there is a chair ahead.
Sticking to last point.
Best value: 18.10%
Step: 41 | Mode: explore | Action: 1
BLIP2ITMClient.cosine: (480, 640, 3), Seems like there is a chair ahead.
Sticking to last point.
Best value: 18.09%
Step: 42 | Mode: explore | Action: 1
BLIP2ITMClient.cosine: (480, 640, 3), Seems like there is a chair ahead.
Sticking to last point.
Best value: 18.98%
Step: 43 | Mode: explore | Action: 3
BLIP2ITMClient.cosine: (480, 640, 3), Seems like there is a chair ahead.
Sticking to last point.
Best value: 18.98%
Step: 44 | Mode: explore | Action: 1
BLIP2ITMClient.cosine: (480, 640, 3), Seems like there is a chair ahead.
Sticking to last point.
Best value: 18.97%
Step: 45 | Mode: explore | Action: 2
BLIP2ITMClient.cosine: (480, 640, 3), Seems like there is a chair ahead.
Best value: 16.92%
Step: 46 | Mode: explore | Action: 2
BLIP2ITMClient.cosine: (480, 640, 3), Seems like there is a chair ahead.
Sticking to last point.
Best value: 16.84%
Step: 47 | Mode: explore | Action: 3
BLIP2ITMClient.cosine: (480, 640, 3), Seems like there is a chair ahead.
Sticking to last point.
Best value: 15.87%
Step: 48 | Mode: explore | Action: 3
BLIP2ITMClient.cosine: (480, 640, 3), Seems like there is a chair ahead.
Sticking to last point.
Best value: 17.20%
Step: 49 | Mode: explore | Action: 1
BLIP2ITMClient.cosine: (480, 640, 3), Seems like there is a chair ahead.
Sticking to last point.
Best value: 16.91%
Step: 50 | Mode: explore | Action: 2
BLIP2ITMClient.cosine: (480, 640, 3), Seems like there is a chair ahead.
Best value: 16.30%
Step: 51 | Mode: explore | Action: 3
BLIP2ITMClient.cosine: (480, 640, 3), Seems like there is a chair ahead.
Sticking to last point.
Best value: 16.30%
Step: 52 | Mode: explore | Action: 3
BLIP2ITMClient.cosine: (480, 640, 3), Seems like there is a chair ahead.
Sticking to last point.
Best value: 16.30%
Step: 53 | Mode: explore | Action: 3
BLIP2ITMClient.cosine: (480, 640, 3), Seems like there is a chair ahead.
Sticking to last point.
Best value: 16.30%
Step: 54 | Mode: explore | Action: 3
BLIP2ITMClient.cosine: (480, 640, 3), Seems like there is a chair ahead.
Sticking to last point.
Best value: 16.30%
Step: 55 | Mode: explore | Action: 3
BLIP2ITMClient.cosine: (480, 640, 3), Seems like there is a chair ahead.
Sticking to last point.
Best value: 16.30%
Step: 56 | Mode: explore | Action: 3
BLIP2ITMClient.cosine: (480, 640, 3), Seems like there is a chair ahead.
Sticking to last point.
Best value: 16.30%
Step: 57 | Mode: explore | Action: 1
BLIP2ITMClient.cosine: (480, 640, 3), Seems like there is a chair ahead.
Sticking to last point.
Best value: 16.30%
Step: 58 | Mode: explore | Action: 3
BLIP2ITMClient.cosine: (480, 640, 3), Seems like there is a chair ahead.
Sticking to last point.
Best value: 16.30%
Step: 59 | Mode: explore | Action: 1
BLIP2ITMClient.cosine: (480, 640, 3), Seems like there is a chair ahead.
Sticking to last point.
Best value: 16.30%
Step: 60 | Mode: explore | Action: 2
BLIP2ITMClient.cosine: (480, 640, 3), Seems like there is a chair ahead.
Sticking to last point.
Best value: 16.30%
Step: 61 | Mode: explore | Action: 1
BLIP2ITMClient.cosine: (480, 640, 3), Seems like there is a chair ahead.
Sticking to last point.
Best value: 16.30%
Step: 62 | Mode: explore | Action: 1
BLIP2ITMClient.cosine: (480, 640, 3), Seems like there is a chair ahead.
Sticking to last point.
Best value: 16.30%
Step: 63 | Mode: explore | Action: 1
BLIP2ITMClient.cosine: (480, 640, 3), Seems like there is a chair ahead.
Sticking to last point.
Best value: 16.30%
Step: 64 | Mode: explore | Action: 1
BLIP2ITMClient.cosine: (480, 640, 3), Seems like there is a chair ahead.
Sticking to last point.
Best value: 16.30%
Step: 65 | Mode: explore | Action: 1
BLIP2ITMClient.cosine: (480, 640, 3), Seems like there is a chair ahead.
Sticking to last point.
Best value: 18.37%
Step: 66 | Mode: explore | Action: 1
BLIP2ITMClient.cosine: (480, 640, 3), Seems like there is a chair ahead.
Best value: 21.28%
Step: 67 | Mode: explore | Action: 1
BLIP2ITMClient.cosine: (480, 640, 3), Seems like there is a chair ahead.
Sticking to last point.
Best value: 21.28%
Step: 68 | Mode: explore | Action: 1
BLIP2ITMClient.cosine: (480, 640, 3), Seems like there is a chair ahead.
Sticking to last point.
Best value: 21.28%
Step: 69 | Mode: explore | Action: 1
BLIP2ITMClient.cosine: (480, 640, 3), Seems like there is a chair ahead.
Sticking to last point.
Best value: 21.28%
Step: 70 | Mode: explore | Action: 1
BLIP2ITMClient.cosine: (480, 640, 3), Seems like there is a chair ahead.
Sticking to last point.
Best value: 21.28%
Step: 71 | Mode: explore | Action: 2
BLIP2ITMClient.cosine: (480, 640, 3), Seems like there is a chair ahead.
Sticking to last point.
Best value: 21.41%
Step: 72 | Mode: explore | Action: 1
BLIP2ITMClient.cosine: (480, 640, 3), Seems like there is a chair ahead.
Sticking to last point.
Best value: 21.41%
Step: 73 | Mode: explore | Action: 1
BLIP2ITMClient.cosine: (480, 640, 3), Seems like there is a chair ahead.
Sticking to last point.
Best value: 21.41%
Step: 74 | Mode: explore | Action: 2
BLIP2ITMClient.cosine: (480, 640, 3), Seems like there is a chair ahead.
Best value: 22.49%
Step: 75 | Mode: explore | Action: 2
BLIP2ITMClient.cosine: (480, 640, 3), Seems like there is a chair ahead.
Best value: 18.49%
Step: 76 | Mode: explore | Action: 1
BLIP2ITMClient.cosine: (480, 640, 3), Seems like there is a chair ahead.
Best value: 17.71%
Step: 77 | Mode: explore | Action: 3
BLIP2ITMClient.cosine: (480, 640, 3), Seems like there is a chair ahead.
Sticking to last point.
Best value: 17.71%
Step: 78 | Mode: explore | Action: 3
BLIP2ITMClient.cosine: (480, 640, 3), Seems like there is a chair ahead.
Sticking to last point.
Best value: 19.40%
Step: 79 | Mode: explore | Action: 3
BLIP2ITMClient.cosine: (480, 640, 3), Seems like there is a chair ahead.
Best value: 17.37%
Step: 80 | Mode: explore | Action: 3
BLIP2ITMClient.cosine: (480, 640, 3), Seems like there is a chair ahead.
Sticking to last point.
Best value: 17.37%
Step: 81 | Mode: explore | Action: 3
BLIP2ITMClient.cosine: (480, 640, 3), Seems like there is a chair ahead.
Sticking to last point.
Best value: 17.37%
Step: 82 | Mode: explore | Action: 3
BLIP2ITMClient.cosine: (480, 640, 3), Seems like there is a chair ahead.
Sticking to last point.
Best value: 17.37%
Step: 83 | Mode: explore | Action: 3
BLIP2ITMClient.cosine: (480, 640, 3), Seems like there is a chair ahead.
Sticking to last point.
Best value: 17.37%
Step: 84 | Mode: explore | Action: 3
BLIP2ITMClient.cosine: (480, 640, 3), Seems like there is a chair ahead.
Sticking to last point.
Best value: 17.60%
Step: 85 | Mode: explore | Action: 1
BLIP2ITMClient.cosine: (480, 640, 3), Seems like there is a chair ahead.
Sticking to last point.
Best value: 18.90%
Step: 86 | Mode: explore | Action: 1
BLIP2ITMClient.cosine: (480, 640, 3), Seems like there is a chair ahead.
Best value: 17.67%
Step: 87 | Mode: explore | Action: 1
BLIP2ITMClient.cosine: (480, 640, 3), Seems like there is a chair ahead.
Sticking to last point.
Best value: 17.42%
Step: 88 | Mode: explore | Action: 1
BLIP2ITMClient.cosine: (480, 640, 3), Seems like there is a chair ahead.
Sticking to last point.
Best value: 17.37%
Step: 89 | Mode: explore | Action: 1
BLIP2ITMClient.cosine: (480, 640, 3), Seems like there is a chair ahead.
Sticking to last point.
Best value: 17.37%
Step: 90 | Mode: explore | Action: 1
BLIP2ITMClient.cosine: (480, 640, 3), Seems like there is a chair ahead.
Sticking to last point.
Best value: 17.37%
Step: 91 | Mode: explore | Action: 1
BLIP2ITMClient.cosine: (480, 640, 3), Seems like there is a chair ahead.
Sticking to last point.
Best value: 17.37%
Step: 92 | Mode: explore | Action: 1
BLIP2ITMClient.cosine: (480, 640, 3), Seems like there is a chair ahead.
Sticking to last point.
Best value: 17.37%
Step: 93 | Mode: explore | Action: 2
BLIP2ITMClient.cosine: (480, 640, 3), Seems like there is a chair ahead.
Sticking to last point.
Best value: 18.62%
Step: 94 | Mode: explore | Action: 1
BLIP2ITMClient.cosine: (480, 640, 3), Seems like there is a chair ahead.
Best value: 17.46%
Step: 95 | Mode: explore | Action: 1
BLIP2ITMClient.cosine: (480, 640, 3), Seems like there is a chair ahead.
Sticking to last point.
Best value: 18.90%
Step: 96 | Mode: explore | Action: 1
BLIP2ITMClient.cosine: (480, 640, 3), Seems like there is a chair ahead.
Sticking to last point.
Best value: 18.92%
Step: 97 | Mode: explore | Action: 1
BLIP2ITMClient.cosine: (480, 640, 3), Seems like there is a chair ahead.
Sticking to last point.
Best value: 19.13%
Step: 98 | Mode: explore | Action: 2
BLIP2ITMClient.cosine: (480, 640, 3), Seems like there is a chair ahead.
Best value: 17.12%
Step: 99 | Mode: explore | Action: 1
BLIP2ITMClient.cosine: (480, 640, 3), Seems like there is a chair ahead.
Sticking to last point.
Best value: 17.99%
Step: 100 | Mode: explore | Action: 1
BLIP2ITMClient.cosine: (480, 640, 3), Seems like there is a chair ahead.
Sticking to last point.
Best value: 18.80%
Step: 101 | Mode: explore | Action: 2
BLIP2ITMClient.cosine: (480, 640, 3), Seems like there is a chair ahead.
Best value: 16.03%
Step: 102 | Mode: explore | Action: 1
BLIP2ITMClient.cosine: (480, 640, 3), Seems like there is a chair ahead.
Sticking to last point.
Best value: 16.03%
Step: 103 | Mode: explore | Action: 2
BLIP2ITMClient.cosine: (480, 640, 3), Seems like there is a chair ahead.
Sticking to last point.
Best value: 16.03%
Step: 104 | Mode: explore | Action: 2
BLIP2ITMClient.cosine: (480, 640, 3), Seems like there is a chair ahead.
Sticking to last point.
Best value: 16.03%
Step: 105 | Mode: explore | Action: 2
BLIP2ITMClient.cosine: (480, 640, 3), Seems like there is a chair ahead.
Sticking to last point.
Best value: 16.03%
Step: 106 | Mode: explore | Action: 2
BLIP2ITMClient.cosine: (480, 640, 3), Seems like there is a chair ahead.
Sticking to last point.
Best value: 16.03%
Step: 107 | Mode: explore | Action: 2
BLIP2ITMClient.cosine: (480, 640, 3), Seems like there is a chair ahead.
Sticking to last point.
Best value: 16.03%
Step: 108 | Mode: explore | Action: 2
BLIP2ITMClient.cosine: (480, 640, 3), Seems like there is a chair ahead.
Sticking to last point.
Best value: 16.03%
Step: 109 | Mode: explore | Action: 1
BLIP2ITMClient.cosine: (480, 640, 3), Seems like there is a chair ahead.
Sticking to last point.
Best value: 16.03%
Step: 110 | Mode: explore | Action: 1
BLIP2ITMClient.cosine: (480, 640, 3), Seems like there is a chair ahead.
Sticking to last point.
Best value: 16.03%
Step: 111 | Mode: explore | Action: 3
BLIP2ITMClient.cosine: (480, 640, 3), Seems like there is a chair ahead.
Sticking to last point.
Best value: 16.03%
Step: 112 | Mode: explore | Action: 1
BLIP2ITMClient.cosine: (480, 640, 3), Seems like there is a chair ahead.
Sticking to last point.
Best value: 16.03%
Step: 113 | Mode: explore | Action: 3
BLIP2ITMClient.cosine: (480, 640, 3), Seems like there is a chair ahead.
Sticking to last point.
Best value: 16.03%
Step: 114 | Mode: explore | Action: 1
BLIP2ITMClient.cosine: (480, 640, 3), Seems like there is a chair ahead.
Sticking to last point.
Best value: 16.03%
Step: 115 | Mode: explore | Action: 1
BLIP2ITMClient.cosine: (480, 640, 3), Seems like there is a chair ahead.
Sticking to last point.
Best value: 16.03%
Step: 116 | Mode: explore | Action: 1
BLIP2ITMClient.cosine: (480, 640, 3), Seems like there is a chair ahead.
Sticking to last point.
Best value: 16.03%
Step: 117 | Mode: explore | Action: 1
BLIP2ITMClient.cosine: (480, 640, 3), Seems like there is a chair ahead.
Sticking to last point.
Best value: 16.03%
Step: 118 | Mode: explore | Action: 3
BLIP2ITMClient.cosine: (480, 640, 3), Seems like there is a chair ahead.
Sticking to last point.
Best value: 16.07%
Step: 119 | Mode: explore | Action: 1
BLIP2ITMClient.cosine: (480, 640, 3), Seems like there is a chair ahead.
Sticking to last point.
Best value: 16.13%
Step: 120 | Mode: explore | Action: 1
BLIP2ITMClient.cosine: (480, 640, 3), Seems like there is a chair ahead.
Sticking to last point.
Best value: 15.53%
Step: 121 | Mode: explore | Action: 1
BLIP2ITMClient.cosine: (480, 640, 3), Seems like there is a chair ahead.
Sticking to last point.
Best value: 16.08%
Step: 122 | Mode: explore | Action: 1
BLIP2ITMClient.cosine: (480, 640, 3), Seems like there is a chair ahead.
Sticking to last point.
Best value: 16.20%
Step: 123 | Mode: explore | Action: 1
BLIP2ITMClient.cosine: (480, 640, 3), Seems like there is a chair ahead.
Sticking to last point.
Best value: 17.55%
Step: 124 | Mode: explore | Action: 1
BLIP2ITMClient.cosine: (480, 640, 3), Seems like there is a chair ahead.
Best value: 20.28%
Step: 125 | Mode: explore | Action: 1
BLIP2ITMClient.cosine: (480, 640, 3), Seems like there is a chair ahead.
Sticking to last point.
Best value: 20.28%
Step: 126 | Mode: explore | Action: 2
BLIP2ITMClient.cosine: (480, 640, 3), Seems like there is a chair ahead.
Sticking to last point.
Best value: 20.28%
Step: 127 | Mode: explore | Action: 1
BLIP2ITMClient.cosine: (480, 640, 3), Seems like there is a chair ahead.
Step: 128 | Mode: navigate | Action: 2
BLIP2ITMClient.cosine: (480, 640, 3), Seems like there is a chair ahead.
Step: 129 | Mode: navigate | Action: 1
BLIP2ITMClient.cosine: (480, 640, 3), Seems like there is a chair ahead.
Step: 130 | Mode: navigate | Action: 2
BLIP2ITMClient.cosine: (480, 640, 3), Seems like there is a chair ahead.
Step: 131 | Mode: navigate | Action: 3
BLIP2ITMClient.cosine: (480, 640, 3), Seems like there is a chair ahead.
Step: 132 | Mode: navigate | Action: 3
BLIP2ITMClient.cosine: (480, 640, 3), Seems like there is a chair ahead.
Step: 133 | Mode: navigate | Action: 1
BLIP2ITMClient.cosine: (480, 640, 3), Seems like there is a chair ahead.
Step: 134 | Mode: navigate | Action: 1
BLIP2ITMClient.cosine: (480, 640, 3), Seems like there is a chair ahead.
Step: 135 | Mode: navigate | Action: 2
 47%|████▋     | 14/30 [11:31<09:03, 33.94s/it]BLIP2ITMClient.cosine: (480, 640, 3), Seems like there is a chair ahead.
Step: 136 | Mode: navigate | Action: 1
BLIP2ITMClient.cosine: (480, 640, 3), Seems like there is a chair ahead.
Step: 137 | Mode: navigate | Action: 1
BLIP2ITMClient.cosine: (480, 640, 3), Seems like there is a chair ahead.
Step: 138 | Mode: navigate | Action: 1
BLIP2ITMClient.cosine: (480, 640, 3), Seems like there is a chair ahead.
Step: 139 | Mode: navigate | Action: 1
BLIP2ITMClient.cosine: (480, 640, 3), Seems like there is a chair ahead.
Step: 140 | Mode: navigate | Action: 1
BLIP2ITMClient.cosine: (480, 640, 3), Seems like there is a chair ahead.
Step: 141 | Mode: navigate | Action: 2
BLIP2ITMClient.cosine: (480, 640, 3), Seems like there is a chair ahead.
Step: 142 | Mode: navigate | Action: 1
BLIP2ITMClient.cosine: (480, 640, 3), Seems like there is a chair ahead.
Step: 143 | Mode: navigate | Action: 1
BLIP2ITMClient.cosine: (480, 640, 3), Seems like there is a chair ahead.
Step: 144 | Mode: navigate | Action: 1
BLIP2ITMClient.cosine: (480, 640, 3), Seems like there is a chair ahead.
Step: 145 | Mode: navigate | Action: 3
BLIP2ITMClient.cosine: (480, 640, 3), Seems like there is a chair ahead.
Step: 146 | Mode: navigate | Action: 1
BLIP2ITMClient.cosine: (480, 640, 3), Seems like there is a chair ahead.
Step: 147 | Mode: navigate | Action: 1
BLIP2ITMClient.cosine: (480, 640, 3), Seems like there is a chair ahead.
Step: 148 | Mode: navigate | Action: 1
BLIP2ITMClient.cosine: (480, 640, 3), Seems like there is a chair ahead.
Step: 149 | Mode: navigate | Action: 1
BLIP2ITMClient.cosine: (480, 640, 3), Seems like there is a chair ahead.
Step: 150 | Mode: navigate | Action: 1
BLIP2ITMClient.cosine: (480, 640, 3), Seems like there is a chair ahead.
Step: 151 | Mode: navigate | Action: 1
BLIP2ITMClient.cosine: (480, 640, 3), Seems like there is a chair ahead.
Step: 152 | Mode: navigate | Action: 0
Success rate: 28.57% (4 out of 14)
Logging episode 0009 to results/pilot/vlfm_original_jsons/9_TEEsavR23oF.json
BLIP2ITMClient.cosine: (480, 640, 3), Seems like there is a bed ahead.
Step: 0 | Mode: initialize | Action: 2
BLIP2ITMClient.cosine: (480, 640, 3), Seems like there is a bed ahead.
Step: 1 | Mode: initialize | Action: 2
BLIP2ITMClient.cosine: (480, 640, 3), Seems like there is a bed ahead.
Step: 2 | Mode: initialize | Action: 2
BLIP2ITMClient.cosine: (480, 640, 3), Seems like there is a bed ahead.
Step: 3 | Mode: initialize | Action: 2
BLIP2ITMClient.cosine: (480, 640, 3), Seems like there is a bed ahead.
Step: 4 | Mode: initialize | Action: 2
BLIP2ITMClient.cosine: (480, 640, 3), Seems like there is a bed ahead.
Step: 5 | Mode: initialize | Action: 2
BLIP2ITMClient.cosine: (480, 640, 3), Seems like there is a bed ahead.
Step: 6 | Mode: initialize | Action: 2
BLIP2ITMClient.cosine: (480, 640, 3), Seems like there is a bed ahead.
Step: 7 | Mode: initialize | Action: 2
BLIP2ITMClient.cosine: (480, 640, 3), Seems like there is a bed ahead.
Step: 8 | Mode: initialize | Action: 2
BLIP2ITMClient.cosine: (480, 640, 3), Seems like there is a bed ahead.
Step: 9 | Mode: initialize | Action: 2
BLIP2ITMClient.cosine: (480, 640, 3), Seems like there is a bed ahead.
Step: 10 | Mode: initialize | Action: 2
BLIP2ITMClient.cosine: (480, 640, 3), Seems like there is a bed ahead.
Step: 11 | Mode: initialize | Action: 2
BLIP2ITMClient.cosine: (480, 640, 3), Seems like there is a bed ahead.
Best value: 11.09%
Step: 12 | Mode: explore | Action: 1
BLIP2ITMClient.cosine: (480, 640, 3), Seems like there is a bed ahead.
Sticking to last point.
Best value: 11.09%
Step: 13 | Mode: explore | Action: 2
BLIP2ITMClient.cosine: (480, 640, 3), Seems like there is a bed ahead.
Sticking to last point.
Best value: 10.99%
Step: 14 | Mode: explore | Action: 2
BLIP2ITMClient.cosine: (480, 640, 3), Seems like there is a bed ahead.
Sticking to last point.
Best value: 11.08%
Step: 15 | Mode: explore | Action: 1
BLIP2ITMClient.cosine: (480, 640, 3), Seems like there is a bed ahead.
Sticking to last point.
Best value: 11.46%
Step: 16 | Mode: explore | Action: 1
BLIP2ITMClient.cosine: (480, 640, 3), Seems like there is a bed ahead.
Sticking to last point.
Best value: 11.72%
Step: 17 | Mode: explore | Action: 1
BLIP2ITMClient.cosine: (480, 640, 3), Seems like there is a bed ahead.
Sticking to last point.
Best value: 11.97%
Step: 18 | Mode: explore | Action: 1
BLIP2ITMClient.cosine: (480, 640, 3), Seems like there is a bed ahead.
Sticking to last point.
Best value: 11.85%
Step: 19 | Mode: explore | Action: 1
BLIP2ITMClient.cosine: (480, 640, 3), Seems like there is a bed ahead.
Sticking to last point.
Best value: 11.85%
Step: 20 | Mode: explore | Action: 1
BLIP2ITMClient.cosine: (480, 640, 3), Seems like there is a bed ahead.
Best value: 11.73%
Step: 21 | Mode: explore | Action: 2
BLIP2ITMClient.cosine: (480, 640, 3), Seems like there is a bed ahead.
Sticking to last point.
Best value: 11.32%
Step: 22 | Mode: explore | Action: 1
BLIP2ITMClient.cosine: (480, 640, 3), Seems like there is a bed ahead.
Sticking to last point.
Best value: 11.60%
Step: 23 | Mode: explore | Action: 1
BLIP2ITMClient.cosine: (480, 640, 3), Seems like there is a bed ahead.
Sticking to last point.
Best value: 11.99%
Step: 24 | Mode: explore | Action: 1
BLIP2ITMClient.cosine: (480, 640, 3), Seems like there is a bed ahead.
Sticking to last point.
Best value: 11.66%
Step: 25 | Mode: explore | Action: 1
BLIP2ITMClient.cosine: (480, 640, 3), Seems like there is a bed ahead.
Sticking to last point.
Best value: 11.80%
Step: 26 | Mode: explore | Action: 1
BLIP2ITMClient.cosine: (480, 640, 3), Seems like there is a bed ahead.
Sticking to last point.
Best value: 11.55%
Step: 27 | Mode: explore | Action: 1
BLIP2ITMClient.cosine: (480, 640, 3), Seems like there is a bed ahead.
Sticking to last point.
Best value: 11.36%
Step: 28 | Mode: explore | Action: 1
BLIP2ITMClient.cosine: (480, 640, 3), Seems like there is a bed ahead.
Sticking to last point.
Best value: 11.68%
Step: 29 | Mode: explore | Action: 1
BLIP2ITMClient.cosine: (480, 640, 3), Seems like there is a bed ahead.
Sticking to last point.
Best value: 12.04%
Step: 30 | Mode: explore | Action: 1
BLIP2ITMClient.cosine: (480, 640, 3), Seems like there is a bed ahead.
Sticking to last point.
Best value: 12.08%
Step: 31 | Mode: explore | Action: 1
BLIP2ITMClient.cosine: (480, 640, 3), Seems like there is a bed ahead.
Sticking to last point.
Best value: 11.70%
Step: 32 | Mode: explore | Action: 1
BLIP2ITMClient.cosine: (480, 640, 3), Seems like there is a bed ahead.
Sticking to last point.
Best value: 11.37%
Step: 33 | Mode: explore | Action: 2
BLIP2ITMClient.cosine: (480, 640, 3), Seems like there is a bed ahead.
Sticking to last point.
Best value: 11.51%
Step: 34 | Mode: explore | Action: 1
BLIP2ITMClient.cosine: (480, 640, 3), Seems like there is a bed ahead.
Sticking to last point.
Best value: 11.89%
Step: 35 | Mode: explore | Action: 1
BLIP2ITMClient.cosine: (480, 640, 3), Seems like there is a bed ahead.
Sticking to last point.
Best value: 11.85%
Step: 36 | Mode: explore | Action: 1
BLIP2ITMClient.cosine: (480, 640, 3), Seems like there is a bed ahead.
Best value: 12.22%
Step: 37 | Mode: explore | Action: 3
BLIP2ITMClient.cosine: (480, 640, 3), Seems like there is a bed ahead.
Sticking to last point.
Best value: 11.82%
Step: 38 | Mode: explore | Action: 1
BLIP2ITMClient.cosine: (480, 640, 3), Seems like there is a bed ahead.
Sticking to last point.
Best value: 11.69%
Step: 39 | Mode: explore | Action: 1
BLIP2ITMClient.cosine: (480, 640, 3), Seems like there is a bed ahead.
Sticking to last point.
Best value: 11.13%
Step: 40 | Mode: explore | Action: 1
BLIP2ITMClient.cosine: (480, 640, 3), Seems like there is a bed ahead.
Sticking to last point.
Best value: 11.96%
Step: 41 | Mode: explore | Action: 1
BLIP2ITMClient.cosine: (480, 640, 3), Seems like there is a bed ahead.
Sticking to last point.
Best value: 11.79%
Step: 42 | Mode: explore | Action: 1
BLIP2ITMClient.cosine: (480, 640, 3), Seems like there is a bed ahead.
Sticking to last point.
Best value: 12.87%
Step: 43 | Mode: explore | Action: 1
BLIP2ITMClient.cosine: (480, 640, 3), Seems like there is a bed ahead.
Sticking to last point.[11:49:29:086895]:[Physics] PhysicsManager.cpp(54)::~PhysicsManager : Deconstructing PhysicsManager
[11:49:29:086938]:[Scene] SceneManager.h(21)::~SceneManager : Deconstructing SceneManager
[11:49:29:086941]:[Scene] SceneGraph.h(25)::~SceneGraph : Deconstructing SceneGraph
[11:49:29:087162]:[Sensor] Sensor.cpp(69)::~Sensor : Deconstructing Sensor
[11:49:29:087323]:[Sensor] Sensor.cpp(69)::~Sensor : Deconstructing Sensor
[11:49:29:087331]:[Scene] SceneGraph.h(25)::~SceneGraph : Deconstructing SceneGraph
[11:49:29:087440]:[Scene] SemanticScene.h(48)::~SemanticScene : Deconstructing SemanticScene
[11:49:29:089532]:[Gfx] Renderer.cpp(71)::~Impl : Deconstructing Renderer
[11:49:29:089572]:[Gfx] WindowlessContext.h(17)::~WindowlessContext : Deconstructing WindowlessContext
[11:49:29:092318]:[Metadata] MetadataMediator.cpp(66)::setSimulatorConfiguration : Set new simulator config for scene/stage : data/scene_datasets/hm3d/val/00802-wcojb4TFT35/wcojb4TFT35.basis.glb and dataset : ./data/scene_datasets/hm3d/hm3d_annotated_basis.scene_dataset_config.json which is currently active dataset.
Renderer: NVIDIA GeForce RTX 5060 Ti/PCIe/SSE2 by NVIDIA Corporation
OpenGL version: 4.6.0 NVIDIA 590.48.01
Using optional features:
    GL_ARB_vertex_array_object
    GL_ARB_separate_shader_objects
    GL_ARB_robustness
    GL_ARB_texture_storage
    GL_ARB_texture_view
    GL_ARB_framebuffer_no_attachments
    GL_ARB_invalidate_subdata
    GL_ARB_texture_storage_multisample
    GL_ARB_multi_bind
    GL_ARB_direct_state_access
    GL_ARB_get_texture_sub_image
    GL_ARB_texture_filter_anisotropic
    GL_KHR_debug
    GL_KHR_parallel_shader_compile
    GL_NV_depth_buffer_float
Using driver workarounds:
    no-forward-compatible-core-context
    nv-egl-incorrect-gl11-function-pointers
    no-layout-qualifiers-on-old-glsl
    nv-zero-context-profile-mask
    nv-implementation-color-read-format-dsa-broken
    nv-cubemap-inconsistent-compressed-image-size
    nv-cubemap-broken-full-compressed-image-query
    nv-compressed-block-size-in-bits
[11:49:29:095093]:[Metadata] MetadataMediator.cpp(279)::getSceneInstanceAttributesByName : No existing scene instance attributes containing name data/scene_datasets/hm3d/val/00802-wcojb4TFT35/wcojb4TFT35.basis.glb found in Dataset : ./data/scene_datasets/hm3d/hm3d_annotated_basis.scene_dataset_config.json but 1 StageAttributes found.  Using ./data/scene_datasets/hm3d/val/00802-wcojb4TFT35/wcojb4TFT35.basis.glb as stage and to construct a SceneInstanceAttributes with same name that will be added to Dataset.
[11:49:29:095136]:[Metadata] SceneDatasetAttributes.cpp(47)::addNewSceneInstanceToDataset : Dataset : 'hm3d_annotated_basis' : Stage Attributes './data/scene_datasets/hm3d/val/00802-wcojb4TFT35/wcojb4TFT35.basis.glb' specified in Scene Attributes exists in dataset library.
[11:49:29:095141]:[Metadata] SceneDatasetAttributes.cpp(90)::addNewSceneInstanceToDataset : Dataset : 'hm3d_annotated_basis' :  Lighting Layout Attributes no_lights specified in Scene Attributes exists in dataset library.
[11:49:29:095146]:[Sim] Simulator.cpp(235)::createSceneInstance : Navmesh file location in scene instance : ./data/scene_datasets/hm3d/val/00802-wcojb4TFT35/wcojb4TFT35.basis.navmesh
[11:49:29:095151]:[Sim] Simulator.cpp(240)::createSceneInstance : Loading navmesh from ./data/scene_datasets/hm3d/val/00802-wcojb4TFT35/wcojb4TFT35.basis.navmesh
[11:49:29:099041]:[Sim] Simulator.cpp(242)::createSceneInstance : Navmesh Loaded.
[11:49:29:099072]:[Scene] SceneGraph.h(85)::createDrawableGroup : Created DrawableGroup: 
[11:49:29:099083]:[Assets] ResourceManager.cpp(308)::loadSemanticSceneDescriptor : SceneInstance : data/scene_datasets/hm3d/val/00802-wcojb4TFT35/wcojb4TFT35.basis.glb proposed Semantic Scene Descriptor filename : ./data/scene_datasets/hm3d/val/00802-wcojb4TFT35/wcojb4TFT35.semantic.txt
[11:49:29:100451]:[Assets] ResourceManager.cpp(319)::loadSemanticSceneDescriptor : SSD with SceneInstanceAttributes-provided name  ./data/scene_datasets/hm3d/val/00802-wcojb4TFT35/wcojb4TFT35.semantic.txt successfully found and loaded
[11:49:29:100470]:[Assets] ResourceManager.cpp(1666)::configureImporterManagerGLExtensions : Importing Basis files as BC7.
[11:49:29:100635]:[Sim] Simulator.cpp(309)::createSceneInstance : Using scene instance-specified Light key : - no_lights -
[11:49:29:100642]:[Metadata] MetadataMediator.cpp(66)::setSimulatorConfiguration : Set new simulator config for scene/stage : data/scene_datasets/hm3d/val/00802-wcojb4TFT35/wcojb4TFT35.basis.glb and dataset : ./data/scene_datasets/hm3d/hm3d_annotated_basis.scene_dataset_config.json which is currently active dataset.
[11:49:29:100668]:[Sim] Simulator.cpp(419)::instanceStageForSceneAttributes : Start to load stage named : ./data/scene_datasets/hm3d/val/00802-wcojb4TFT35/wcojb4TFT35.basis.glb with render asset : ./data/scene_datasets/hm3d/val/00802-wcojb4TFT35/wcojb4TFT35.basis.glb and collision asset : ./data/scene_datasets/hm3d/val/00802-wcojb4TFT35/wcojb4TFT35.basis.glb
[11:49:29:100688]:[Assets] ResourceManager.cpp(702)::createStageAssetInfosFromAttributes : Frame :{"up":[0,0,1],"front":[0,1,0],"origin":[0,0,0]} for render mesh named : ./data/scene_datasets/hm3d/val/00802-wcojb4TFT35/wcojb4TFT35.basis.glb|{"up":[0,0,1],"front":[0,1,0],"origin":[0,0,0]} for semantic mesh named : ./data/scene_datasets/hm3d/val/00802-wcojb4TFT35/wcojb4TFT35.semantic.glb with type specified as semantic|Semantic Txtrs : True
[11:49:29:100693]:[Assets] ResourceManager.cpp(442)::loadStage : Loading Semantic Stage mesh : ./data/scene_datasets/hm3d/val/00802-wcojb4TFT35/wcojb4TFT35.semantic.glb
[11:49:29:100697]:[Scene] SceneGraph.h(85)::createDrawableGroup : Created DrawableGroup: 
[11:49:29:100700]:[Assets] ResourceManager.cpp(984)::loadStageInternal : Attempting to load stage ./data/scene_datasets/hm3d/val/00802-wcojb4TFT35/wcojb4TFT35.semantic.glb 
[11:49:29:100703]:[Assets] ResourceManager.cpp(863)::loadRenderAsset : Loading Semantic Mesh asset named: ./data/scene_datasets/hm3d/val/00802-wcojb4TFT35/wcojb4TFT35.semantic.glb
[11:49:29:100707]:[Assets] ResourceManager.cpp(1666)::configureImporterManagerGLExtensions : Importing Basis files as BC7.
[11:49:31:400668]:[Assets] ResourceManager.cpp(2105)::loadMaterials : Building 65 materials for asset named 'wcojb4TFT35.semantic.glb' : 
[11:49:31:442850]:[Assets] ResourceManager.cpp(475)::loadStage : Semantic Stage mesh : ./data/scene_datasets/hm3d/val/00802-wcojb4TFT35/wcojb4TFT35.semantic.glb loaded.
[11:49:31:442876]:[Assets] ResourceManager.cpp(518)::loadStage : Start load render asset ./data/scene_datasets/hm3d/val/00802-wcojb4TFT35/wcojb4TFT35.basis.glb .
[11:49:31:442879]:[Assets] ResourceManager.cpp(984)::loadStageInternal : Attempting to load stage ./data/scene_datasets/hm3d/val/00802-wcojb4TFT35/wcojb4TFT35.basis.glb 
[11:49:31:442887]:[Assets] ResourceManager.cpp(866)::loadRenderAsset : Loading general asset named: ./data/scene_datasets/hm3d/val/00802-wcojb4TFT35/wcojb4TFT35.basis.glb
[11:49:31:442891]:[Assets] ResourceManager.cpp(1666)::configureImporterManagerGLExtensions : Importing Basis files as BC7.
[11:49:32:653380]:[Assets] ResourceManager.cpp(2105)::loadMaterials : Building 65 materials for asset named 'wcojb4TFT35.basis.glb' : 
[11:49:32:653431]:[Assets] ResourceManager.cpp(2210)::loadMaterials : Idx 00:Flat.
[11:49:32:653443]:[Assets] ResourceManager.cpp(2210)::loadMaterials : Idx 01:Flat.
[11:49:32:653451]:[Assets] ResourceManager.cpp(2210)::loadMaterials : Idx 02:Flat.
[11:49:32:653458]:[Assets] ResourceManager.cpp(2210)::loadMaterials : Idx 03:Flat.
[11:49:32:653465]:[Assets] ResourceManager.cpp(2210)::loadMaterials : Idx 04:Flat.
[11:49:32:653473]:[Assets] ResourceManager.cpp(2210)::loadMaterials : Idx 05:Flat.
[11:49:32:653480]:[Assets] ResourceManager.cpp(2210)::loadMaterials : Idx 06:Flat.
[11:49:32:653488]:[Assets] ResourceManager.cpp(2210)::loadMaterials : Idx 07:Flat.
[11:49:32:653495]:[Assets] ResourceManager.cpp(2210)::loadMaterials : Idx 08:Flat.
[11:49:32:653502]:[Assets] ResourceManager.cpp(2210)::loadMaterials : Idx 09:Flat.
[11:49:32:653509]:[Assets] ResourceManager.cpp(2210)::loadMaterials : Idx 10:Flat.
[11:49:32:653516]:[Assets] ResourceManager.cpp(2210)::loadMaterials : Idx 11:Flat.
[11:49:32:653522]:[Assets] ResourceManager.cpp(2210)::loadMaterials : Idx 12:Flat.
[11:49:32:653529]:[Assets] ResourceManager.cpp(2210)::loadMaterials : Idx 13:Flat.
[11:49:32:653536]:[Assets] ResourceManager.cpp(2210)::loadMaterials : Idx 14:Flat.
[11:49:32:653543]:[Assets] ResourceManager.cpp(2210)::loadMaterials : Idx 15:Flat.
[11:49:32:653550]:[Assets] ResourceManager.cpp(2210)::loadMaterials : Idx 16:Flat.
[11:49:32:653556]:[Assets] ResourceManager.cpp(2210)::loadMaterials : Idx 17:Flat.
[11:49:32:653563]:[Assets] ResourceManager.cpp(2210)::loadMaterials : Idx 18:Flat.
[11:49:32:653570]:[Assets] ResourceManager.cpp(2210)::loadMaterials : Idx 19:Flat.
[11:49:32:653577]:[Assets] ResourceManager.cpp(2210)::loadMaterials : Idx 20:Flat.
[11:49:32:653584]:[Assets] ResourceManager.cpp(2210)::loadMaterials : Idx 21:Flat.
[11:49:32:653590]:[Assets] ResourceManager.cpp(2210)::loadMaterials : Idx 22:Flat.
[11:49:32:653597]:[Assets] ResourceManager.cpp(2210)::loadMaterials : Idx 23:Flat.
[11:49:32:653603]:[Assets] ResourceManager.cpp(2210)::loadMaterials : Idx 24:Flat.
[11:49:32:653609]:[Assets] ResourceManager.cpp(2210)::loadMaterials : Idx 25:Flat.
[11:49:32:653616]:[Assets] ResourceManager.cpp(2210)::loadMaterials : Idx 26:Flat.
[11:49:32:653623]:[Assets] ResourceManager.cpp(2210)::loadMaterials : Idx 27:Flat.
[11:49:32:653629]:[Assets] ResourceManager.cpp(2210)::loadMaterials : Idx 28:Flat.
[11:49:32:653636]:[Assets] ResourceManager.cpp(2210)::loadMaterials : Idx 29:Flat.
[11:49:32:653642]:[Assets] ResourceManager.cpp(2210)::loadMaterials : Idx 30:Flat.
[11:49:32:653649]:[Assets] ResourceManager.cpp(2210)::loadMaterials : Idx 31:Flat.
[11:49:32:653656]:[Assets] ResourceManager.cpp(2210)::loadMaterials : Idx 32:Flat.
[11:49:32:653662]:[Assets] ResourceManager.cpp(2210)::loadMaterials : Idx 33:Flat.
[11:49:32:653668]:[Assets] ResourceManager.cpp(2210)::loadMaterials : Idx 34:Flat.
[11:49:32:653676]:[Assets] ResourceManager.cpp(2210)::loadMaterials : Idx 35:Flat.
[11:49:32:653682]:[Assets] ResourceManager.cpp(2210)::loadMaterials : Idx 36:Flat.
[11:49:32:653689]:[Assets] ResourceManager.cpp(2210)::loadMaterials : Idx 37:Flat.
[11:49:32:653695]:[Assets] ResourceManager.cpp(2210)::loadMaterials : Idx 38:Flat.
[11:49:32:653702]:[Assets] ResourceManager.cpp(2210)::loadMaterials : Idx 39:Flat.
[11:49:32:653708]:[Assets] ResourceManager.cpp(2210)::loadMaterials : Idx 40:Flat.
[11:49:32:653715]:[Assets] ResourceManager.cpp(2210)::loadMaterials : Idx 41:Flat.
[11:49:32:653721]:[Assets] ResourceManager.cpp(2210)::loadMaterials : Idx 42:Flat.
[11:49:32:653728]:[Assets] ResourceManager.cpp(2210)::loadMaterials : Idx 43:Flat.
[11:49:32:653734]:[Assets] ResourceManager.cpp(2210)::loadMaterials : Idx 44:Flat.
[11:49:32:653741]:[Assets] ResourceManager.cpp(2210)::loadMaterials : Idx 45:Flat.
[11:49:32:653747]:[Assets] ResourceManager.cpp(2210)::loadMaterials : Idx 46:Flat.
[11:49:32:653754]:[Assets] ResourceManager.cpp(2210)::loadMaterials : Idx 47:Flat.
[11:49:32:653760]:[Assets] ResourceManager.cpp(2210)::loadMaterials : Idx 48:Flat.
[11:49:32:653767]:[Assets] ResourceManager.cpp(2210)::loadMaterials : Idx 49:Flat.
[11:49:32:653774]:[Assets] ResourceManager.cpp(2210)::loadMaterials : Idx 50:Flat.
[11:49:32:653780]:[Assets] ResourceManager.cpp(2210)::loadMaterials : Idx 51:Flat.
[11:49:32:653787]:[Assets] ResourceManager.cpp(2210)::loadMaterials : Idx 52:Flat.
[11:49:32:653793]:[Assets] ResourceManager.cpp(2210)::loadMaterials : Idx 53:Flat.
[11:49:32:653799]:[Assets] ResourceManager.cpp(2210)::loadMaterials : Idx 54:Flat.
[11:49:32:653807]:[Assets] ResourceManager.cpp(2210)::loadMaterials : Idx 55:Flat.
[11:49:32:653813]:[Assets] ResourceManager.cpp(2210)::loadMaterials : Idx 56:Flat.
[11:49:32:653819]:[Assets] ResourceManager.cpp(2210)::loadMaterials : Idx 57:Flat.
[11:49:32:653826]:[Assets] ResourceManager.cpp(2210)::loadMaterials : Idx 58:Flat.
[11:49:32:653832]:[Assets] ResourceManager.cpp(2210)::loadMaterials : Idx 59:Flat.
[11:49:32:653844]:[Assets] ResourceManager.cpp(2210)::loadMaterials : Idx 60:Flat.
[11:49:32:653851]:[Assets] ResourceManager.cpp(2210)::loadMaterials : Idx 61:Flat.
[11:49:32:653857]:[Assets] ResourceManager.cpp(2210)::loadMaterials : Idx 62:Flat.
[11:49:32:653864]:[Assets] ResourceManager.cpp(2210)::loadMaterials : Idx 63:Flat.
[11:49:32:653870]:[Assets] ResourceManager.cpp(2210)::loadMaterials : Idx 64:Flat.
[11:49:32:728285]:[Sim] Simulator.cpp(446)::instanceStageForSceneAttributes : Successfully loaded stage named : ./data/scene_datasets/hm3d/val/00802-wcojb4TFT35/wcojb4TFT35.basis.glb
[11:49:32:728328]:[Sim] Simulator.cpp(203)::reconfigure : CreateSceneInstance success == true for active scene name : data/scene_datasets/hm3d/val/00802-wcojb4TFT35/wcojb4TFT35.basis.glb  with renderer.
[11:49:32:737551]:[Nav] PathFinder.cpp(571)::build : Building navmesh with 215 x 415 cells
[11:49:32:838825]:[Nav] PathFinder.cpp(845)::build : Created navmesh with 571 vertices 289 polygons
[11:49:32:838865]:[Sim] Simulator.cpp(908)::recomputeNavMesh : reconstruct navmesh successful
 50%|█████     | 15/30 [12:09<08:46, 35.10s/it]
Best value: 15.11%
Step: 44 | Mode: explore | Action: 1
BLIP2ITMClient.cosine: (480, 640, 3), Seems like there is a bed ahead.
Sticking to last point.
Best value: 14.55%
Step: 45 | Mode: explore | Action: 1
BLIP2ITMClient.cosine: (480, 640, 3), Seems like there is a bed ahead.
Sticking to last point.
Best value: 15.33%
Step: 46 | Mode: explore | Action: 1
BLIP2ITMClient.cosine: (480, 640, 3), Seems like there is a bed ahead.
Sticking to last point.
Best value: 15.35%
Step: 47 | Mode: explore | Action: 1
BLIP2ITMClient.cosine: (480, 640, 3), Seems like there is a bed ahead.
Sticking to last point.
Best value: 15.36%
Step: 48 | Mode: explore | Action: 3
BLIP2ITMClient.cosine: (480, 640, 3), Seems like there is a bed ahead.
Sticking to last point.
Best value: 14.39%
Step: 49 | Mode: explore | Action: 1
BLIP2ITMClient.cosine: (480, 640, 3), Seems like there is a bed ahead.
Sticking to last point.
Best value: 14.35%
Step: 50 | Mode: explore | Action: 2
BLIP2ITMClient.cosine: (480, 640, 3), Seems like there is a bed ahead.
Sticking to last point.
Best value: 15.14%
Step: 51 | Mode: explore | Action: 2
BLIP2ITMClient.cosine: (480, 640, 3), Seems like there is a bed ahead.
Sticking to last point.
Best value: 14.72%
Step: 52 | Mode: explore | Action: 2
BLIP2ITMClient.cosine: (480, 640, 3), Seems like there is a bed ahead.
Sticking to last point.
Best value: 17.26%
Step: 53 | Mode: explore | Action: 3
BLIP2ITMClient.cosine: (480, 640, 3), Seems like there is a bed ahead.
Best value: 15.89%
Step: 54 | Mode: explore | Action: 1
BLIP2ITMClient.cosine: (480, 640, 3), Seems like there is a bed ahead.
Best value: 19.03%
Step: 55 | Mode: explore | Action: 2
BLIP2ITMClient.cosine: (480, 640, 3), Seems like there is a bed ahead.
Best value: 13.82%
Step: 56 | Mode: explore | Action: 3
BLIP2ITMClient.cosine: (480, 640, 3), Seems like there is a bed ahead.
Sticking to last point.
Best value: 13.82%
Step: 57 | Mode: explore | Action: 3
BLIP2ITMClient.cosine: (480, 640, 3), Seems like there is a bed ahead.
Sticking to last point.
Best value: 14.33%
Step: 58 | Mode: explore | Action: 3
BLIP2ITMClient.cosine: (480, 640, 3), Seems like there is a bed ahead.
Sticking to last point.
Best value: 13.44%
Step: 59 | Mode: explore | Action: 3
BLIP2ITMClient.cosine: (480, 640, 3), Seems like there is a bed ahead.
Sticking to last point.
Best value: 13.44%
Step: 60 | Mode: explore | Action: 1
BLIP2ITMClient.cosine: (480, 640, 3), Seems like there is a bed ahead.
Sticking to last point.
Best value: 13.44%
Step: 61 | Mode: explore | Action: 1
BLIP2ITMClient.cosine: (480, 640, 3), Seems like there is a bed ahead.
Sticking to last point.
Best value: 13.44%
Step: 62 | Mode: explore | Action: 2
BLIP2ITMClient.cosine: (480, 640, 3), Seems like there is a bed ahead.
Best value: 12.27%
Step: 63 | Mode: explore | Action: 1
BLIP2ITMClient.cosine: (480, 640, 3), Seems like there is a bed ahead.
Sticking to last point.
Best value: 12.56%
Step: 64 | Mode: explore | Action: 1
BLIP2ITMClient.cosine: (480, 640, 3), Seems like there is a bed ahead.
Sticking to last point.
Best value: 12.09%
Step: 65 | Mode: explore | Action: 1
BLIP2ITMClient.cosine: (480, 640, 3), Seems like there is a bed ahead.
Sticking to last point.
Best value: 13.02%
Step: 66 | Mode: explore | Action: 1
BLIP2ITMClient.cosine: (480, 640, 3), Seems like there is a bed ahead.
Sticking to last point.
Best value: 12.70%
Step: 67 | Mode: explore | Action: 1
BLIP2ITMClient.cosine: (480, 640, 3), Seems like there is a bed ahead.
Sticking to last point.
Best value: 13.27%
Step: 68 | Mode: explore | Action: 1
BLIP2ITMClient.cosine: (480, 640, 3), Seems like there is a bed ahead.
Sticking to last point.
Best value: 13.29%
Step: 69 | Mode: explore | Action: 1
BLIP2ITMClient.cosine: (480, 640, 3), Seems like there is a bed ahead.
Sticking to last point.
Best value: 13.29%
Step: 70 | Mode: explore | Action: 1
BLIP2ITMClient.cosine: (480, 640, 3), Seems like there is a bed ahead.
Sticking to last point.
Best value: 13.29%
Step: 71 | Mode: explore | Action: 2
BLIP2ITMClient.cosine: (480, 640, 3), Seems like there is a bed ahead.
Sticking to last point.
Best value: 12.57%
Step: 72 | Mode: explore | Action: 1
BLIP2ITMClient.cosine: (480, 640, 3), Seems like there is a bed ahead.
Sticking to last point.
Best value: 12.14%
Step: 73 | Mode: explore | Action: 1
BLIP2ITMClient.cosine: (480, 640, 3), Seems like there is a bed ahead.
Sticking to last point.
Best value: 12.14%
Step: 74 | Mode: explore | Action: 2
BLIP2ITMClient.cosine: (480, 640, 3), Seems like there is a bed ahead.
Best value: 13.10%
Step: 75 | Mode: explore | Action: 2
BLIP2ITMClient.cosine: (480, 640, 3), Seems like there is a bed ahead.
Sticking to last point.
Best value: 15.17%
Step: 76 | Mode: explore | Action: 2
BLIP2ITMClient.cosine: (480, 640, 3), Seems like there is a bed ahead.
Best value: 14.50%
Step: 77 | Mode: explore | Action: 1
BLIP2ITMClient.cosine: (480, 640, 3), Seems like there is a bed ahead.
Sticking to last point.
Best value: 14.09%
Step: 78 | Mode: explore | Action: 1
BLIP2ITMClient.cosine: (480, 640, 3), Seems like there is a bed ahead.
Sticking to last point.
Best value: 13.75%
Step: 79 | Mode: explore | Action: 1
BLIP2ITMClient.cosine: (480, 640, 3), Seems like there is a bed ahead.
Sticking to last point.
Best value: 13.91%
Step: 80 | Mode: explore | Action: 1
BLIP2ITMClient.cosine: (480, 640, 3), Seems like there is a bed ahead.
Sticking to last point.
Best value: 13.91%
Step: 81 | Mode: explore | Action: 1
BLIP2ITMClient.cosine: (480, 640, 3), Seems like there is a bed ahead.
Sticking to last point.
Best value: 13.91%
Step: 82 | Mode: explore | Action: 3
BLIP2ITMClient.cosine: (480, 640, 3), Seems like there is a bed ahead.
Sticking to last point.
Best value: 18.51%
Step: 83 | Mode: explore | Action: 1
BLIP2ITMClient.cosine: (480, 640, 3), Seems like there is a bed ahead.
Step: 84 | Mode: navigate | Action: 1
BLIP2ITMClient.cosine: (480, 640, 3), Seems like there is a bed ahead.
Step: 85 | Mode: navigate | Action: 3
BLIP2ITMClient.cosine: (480, 640, 3), Seems like there is a bed ahead.
Step: 86 | Mode: navigate | Action: 1
BLIP2ITMClient.cosine: (480, 640, 3), Seems like there is a bed ahead.
Step: 87 | Mode: navigate | Action: 3
BLIP2ITMClient.cosine: (480, 640, 3), Seems like there is a bed ahead.
Step: 88 | Mode: navigate | Action: 1
BLIP2ITMClient.cosine: (480, 640, 3), Seems like there is a bed ahead.
Step: 89 | Mode: navigate | Action: 1
BLIP2ITMClient.cosine: (480, 640, 3), Seems like there is a bed ahead.
Step: 90 | Mode: navigate | Action: 2
BLIP2ITMClient.cosine: (480, 640, 3), Seems like there is a bed ahead.
Step: 91 | Mode: navigate | Action: 1
BLIP2ITMClient.cosine: (480, 640, 3), Seems like there is a bed ahead.
Step: 92 | Mode: navigate | Action: 3
BLIP2ITMClient.cosine: (480, 640, 3), Seems like there is a bed ahead.
Step: 93 | Mode: navigate | Action: 1
BLIP2ITMClient.cosine: (480, 640, 3), Seems like there is a bed ahead.
Step: 94 | Mode: navigate | Action: 1
BLIP2ITMClient.cosine: (480, 640, 3), Seems like there is a bed ahead.
Step: 95 | Mode: navigate | Action: 1
BLIP2ITMClient.cosine: (480, 640, 3), Seems like there is a bed ahead.
Step: 96 | Mode: navigate | Action: 1
BLIP2ITMClient.cosine: (480, 640, 3), Seems like there is a bed ahead.
Step: 97 | Mode: navigate | Action: 3
BLIP2ITMClient.cosine: (480, 640, 3), Seems like there is a bed ahead.
Step: 98 | Mode: navigate | Action: 1
BLIP2ITMClient.cosine: (480, 640, 3), Seems like there is a bed ahead.
Step: 99 | Mode: navigate | Action: 2
BLIP2ITMClient.cosine: (480, 640, 3), Seems like there is a bed ahead.
Step: 100 | Mode: navigate | Action: 1
BLIP2ITMClient.cosine: (480, 640, 3), Seems like there is a bed ahead.
Step: 101 | Mode: navigate | Action: 2
BLIP2ITMClient.cosine: (480, 640, 3), Seems like there is a bed ahead.
Step: 102 | Mode: navigate | Action: 1
BLIP2ITMClient.cosine: (480, 640, 3), Seems like there is a bed ahead.
Step: 103 | Mode: navigate | Action: 1
BLIP2ITMClient.cosine: (480, 640, 3), Seems like there is a bed ahead.
Step: 104 | Mode: navigate | Action: 0
Success rate: 33.33% (5 out of 15)
Logging episode 0013 to results/pilot/vlfm_original_jsons/13_TEEsavR23oF.json
BLIP2ITMClient.cosine: (480, 640, 3), Seems like there is a chair ahead.
Step: 0 | Mode: initialize | Action: 2
BLIP2ITMClient.cosine: (480, 640, 3), Seems like there is a chair ahead.
Step: 1 | Mode: initialize | Action: 2
BLIP2ITMClient.cosine: (480, 640, 3), Seems like there is a chair ahead.
Step: 2 | Mode: initialize | Action: 2
BLIP2ITMClient.cosine: (480, 640, 3), Seems like there is a chair ahead.
Step: 3 | Mode: initialize | Action: 2
BLIP2ITMClient.cosine: (480, 640, 3), Seems like there is a chair ahead.
Step: 4 | Mode: initialize | Action: 2
BLIP2ITMClient.cosine: (480, 640, 3), Seems like there is a chair ahead.
Step: 5 | Mode: initialize | Action: 2
BLIP2ITMClient.cosine: (480, 640, 3), Seems like there is a chair ahead.
Step: 6 | Mode: initialize | Action: 2
BLIP2ITMClient.cosine: (480, 640, 3), Seems like there is a chair ahead.
Step: 7 | Mode: initialize | Action: 2
BLIP2ITMClient.cosine: (480, 640, 3), Seems like there is a chair ahead.
Step: 8 | Mode: initialize | Action: 2
BLIP2ITMClient.cosine: (480, 640, 3), Seems like there is a chair ahead.
Step: 9 | Mode: initialize | Action: 2
BLIP2ITMClient.cosine: (480, 640, 3), Seems like there is a chair ahead.
Step: 10 | Mode: initialize | Action: 2
BLIP2ITMClient.cosine: (480, 640, 3), Seems like there is a chair ahead.
Step: 11 | Mode: initialize | Action: 2
BLIP2ITMClient.cosine: (480, 640, 3), Seems like there is a chair ahead.
Best value: 11.79%
Step: 12 | Mode: explore | Action: 2
BLIP2ITMClient.cosine: (480, 640, 3), Seems like there is a chair ahead.
Sticking to last point.
Best value: 11.79%
Step: 13 | Mode: explore | Action: 1
BLIP2ITMClient.cosine: (480, 640, 3), Seems like there is a chair ahead.
Sticking to last point.
Best value: 11.79%
Step: 14 | Mode: explore | Action: 2
BLIP2ITMClient.cosine: (480, 640, 3), Seems like there is a chair ahead.
Sticking to last point.
Best value: 11.79%
Step: 15 | Mode: explore | Action: 1
BLIP2ITMClient.cosine: (480, 640, 3), Seems like there is a chair ahead.
Sticking to last point.
Best value: 11.79%
Step: 16 | Mode: explore | Action: 1
BLIP2ITMClient.cosine: (480, 640, 3), Seems like there is a chair ahead.
Sticking to last point.
Best value: 11.79%
Step: 17 | Mode: explore | Action: 3
BLIP2ITMClient.cosine: (480, 640, 3), Seems like there is a chair ahead.
Sticking to last point.
Best value: 11.79%
Step: 18 | Mode: explore | Action: 1
BLIP2ITMClient.cosine: (480, 640, 3), Seems like there is a chair ahead.
Sticking to last point.
Best value: 11.79%
Step: 19 | Mode: explore | Action: 1
BLIP2ITMClient.cosine: (480, 640, 3), Seems like there is a chair ahead.
Sticking to last point.
Best value: 11.79%
Step: 20 | Mode: explore | Action: 2
BLIP2ITMClient.cosine: (480, 640, 3), Seems like there is a chair ahead.
Sticking to last point.
Best value: 11.79%
Step: 21 | Mode: explore | Action: 2
BLIP2ITMClient.cosine: (480, 640, 3), Seems like there is a chair ahead.
Sticking to last point.
Best value: 12.06%
Step: 22 | Mode: explore | Action: 2
BLIP2ITMClient.cosine: (480, 640, 3), Seems like there is a chair ahead.
Sticking to last point.
Best value: 11.80%
Step: 23 | Mode: explore | Action: 1
BLIP2ITMClient.cosine: (480, 640, 3), Seems like there is a chair ahead.
Best value: 10.78%
Step: 24 | Mode: explore | Action: 1
BLIP2ITMClient.cosine: (480, 640, 3), Seems like there is a chair ahead.
Sticking to last point.
Best value: 10.63%
Step: 25 | Mode: explore | Action: 2
BLIP2ITMClient.cosine: (480, 640, 3), Seems like there is a chair ahead.
Sticking to last point.
Best value: 10.48%
Step: 26 | Mode: explore | Action: 1
BLIP2ITMClient.cosine: (480, 640, 3), Seems like there is a chair ahead.
Sticking to last point.
Best value: 10.48%
Step: 27 | Mode: explore | Action: 1
BLIP2ITMClient.cosine: (480, 640, 3), Seems like there is a chair ahead.
Sticking to last point.
Best value: 10.48%
Step: 28 | Mode: explore | Action: 3
BLIP2ITMClient.cosine: (480, 640, 3), Seems like there is a chair ahead.
Sticking to last point.
Best value: 9.87%
Step: 29 | Mode: explore | Action: 1
BLIP2ITMClient.cosine: (480, 640, 3), Seems like there is a chair ahead.
Sticking to last point.
Best value: 9.76%
Step: 30 | Mode: explore | Action: 1
BLIP2ITMClient.cosine: (480, 640, 3), Seems like there is a chair ahead.
Sticking to last point.
Best value: 10.07%
Step: 31 | Mode: explore | Action: 1
BLIP2ITMClient.cosine: (480, 640, 3), Seems like there is a chair ahead.
Sticking to last point.
Best value: 11.07%
Step: 32 | Mode: explore | Action: 1
BLIP2ITMClient.cosine: (480, 640, 3), Seems like there is a chair ahead.
Sticking to last point.
Best value: 11.21%
Step: 33 | Mode: explore | Action: 1
BLIP2ITMClient.cosine: (480, 640, 3), Seems like there is a chair ahead.
Sticking to last point.
Best value: 10.76%
Step: 34 | Mode: explore | Action: 1
BLIP2ITMClient.cosine: (480, 640, 3), Seems like there is a chair ahead.
Sticking to last point.
Best value: 10.97%
Step: 35 | Mode: explore | Action: 1
BLIP2ITMClient.cosine: (480, 640, 3), Seems like there is a chair ahead.
Sticking to last point.
Best value: 11.07%
Step: 36 | Mode: explore | Action: 3
BLIP2ITMClient.cosine: (480, 640, 3), Seems like there is a chair ahead.
Sticking to last point.
Best value: 10.29%
Step: 37 | Mode: explore | Action: 1
BLIP2ITMClient.cosine: (480, 640, 3), Seems like there is a chair ahead.
Best value: 10.50%
Step: 38 | Mode: explore | Action: 3
BLIP2ITMClient.cosine: (480, 640, 3), Seems like there is a chair ahead.
Sticking to last point.
Best value: 10.50%
Step: 39 | Mode: explore | Action: 3
BLIP2ITMClient.cosine: (480, 640, 3), Seems like there is a chair ahead.
Sticking to last point.
Best value: 10.50%
Step: 40 | Mode: explore | Action: 3
BLIP2ITMClient.cosine: (480, 640, 3), Seems like there is a chair ahead.
Sticking to last point.
Best value: 10.50%
Step: 41 | Mode: explore | Action: 3
BLIP2ITMClient.cosine: (480, 640, 3), Seems like there is a chair ahead.
Sticking to last point.
Best value: 10.50%
Step: 42 | Mode: explore | Action: 3
BLIP2ITMClient.cosine: (480, 640, 3), Seems like there is a chair ahead.
Sticking to last point.
Best value: 10.50%
Step: 43 | Mode: explore | Action: 3
BLIP2ITMClient.cosine: (480, 640, 3), Seems like there is a chair ahead.
Sticking to last point.
Best value: 10.50%
Step: 44 | Mode: explore | Action: 1
BLIP2ITMClient.cosine: (480, 640, 3), Seems like there is a chair ahead.
Sticking to last point.
Best value: 10.50%
Step: 45 | Mode: explore | Action: 2
BLIP2ITMClient.cosine: (480, 640, 3), Seems like there is a chair ahead.
Sticking to last point.
Best value: 10.50%
Step: 46 | Mode: explore | Action: 1
BLIP2ITMClient.cosine: (480, 640, 3), Seems like there is a chair ahead.
Sticking to last point.
Best value: 10.50%
Step: 47 | Mode: explore | Action: 1
BLIP2ITMClient.cosine: (480, 640, 3), Seems like there is a chair ahead.
Sticking to last point.
Best value: 10.50%
Step: 48 | Mode: explore | Action: 1
BLIP2ITMClient.cosine: (480, 640, 3), Seems like there is a chair ahead.
Sticking to last point.
Best value: 10.50%
Step: 49 | Mode: explore | Action: 1
BLIP2ITMClient.cosine: (480, 640, 3), Seems like there is a chair ahead.
Sticking to last point.
Best value: 10.50%
Step: 50 | Mode: explore | Action: 1
BLIP2ITMClient.cosine: (480, 640, 3), Seems like there is a chair ahead.
Sticking to last point.
Best value: 10.50%
Step: 51 | Mode: explore | Action: 1
BLIP2ITMClient.cosine: (480, 640, 3), Seems like there is a chair ahead.
Sticking to last point.
Best value: 10.50%
Step: 52 | Mode: explore | Action: 1
BLIP2ITMClient.cosine: (480, 640, 3), Seems like there is a chair ahead.
Sticking to last point.
Best value: 10.50%
Step: 53 | Mode: explore | Action: 1
BLIP2ITMClient.cosine: (480, 640, 3), Seems like there is a chair ahead.
Sticking to last point.
Best value: 10.50%
Step: 54 | Mode: explore | Action: 2
BLIP2ITMClient.cosine: (480, 640, 3), Seems like there is a chair ahead.
Sticking to last point.
Best value: 10.50%
Step: 55 | Mode: explore | Action: 1
BLIP2ITMClient.cosine: (480, 640, 3), Seems like there is a chair ahead.
Sticking to last point.
Best value: 10.50%
Step: 56 | Mode: explore | Action: 1
BLIP2ITMClient.cosine: (480, 640, 3), Seems like there is a chair ahead.
Sticking to last point.
Best value: 10.50%
Step: 57 | Mode: explore | Action: 2
BLIP2ITMClient.cosine: (480, 640, 3), Seems like there is a chair ahead.
Sticking to last point.
Best value: 10.50%
Step: 58 | Mode: explore | Action: 1
BLIP2ITMClient.cosine: (480, 640, 3), Seems like there is a chair ahead.
Sticking to last point.
Best value: 10.68%
Step: 59 | Mode: explore | Action: 1
BLIP2ITMClient.cosine: (480, 640, 3), Seems like there is a chair ahead.
Sticking to last point.
Best value: 10.69%
Step: 60 | Mode: explore | Action: 2
BLIP2ITMClient.cosine: (480, 640, 3), Seems like there is a chair ahead.
Sticking to last point.
Best value: 10.64%
Step: 61 | Mode: explore | Action: 1
BLIP2ITMClient.cosine: (480, 640, 3), Seems like there is a chair ahead.
Sticking to last point.
Best value: 11.51%
Step: 62 | Mode: explore | Action: 1
BLIP2ITMClient.cosine: (480, 640, 3), Seems like there is a chair ahead.
Sticking to last point.
Best value: 13.04%
Step: 63 | Mode: explore | Action: 1
BLIP2ITMClient.cosine: (480, 640, 3), Seems like there is a chair ahead.
Sticking to last point.
Best value: 13.10%
Step: 64 | Mode: explore | Action: 1
BLIP2ITMClient.cosine: (480, 640, 3), Seems like there is a chair ahead.
Best value: 11.92%
Step: 65 | Mode: explore | Action: 2
BLIP2ITMClient.cosine: (480, 640, 3), Seems like there is a chair ahead.
Sticking to last point.
Best value: 11.36%
Step: 66 | Mode: explore | Action: 2
BLIP2ITMClient.cosine: (480, 640, 3), Seems like there is a chair ahead.
Sticking to last point.
Best value: 11.23%
Step: 67 | Mode: explore | Action: 1
BLIP2ITMClient.cosine: (480, 640, 3), Seems like there is a chair ahead.
Sticking to last point.
Best value: 11.58%
Step: 68 | Mode: explore | Action: 3
BLIP2ITMClient.cosine: (480, 640, 3), Seems like there is a chair ahead.
Sticking to last point.
Best value: 11.27%
Step: 69 | Mode: explore | Action: 1
BLIP2ITMClient.cosine: (480, 640, 3), Seems like there is a chair ahead.
Sticking to last point.
Best value: 11.04%
Step: 70 | Mode: explore | Action: 3
BLIP2ITMClient.cosine: (480, 640, 3), Seems like there is a chair ahead.
Sticking to last point.
Best value: 11.01%
Step: 71 | Mode: explore | Action: 1
BLIP2ITMClient.cosine: (480, 640, 3), Seems like there is a chair ahead.
Sticking to last point.
Best value: 11.12%
Step: 72 | Mode: explore | Action: 2
BLIP2ITMClient.cosine: (480, 640, 3), Seems like there is a chair ahead.
Sticking to last point.
Best value: 11.12%
Step: 73 | Mode: explore | Action: 2
BLIP2ITMClient.cosine: (480, 640, 3), Seems like there is a chair ahead.
Best value: 11.77%
Step: 74 | Mode: explore | Action: 2
BLIP2ITMClient.cosine: (480, 640, 3), Seems like there is a chair ahead.
Sticking to last point.
Best value: 11.07%
Step: 75 | Mode: explore | Action: 1
BLIP2ITMClient.cosine: (480, 640, 3), Seems like there is a chair ahead.
Sticking to last point.
Best value: 10.59%
Step: 76 | Mode: explore | Action: 1
BLIP2ITMClient.cosine: (480, 640, 3), Seems like there is a chair ahead.
Sticking to last point.
Best value: 10.60%
Step: 77 | Mode: explore | Action: 1
BLIP2ITMClient.cosine: (480, 640, 3), Seems like there is a chair ahead.
Sticking to last point.
Best value: 10.65%
Step: 78 | Mode: explore | Action: 1
BLIP2ITMClient.cosine: (480, 640, 3), Seems like there is a chair ahead.
Sticking to last point.
Best value: 10.85%
Step: 79 | Mode: explore | Action: 3
BLIP2ITMClient.cosine: (480, 640, 3), Seems like there is a chair ahead.
Sticking to last point.
Best value: 11.15%
Step: 80 | Mode: explore | Action: 3
BLIP2ITMClient.cosine: (480, 640, 3), Seems like there is a chair ahead.
Best value: 11.44%
Step: 81 | Mode: explore | Action: 3
BLIP2ITMClient.cosine: (480, 640, 3), Seems like there is a chair ahead.
Sticking to last point.
Best value: 11.44%
Step: 82 | Mode: explore | Action: 3
BLIP2ITMClient.cosine: (480, 640, 3), Seems like there is a chair ahead.
Sticking to last point.
Best value: 11.44%
Step: 83 | Mode: explore | Action: 3
BLIP2ITMClient.cosine: (480, 640, 3), Seems like there is a chair ahead.
Sticking to last point.
Best value: 11.44%
Step: 84 | Mode: explore | Action: 3
BLIP2ITMClient.cosine: (480, 640, 3), Seems like there is a chair ahead.
Sticking to last point.
Best value: 11.83%
Step: 85 | Mode: explore | Action: 1
BLIP2ITMClient.cosine: (480, 640, 3), Seems like there is a chair ahead.
Sticking to last point.
Best value: 13.33%
Step: 86 | Mode: explore | Action: 1
BLIP2ITMClient.cosine: (480, 640, 3), Seems like there is a chair ahead.
Sticking to last point.
Best value: 13.88%
Step: 87 | Mode: explore | Action: 1
BLIP2ITMClient.cosine: (480, 640, 3), Seems like there is a chair ahead.
Sticking to last point.
Best value: 13.88%
Step: 88 | Mode: explore | Action: 1
BLIP2ITMClient.cosine: (480, 640, 3), Seems like there is a chair ahead.
Sticking to last point.
Best value: 13.88%
Step: 89 | Mode: explore | Action: 3
BLIP2ITMClient.cosine: (480, 640, 3), Seems like there is a chair ahead.
Sticking to last point.
Best value: 15.07%
Step: 90 | Mode: explore | Action: 3
BLIP2ITMClient.cosine: (480, 640, 3), Seems like there is a chair ahead.
Sticking to last point.
Best value: 14.81%
Step: 91 | Mode: explore | Action: 1
BLIP2ITMClient.cosine: (480, 640, 3), Seems like there is a chair ahead.
Sticking to last point.
Best value: 13.97%
Step: 92 | Mode: explore | Action: 1
BLIP2ITMClient.cosine: (480, 640, 3), Seems like there is a chair ahead.
Sticking to last point.
Best value: 13.39%
Step: 93 | Mode: explore | Action: 3
BLIP2ITMClient.cosine: (480, 640, 3), Seems like there is a chair ahead.
Sticking to last point.
Best value: 13.39%
Step: 94 | Mode: explore | Action: 1
BLIP2ITMClient.cosine: (480, 640, 3), Seems like there is a chair ahead.
Sticking to last point.
Best value: 13.51%
Step: 95 | Mode: explore | Action: 2
BLIP2ITMClient.cosine: (480, 640, 3), Seems like there is a chair ahead.
Sticking to last point.
Best value: 13.80%
Step: 96 | Mode: explore | Action: 2
BLIP2ITMClient.cosine: (480, 640, 3), Seems like there is a chair ahead.
Sticking to last point.
Best value: 13.21%
Step: 97 | Mode: explore | Action: 2
BLIP2ITMClient.cosine: (480, 640, 3), Seems like there is a chair ahead.
Sticking to last point.
Best value: 13.33%
Step: 98 | Mode: explore | Action: 3
BLIP2ITMClient.cosine: (480, 640, 3), Seems like there is a chair ahead.
Sticking to last point.
Best value: 13.05%
Step: 99 | Mode: explore | Action: 1
BLIP2ITMClient.cosine: (480, 640, 3), Seems like there is a chair ahead.
Best value: 12.52%
Step: 100 | Mode: explore | Action: 2
BLIP2ITMClient.cosine: (480, 640, 3), Seems like there is a chair ahead.
Sticking to last point.
Best value: 11.52%
Step: 101 | Mode: explore | Action: 1
BLIP2ITMClient.cosine: (480, 640, 3), Seems like there is a chair ahead.
Best value: 10.71%
Step: 102 | Mode: explore | Action: 1
BLIP2ITMClient.cosine: (480, 640, 3), Seems like there is a chair ahead.
Sticking to last point.
Best value: 11.36%
Step: 103 | Mode: explore | Action: 1
BLIP2ITMClient.cosine: (480, 640, 3), Seems like there is a chair ahead.
Sticking to last point.
Best value: 11.36%
Step: 104 | Mode: explore | Action: 3
BLIP2ITMClient.cosine: (480, 640, 3), Seems like there is a chair ahead.
Sticking to last point.
Best value: 13.11%
Step: 105 | Mode: explore | Action: 3
BLIP2ITMClient.cosine: (480, 640, 3), Seems like there is a chair ahead.
Best value: 9.55%
Step: 106 | Mode: explore | Action: 2
BLIP2ITMClient.cosine: (480, 640, 3), Seems like there is a chair ahead.
Sticking to last point.
Best value: 9.55%
Step: 107 | Mode: explore | Action: 2
BLIP2ITMClient.cosine: (480, 640, 3), Seems like there is a chair ahead.
Sticking to last point.
Best value: 9.38%
Step: 108 | Mode: explore | Action: 1
BLIP2ITMClient.cosine: (480, 640, 3), Seems like there is a chair ahead.
Sticking to last point.
Best value: 9.48%
Step: 109 | Mode: explore | Action: 1
BLIP2ITMClient.cosine: (480, 640, 3), Seems like there is a chair ahead.
Sticking to last point.
Best value: 9.44%
Step: 110 | Mode: explore | Action: 2
BLIP2ITMClient.cosine: (480, 640, 3), Seems like there is a chair ahead.
Sticking to last point.
Best value: 9.41%
Step: 111 | Mode: explore | Action: 1
BLIP2ITMClient.cosine: (480, 640, 3), Seems like there is a chair ahead.
Sticking to last point.
Best value: 9.44%
Step: 112 | Mode: explore | Action: 1
BLIP2ITMClient.cosine: (480, 640, 3), Seems like there is a chair ahead.
Sticking to last point.
Best value: 9.55%
Step: 113 | Mode: explore | Action: 1
BLIP2ITMClient.cosine: (480, 640, 3), Seems like there is a chair ahead.
Sticking to last point.
Best value: 9.64%
Step: 114 | Mode: explore | Action: 1
BLIP2ITMClient.cosine: (480, 640, 3), Seems like there is a chair ahead.
Sticking to last point.
Best value: 9.50%
Step: 115 | Mode: explore | Action: 3
BLIP2ITMClient.cosine: (480, 640, 3), Seems like there is a chair ahead.
Sticking to last point.
Best value: 10.39%
Step: 116 | Mode: explore | Action: 1
BLIP2ITMClient.cosine: (480, 640, 3), Seems like there is a chair ahead.
Sticking to last point.
Best value: 10.10%
Step: 117 | Mode: explore | Action: 1
BLIP2ITMClient.cosine: (480, 640, 3), Seems like there is a chair ahead.
Sticking to last point.
Best value: 9.80%
Step: 118 | Mode: explore | Action: 1
BLIP2ITMClient.cosine: (480, 640, 3), Seems like there is a chair ahead.
Sticking to last point.
Best value: 9.80%
Step: 119 | Mode: explore | Action: 2
BLIP2ITMClient.cosine: (480, 640, 3), Seems like there is a chair ahead.
Sticking to last point.
Best value: 10.10%
Step: 120 | Mode: explore | Action: 2
BLIP2ITMClient.cosine: (480, 640, 3), Seems like there is a chair ahead.
Best value: 10.22%
Step: 121 | Mode: explore | Action: 2
BLIP2ITMClient.cosine: (480, 640, 3), Seems like there is a chair ahead.
Sticking to last point.
Best value: 9.38%
Step: 122 | Mode: explore | Action: 1
BLIP2ITMClient.cosine: (480, 640, 3), Seems like there is a chair ahead.
Sticking to last point.
Best value: 9.47%
Step: 123 | Mode: explore | Action: 1
BLIP2ITMClient.cosine: (480, 640, 3), Seems like there is a chair ahead.
Sticking to last point.
Best value: 9.74%
Step: 124 | Mode: explore | Action: 1
BLIP2ITMClient.cosine: (480, 640, 3), Seems like there is a chair ahead.
Sticking to last point.
Best value: 9.79%
Step: 125 | Mode: explore | Action: 1
BLIP2ITMClient.cosine: (480, 640, 3), Seems like there is a chair ahead.
Sticking to last point.
Best value: 9.79%
Step: 126 | Mode: explore | Action: 2
BLIP2ITMClient.cosine: (480, 640, 3), Seems like there is a chair ahead.
Best value: 10.21%
Step: 127 | Mode: explore | Action: 2
BLIP2ITMClient.cosine: (480, 640, 3), Seems like there is a chair ahead.
Sticking to last point.
Best value: 10.21%
Step: 128 | Mode: explore | Action: 2
BLIP2ITMClient.cosine: (480, 640, 3), Seems like there is a chair ahead.
Sticking to last point.
Best value: 10.21%
Step: 129 | Mode: explore | Action: 2
BLIP2ITMClient.cosine: (480, 640, 3), Seems like there is a chair ahead.
Sticking to last point.
Best value: 10.21%
Step: 130 | Mode: explore | Action: 2
BLIP2ITMClient.cosine: (480, 640, 3), Seems like there is a chair ahead.
Sticking to last point.
Best value: 11.35%
Step: 131 | Mode: explore | Action: 1
BLIP2ITMClient.cosine: (480, 640, 3), Seems like there is a chair ahead.
Sticking to last point.
Best value: 11.35%
Step: 132 | Mode: explore | Action: 2
BLIP2ITMClient.cosine: (480, 640, 3), Seems like there is a chair ahead.
Sticking to last point.
Best value: 10.91%
Step: 133 | Mode: explore | Action: 1
BLIP2ITMClient.cosine: (480, 640, 3), Seems like there is a chair ahead.
Best value: 11.07%
Step: 134 | Mode: explore | Action: 1
BLIP2ITMClient.cosine: (480, 640, 3), Seems like there is a chair ahead.
Sticking to last point.
Best value: 10.90%
Step: 135 | Mode: explore | Action: 1
BLIP2ITMClient.cosine: (480, 640, 3), Seems like there is a chair ahead.
Sticking to last point.
Best value: 10.96%
Step: 136 | Mode: explore | Action: 2
BLIP2ITMClient.cosine: (480, 640, 3), Seems like there is a chair ahead.
Sticking to last point.
Best value: 10.86%
Step: 137 | Mode: explore | Action: 1
BLIP2ITMClient.cosine: (480, 640, 3), Seems like there is a chair ahead.
Sticking to last point.
Best value: 10.87%
Step: 138 | Mode: explore | Action: 1
BLIP2ITMClient.cosine: (480, 640, 3), Seems like there is a chair ahead.
Best value: 10.79%
Step: 139 | Mode: explore | Action: 1
BLIP2ITMClient.cosine: (480, 640, 3), Seems like there is a chair ahead.
Sticking to last point.
Best value: 10.94%
Step: 140 | Mode: explore | Action: 3
BLIP2ITMClient.cosine: (480, 640, 3), Seems like there is a chair ahead.
Best value: 9.94%
Step: 141 | Mode: explore | Action: 2
BLIP2ITMClient.cosine: (480, 640, 3), Seems like there is a chair ahead.
Sticking to last point.
Best value: 9.94%
Step: 142 | Mode: explore | Action: 2
BLIP2ITMClient.cosine: (480, 640, 3), Seems like there is a chair ahead.
Sticking to last point.
Best value: 9.94%
Step: 143 | Mode: explore | Action: 2
BLIP2ITMClient.cosine: (480, 640, 3), Seems like there is a chair ahead.
Sticking to last point.
Best value: 9.94%
Step: 144 | Mode: explore | Action: 2
BLIP2ITMClient.cosine: (480, 640, 3), Seems like there is a chair ahead.
Sticking to last point.
Best value: 9.94%
Step: 145 | Mode: explore | Action: 2
BLIP2ITMClient.cosine: (480, 640, 3), Seems like there is a chair ahead.
Sticking to last point.
Best value: 9.94%
Step: 146 | Mode: explore | Action: 2
BLIP2ITMClient.cosine: (480, 640, 3), Seems like there is a chair ahead.
Sticking to last point.
Best value: 9.94%
Step: 147 | Mode: explore | Action: 2
BLIP2ITMClient.cosine: (480, 640, 3), Seems like there is a chair ahead.
Sticking to last point.
Best value: 9.94%
Step: 148 | Mode: explore | Action: 1
BLIP2ITMClient.cosine: (480, 640, 3), Seems like there is a chair ahead.
Sticking to last point.
Best value: 9.94%
Step: 149 | Mode: explore | Action: 1
BLIP2ITMClient.cosine: (480, 640, 3), Seems like there is a chair ahead.
Sticking to last point.
Best value: 9.94%
Step: 150 | Mode: explore | Action: 3
BLIP2ITMClient.cosine: (480, 640, 3), Seems like there is a chair ahead.
Sticking to last point.
Best value: 9.94%
Step: 151 | Mode: explore | Action: 1
BLIP2ITMClient.cosine: (480, 640, 3), Seems like there is a chair ahead.
Sticking to last point.
Best value: 9.94%
Step: 152 | Mode: explore | Action: 3
BLIP2ITMClient.cosine: (480, 640, 3), Seems like there is a chair ahead.
Sticking to last point.
Best value: 9.94%
Step: 153 | Mode: explore | Action: 1
BLIP2ITMClient.cosine: (480, 640, 3), Seems like there is a chair ahead.
Sticking to last point.
Best value: 9.94%
Step: 154 | Mode: explore | Action: 3
BLIP2ITMClient.cosine: (480, 640, 3), Seems like there is a chair ahead.
Sticking to last point.
Best value: 9.63%
Step: 155 | Mode: explore | Action: 1
BLIP2ITMClient.cosine: (480, 640, 3), Seems like there is a chair ahead.
Sticking to last point.
Best value: 9.42%
Step: 156 | Mode: explore | Action: 1
BLIP2ITMClient.cosine: (480, 640, 3), Seems like there is a chair ahead.
Sticking to last point.
Best value: 9.42%
Step: 157 | Mode: explore | Action: 1
BLIP2ITMClient.cosine: (480, 640, 3), Seems like there is a chair ahead.
Sticking to last point.
Best value: 9.41%
Step: 158 | Mode: explore | Action: 3
BLIP2ITMClient.cosine: (480, 640, 3), Seems like there is a chair ahead.
Sticking to last point.
Best value: 9.51%
Step: 159 | Mode: explore | Action: 1
BLIP2ITMClient.cosine: (480, 640, 3), Seems like there is a chair ahead.
Sticking to last point.
Best value: 9.35%
Step: 160 | Mode: explore | Action: 1
BLIP2ITMClient.cosine: (480, 640, 3), Seems like there is a chair ahead.
Sticking to last point.
Best value: 9.55%
Step: 161 | Mode: explore | Action: 1
BLIP2ITMClient.cosine: (480, 640, 3), Seems like there is a chair ahead.
Sticking to last point.
Best value: 9.96%
Step: 162 | Mode: explore | Action: 1
BLIP2ITMClient.cosine: (480, 640, 3), Seems like there is a chair ahead.
Sticking to last point.
Best value: 10.46%
Step: 163 | Mode: explore | Action: 1
BLIP2ITMClient.cosine: (480, 640, 3), Seems like there is a chair ahead.
Best value: 10.61%
Step: 164 | Mode: explore | Action: 2
 53%|█████▎    | 16/30 [13:09<09:56, 42.62s/it]BLIP2ITMClient.cosine: (480, 640, 3), Seems like there is a chair ahead.
Sticking to last point.
Best value: 10.10%
Step: 165 | Mode: explore | Action: 1
BLIP2ITMClient.cosine: (480, 640, 3), Seems like there is a chair ahead.
Sticking to last point.
Best value: 9.86%
Step: 166 | Mode: explore | Action: 1
BLIP2ITMClient.cosine: (480, 640, 3), Seems like there is a chair ahead.
Sticking to last point.
Best value: 9.72%
Step: 167 | Mode: explore | Action: 1
BLIP2ITMClient.cosine: (480, 640, 3), Seems like there is a chair ahead.
Sticking to last point.
Best value: 9.78%
Step: 168 | Mode: explore | Action: 3
BLIP2ITMClient.cosine: (480, 640, 3), Seems like there is a chair ahead.
Sticking to last point.
Best value: 10.20%
Step: 169 | Mode: explore | Action: 1
BLIP2ITMClient.cosine: (480, 640, 3), Seems like there is a chair ahead.
Sticking to last point.
Best value: 10.55%
Step: 170 | Mode: explore | Action: 1
BLIP2ITMClient.cosine: (480, 640, 3), Seems like there is a chair ahead.
Sticking to last point.
Best value: 10.11%
Step: 171 | Mode: explore | Action: 3
BLIP2ITMClient.cosine: (480, 640, 3), Seems like there is a chair ahead.
Sticking to last point.
Best value: 10.50%
Step: 172 | Mode: explore | Action: 1
BLIP2ITMClient.cosine: (480, 640, 3), Seems like there is a chair ahead.
Sticking to last point.
Best value: 10.46%
Step: 173 | Mode: explore | Action: 3
BLIP2ITMClient.cosine: (480, 640, 3), Seems like there is a chair ahead.
Sticking to last point.
Best value: 17.47%
Step: 174 | Mode: explore | Action: 3
BLIP2ITMClient.cosine: (480, 640, 3), Seems like there is a chair ahead.
Best value: 15.65%
Step: 175 | Mode: explore | Action: 2
BLIP2ITMClient.cosine: (480, 640, 3), Seems like there is a chair ahead.
Sticking to last point.
Best value: 18.23%
Step: 176 | Mode: explore | Action: 2
BLIP2ITMClient.cosine: (480, 640, 3), Seems like there is a chair ahead.
Best value: 14.58%
Step: 177 | Mode: explore | Action: 3
BLIP2ITMClient.cosine: (480, 640, 3), Seems like there is a chair ahead.
Sticking to last point.
Best value: 17.82%
Step: 178 | Mode: explore | Action: 1
BLIP2ITMClient.cosine: (480, 640, 3), Seems like there is a chair ahead.
Best value: 10.41%
Step: 179 | Mode: explore | Action: 2
BLIP2ITMClient.cosine: (480, 640, 3), Seems like there is a chair ahead.
Sticking to last point.
Best value: 10.46%
Step: 180 | Mode: explore | Action: 1
BLIP2ITMClient.cosine: (480, 640, 3), Seems like there is a chair ahead.
Sticking to last point.
Best value: 10.49%
Step: 181 | Mode: explore | Action: 3
BLIP2ITMClient.cosine: (480, 640, 3), Seems like there is a chair ahead.
Sticking to last point.
Best value: 10.49%
Step: 182 | Mode: explore | Action: 3
BLIP2ITMClient.cosine: (480, 640, 3), Seems like there is a chair ahead.
Sticking to last point.
Best value: 10.49%
Step: 183 | Mode: explore | Action: 1
BLIP2ITMClient.cosine: (480, 640, 3), Seems like there is a chair ahead.
Sticking to last point.
Best value: 10.49%
Step: 184 | Mode: explore | Action: 2
BLIP2ITMClient.cosine: (480, 640, 3), Seems like there is a chair ahead.
Sticking to last point.
Best value: 10.49%
Step: 185 | Mode: explore | Action: 2
BLIP2ITMClient.cosine: (480, 640, 3), Seems like there is a chair ahead.
Best value: 9.60%
Step: 186 | Mode: explore | Action: 2
BLIP2ITMClient.cosine: (480, 640, 3), Seems like there is a chair ahead.
Sticking to last point.
Best value: 9.60%
Step: 187 | Mode: explore | Action: 2
BLIP2ITMClient.cosine: (480, 640, 3), Seems like there is a chair ahead.
Sticking to last point.
Best value: 9.60%
Step: 188 | Mode: explore | Action: 2
BLIP2ITMClient.cosine: (480, 640, 3), Seems like there is a chair ahead.
Sticking to last point.
Best value: 9.60%
Step: 189 | Mode: explore | Action: 2
BLIP2ITMClient.cosine: (480, 640, 3), Seems like there is a chair ahead.
Sticking to last point.
Best value: 9.67%
Step: 190 | Mode: explore | Action: 2
BLIP2ITMClient.cosine: (480, 640, 3), Seems like there is a chair ahead.
Step: 191 | Mode: navigate | Action: 1
BLIP2ITMClient.cosine: (480, 640, 3), Seems like there is a chair ahead.
Step: 192 | Mode: navigate | Action: 1
BLIP2ITMClient.cosine: (480, 640, 3), Seems like there is a chair ahead.
Step: 193 | Mode: navigate | Action: 3
BLIP2ITMClient.cosine: (480, 640, 3), Seems like there is a chair ahead.
Step: 194 | Mode: navigate | Action: 1
BLIP2ITMClient.cosine: (480, 640, 3), Seems like there is a chair ahead.
Step: 195 | Mode: navigate | Action: 1
BLIP2ITMClient.cosine: (480, 640, 3), Seems like there is a chair ahead.
Step: 196 | Mode: navigate | Action: 2
BLIP2ITMClient.cosine: (480, 640, 3), Seems like there is a chair ahead.
Step: 197 | Mode: navigate | Action: 1
BLIP2ITMClient.cosine: (480, 640, 3), Seems like there is a chair ahead.
Step: 198 | Mode: navigate | Action: 1
BLIP2ITMClient.cosine: (480, 640, 3), Seems like there is a chair ahead.
Step: 199 | Mode: navigate | Action: 0
Success rate: 37.50% (6 out of 16)
Logging episode 0008 to results/pilot/vlfm_original_jsons/8_wcojb4TFT35.json
BLIP2ITMClient.cosine: (480, 640, 3), Seems like there is a bed ahead.
Step: 0 | Mode: initialize | Action: 2
BLIP2ITMClient.cosine: (480, 640, 3), Seems like there is a bed ahead.
Step: 1 | Mode: initialize | Action: 2
BLIP2ITMClient.cosine: (480, 640, 3), Seems like there is a bed ahead.
Step: 2 | Mode: initialize | Action: 2
BLIP2ITMClient.cosine: (480, 640, 3), Seems like there is a bed ahead.
Step: 3 | Mode: initialize | Action: 2
BLIP2ITMClient.cosine: (480, 640, 3), Seems like there is a bed ahead.
Step: 4 | Mode: initialize | Action: 2
BLIP2ITMClient.cosine: (480, 640, 3), Seems like there is a bed ahead.
Step: 5 | Mode: initialize | Action: 2
BLIP2ITMClient.cosine: (480, 640, 3), Seems like there is a bed ahead.
Step: 6 | Mode: initialize | Action: 2
BLIP2ITMClient.cosine: (480, 640, 3), Seems like there is a bed ahead.
Step: 7 | Mode: initialize | Action: 2
BLIP2ITMClient.cosine: (480, 640, 3), Seems like there is a bed ahead.
Step: 8 | Mode: initialize | Action: 2
BLIP2ITMClient.cosine: (480, 640, 3), Seems like there is a bed ahead.
Step: 9 | Mode: initialize | Action: 2
BLIP2ITMClient.cosine: (480, 640, 3), Seems like there is a bed ahead.
Step: 10 | Mode: initialize | Action: 2
BLIP2ITMClient.cosine: (480, 640, 3), Seems like there is a bed ahead.
Step: 11 | Mode: initialize | Action: 2
BLIP2ITMClient.cosine: (480, 640, 3), Seems like there is a bed ahead.
Best value: 15.30%
Step: 12 | Mode: explore | Action: 2
BLIP2ITMClient.cosine: (480, 640, 3), Seems like there is a bed ahead.
Sticking to last point.
Best value: 15.30%
Step: 13 | Mode: explore | Action: 2
BLIP2ITMClient.cosine: (480, 640, 3), Seems like there is a bed ahead.
Sticking to last point.
Best value: 15.30%
Step: 14 | Mode: explore | Action: 2
BLIP2ITMClient.cosine: (480, 640, 3), Seems like there is a bed ahead.
Sticking to last point.
Best value: 14.88%
Step: 15 | Mode: explore | Action: 2
BLIP2ITMClient.cosine: (480, 640, 3), Seems like there is a bed ahead.
Sticking to last point.
Best value: 16.66%
Step: 16 | Mode: explore | Action: 2
BLIP2ITMClient.cosine: (480, 640, 3), Seems like there is a bed ahead.
Best value: 15.31%
Step: 17 | Mode: explore | Action: 1
BLIP2ITMClient.cosine: (480, 640, 3), Seems like there is a bed ahead.
Sticking to last point.
Best value: 15.82%
Step: 18 | Mode: explore | Action: 3
BLIP2ITMClient.cosine: (480, 640, 3), Seems like there is a bed ahead.
Best value: 14.09%
Step: 19 | Mode: explore | Action: 3
BLIP2ITMClient.cosine: (480, 640, 3), Seems like there is a bed ahead.
Sticking to last point.
Best value: 16.67%
Step: 20 | Mode: explore | Action: 2
BLIP2ITMClient.cosine: (480, 640, 3), Seems like there is a bed ahead.
Best value: 15.16%
Step: 21 | Mode: explore | Action: 1
BLIP2ITMClient.cosine: (480, 640, 3), Seems like there is a bed ahead.
Sticking to last point.
Best value: 15.31%
Step: 22 | Mode: explore | Action: 3
BLIP2ITMClient.cosine: (480, 640, 3), Seems like there is a bed ahead.
Sticking to last point.
Best value: 14.97%
Step: 23 | Mode: explore | Action: 1
BLIP2ITMClient.cosine: (480, 640, 3), Seems like there is a bed ahead.
Sticking to last point.
Best value: 14.95%
 57%|█████▋    | 17/30 [13:29<07:49, 36.08s/it]Step: 24 | Mode: explore | Action: 3
BLIP2ITMClient.cosine: (480, 640, 3), Seems like there is a bed ahead.
Sticking to last point.
Best value: 16.06%
Step: 25 | Mode: explore | Action: 1
BLIP2ITMClient.cosine: (480, 640, 3), Seems like there is a bed ahead.
Sticking to last point.
Best value: 16.67%
Step: 26 | Mode: explore | Action: 2
BLIP2ITMClient.cosine: (480, 640, 3), Seems like there is a bed ahead.
Best value: 15.61%
Step: 27 | Mode: explore | Action: 2
BLIP2ITMClient.cosine: (480, 640, 3), Seems like there is a bed ahead.
Sticking to last point.
Best value: 15.61%
Step: 28 | Mode: explore | Action: 1
BLIP2ITMClient.cosine: (480, 640, 3), Seems like there is a bed ahead.
Sticking to last point.
Best value: 15.61%
Step: 29 | Mode: explore | Action: 2
BLIP2ITMClient.cosine: (480, 640, 3), Seems like there is a bed ahead.
Sticking to last point.
Best value: 15.61%
Step: 30 | Mode: explore | Action: 1
BLIP2ITMClient.cosine: (480, 640, 3), Seems like there is a bed ahead.
Sticking to last point.
Best value: 15.61%
Step: 31 | Mode: explore | Action: 2
BLIP2ITMClient.cosine: (480, 640, 3), Seems like there is a bed ahead.
Sticking to last point.
Best value: 15.61%
Step: 32 | Mode: explore | Action: 1
BLIP2ITMClient.cosine: (480, 640, 3), Seems like there is a bed ahead.
Sticking to last point.
Best value: 15.61%
Step: 33 | Mode: explore | Action: 3
BLIP2ITMClient.cosine: (480, 640, 3), Seems like there is a bed ahead.
Sticking to last point.
Best value: 15.61%
Step: 34 | Mode: explore | Action: 3
BLIP2ITMClient.cosine: (480, 640, 3), Seems like there is a bed ahead.
Sticking to last point.
Best value: 15.79%
Step: 35 | Mode: explore | Action: 3
BLIP2ITMClient.cosine: (480, 640, 3), Seems like there is a bed ahead.
Sticking to last point.
Best value: 16.31%
Step: 36 | Mode: explore | Action: 3
BLIP2ITMClient.cosine: (480, 640, 3), Seems like there is a bed ahead.
Sticking to last point.
Best value: 16.05%
Step: 37 | Mode: explore | Action: 1
BLIP2ITMClient.cosine: (480, 640, 3), Seems like there is a bed ahead.
Sticking to last point.
Best value: 15.29%
Step: 38 | Mode: explore | Action: 1
BLIP2ITMClient.cosine: (480, 640, 3), Seems like there is a bed ahead.
Sticking to last point.
Best value: 15.63%
Step: 39 | Mode: explore | Action: 1
BLIP2ITMClient.cosine: (480, 640, 3), Seems like there is a bed ahead.
Best value: 16.32%
Step: 40 | Mode: explore | Action: 1
BLIP2ITMClient.cosine: (480, 640, 3), Seems like there is a bed ahead.
Sticking to last point.
Best value: 16.00%
Step: 41 | Mode: explore | Action: 1
BLIP2ITMClient.cosine: (480, 640, 3), Seems like there is a bed ahead.
Sticking to last point.
Best value: 15.63%
Step: 42 | Mode: explore | Action: 1
BLIP2ITMClient.cosine: (480, 640, 3), Seems like there is a bed ahead.
Best value: 15.95%
Step: 43 | Mode: explore | Action: 2
BLIP2ITMClient.cosine: (480, 640, 3), Seems like there is a bed ahead.
Sticking to last point.
Best value: 15.95%
Step: 44 | Mode: explore | Action: 2
BLIP2ITMClient.cosine: (480, 640, 3), Seems like there is a bed ahead.
Sticking to last point.
Best value: 15.95%
Step: 45 | Mode: explore | Action: 2
BLIP2ITMClient.cosine: (480, 640, 3), Seems like there is a bed ahead.
Sticking to last point.
Best value: 15.81%
Step: 46 | Mode: explore | Action: 2
BLIP2ITMClient.cosine: (480, 640, 3), Seems like there is a bed ahead.
Sticking to last point.
Best value: 14.92%
Step: 47 | Mode: explore | Action: 2
BLIP2ITMClient.cosine: (480, 640, 3), Seems like there is a bed ahead.
Best value: 15.67%
Step: 48 | Mode: explore | Action: 2
BLIP2ITMClient.cosine: (480, 640, 3), Seems like there is a bed ahead.
Sticking to last point.
Best value: 15.67%
Step: 49 | Mode: explore | Action: 2
BLIP2ITMClient.cosine: (480, 640, 3), Seems like there is a bed ahead.
Sticking to last point.
Best value: 15.67%
Step: 50 | Mode: explore | Action: 2
BLIP2ITMClient.cosine: (480, 640, 3), Seems like there is a bed ahead.
Sticking to last point.
Best value: 15.67%
Step: 51 | Mode: explore | Action: 2
BLIP2ITMClient.cosine: (480, 640, 3), Seems like there is a bed ahead.
Step: 52 | Mode: navigate | Action: 2
BLIP2ITMClient.cosine: (480, 640, 3), Seems like there is a bed ahead.
Step: 53 | Mode: navigate | Action: 2
BLIP2ITMClient.cosine: (480, 640, 3), Seems like there is a bed ahead.
Step: 54 | Mode: navigate | Action: 1
BLIP2ITMClient.cosine: (480, 640, 3), Seems like there is a bed ahead.
Step: 55 | Mode: navigate | Action: 3
BLIP2ITMClient.cosine: (480, 640, 3), Seems like there is a bed ahead.
Step: 56 | Mode: navigate | Action: 1
BLIP2ITMClient.cosine: (480, 640, 3), Seems like there is a bed ahead.
Step: 57 | Mode: navigate | Action: 1
BLIP2ITMClient.cosine: (480, 640, 3), Seems like there is a bed ahead.
Step: 58 | Mode: navigate | Action: 1
BLIP2ITMClient.cosine: (480, 640, 3), Seems like there is a bed ahead.
Step: 59 | Mode: navigate | Action: 1
BLIP2ITMClient.cosine: (480, 640, 3), Seems like there is a bed ahead.
Step: 60 | Mode: navigate | Action: 3
BLIP2ITMClient.cosine: (480, 640, 3), Seems like there is a bed ahead.
Step: 61 | Mode: navigate | Action: 1
BLIP2ITMClient.cosine: (480, 640, 3), Seems like there is a bed ahead.
Step: 62 | Mode: navigate | Action: 1
BLIP2ITMClient.cosine: (480, 640, 3), Seems like there is a bed ahead.
Step: 63 | Mode: navigate | Action: 1
BLIP2ITMClient.cosine: (480, 640, 3), Seems like there is a bed ahead.
Step: 64 | Mode: navigate | Action: 1
BLIP2ITMClient.cosine: (480, 640, 3), Seems like there is a bed ahead.
Step: 65 | Mode: navigate | Action: 0
Success rate: 41.18% (7 out of 17)
Logging episode 0007 to results/pilot/vlfm_original_jsons/7_wcojb4TFT35.json
BLIP2ITMClient.cosine: (480, 640, 3), Seems like there is a toilet ahead.
Step: 0 | Mode: initialize | Action: 2
BLIP2ITMClient.cosine: (480, 640, 3), Seems like there is a toilet ahead.
Step: 1 | Mode: initialize | Action: 2
BLIP2ITMClient.cosine: (480, 640, 3), Seems like there is a toilet ahead.
Step: 2 | Mode: initialize | Action: 2
BLIP2ITMClient.cosine: (480, 640, 3), Seems like there is a toilet ahead.
Step: 3 | Mode: initialize | Action: 2
BLIP2ITMClient.cosine: (480, 640, 3), Seems like there is a toilet ahead.
Step: 4 | Mode: initialize | Action: 2
BLIP2ITMClient.cosine: (480, 640, 3), Seems like there is a toilet ahead.
Step: 5 | Mode: initialize | Action: 2
BLIP2ITMClient.cosine: (480, 640, 3), Seems like there is a toilet ahead.
Step: 6 | Mode: initialize | Action: 2
BLIP2ITMClient.cosine: (480, 640, 3), Seems like there is a toilet ahead.
Step: 7 | Mode: initialize | Action: 2
BLIP2ITMClient.cosine: (480, 640, 3), Seems like there is a toilet ahead.
Step: 8 | Mode: initialize | Action: 2
BLIP2ITMClient.cosine: (480, 640, 3), Seems like there is a toilet ahead.
Step: 9 | Mode: initialize | Action: 2
BLIP2ITMClient.cosine: (480, 640, 3), Seems like there is a toilet ahead.
Step: 10 | Mode: initialize | Action: 2
BLIP2ITMClient.cosine: (480, 640, 3), Seems like there is a toilet ahead.
Step: 11 | Mode: initialize | Action: 2
BLIP2ITMClient.cosine: (480, 640, 3), Seems like there is a toilet ahead.
Best value: 16.18%
Step: 12 | Mode: explore | Action: 3
BLIP2ITMClient.cosine: (480, 640, 3), Seems like there is a toilet ahead.
Sticking to last point.
Best value: 16.18%
Step: 13 | Mode: explore | Action: 1
BLIP2ITMClient.cosine: (480, 640, 3), Seems like there is a toilet ahead.
Sticking to last point.
Best value: 16.36%
Step: 14 | Mode: explore | Action: 1
BLIP2ITMClient.cosine: (480, 640, 3), Seems like there is a toilet ahead.
Sticking to last point.
Best value: 16.36%
Step: 15 | Mode: explore | Action: 1
BLIP2ITMClient.cosine: (480, 640, 3), Seems like there is a toilet ahead.
Sticking to last point.
Best value: 16.36%
Step: 16 | Mode: explore | Action: 2
BLIP2ITMClient.cosine: (480, 640, 3), Seems like there is a toilet ahead.
Best value: 16.58%
Step: 17 | Mode: explore | Action: 2
BLIP2ITMClient.cosine: (480, 640, 3), Seems like there is a toilet ahead.
Best value: 14.66%
Step: 18 | Mode: explore | Action: 2
BLIP2ITMClient.cosine: (480, 640, 3), Seems like there is a toilet ahead.
Best value: 14.22%
Step: 19 | Mode: explore | Action: 1
BLIP2ITMClient.cosine: (480, 640, 3), Seems like there is a toilet ahead.
Sticking to last point.
Best value: 14.22%
Step: 20 | Mode: explore | Action: 2
BLIP2ITMClient.cosine: (480, 640, 3), Seems like there is a toilet ahead.
Sticking to last point.
Best value: 14.22%
Step: 21 | Mode: explore | Action: 2
BLIP2ITMClient.cosine: (480, 640, 3), Seems like there is a toilet ahead.
Sticking to last point.
Best value: 15.29%
Step: 22 | Mode: explore | Action: 2
BLIP2ITMClient.cosine: (480, 640, 3), Seems like there is a toilet ahead.
Sticking to last point.
Best value: 14.50%
Step: 23 | Mode: explore | Action: 2
BLIP2ITMClient.cosine: (480, 640, 3), Seems like there is a toilet ahead.
Sticking to last point.
Best value: 14.49%
Step: 24 | Mode: explore | Action: 2
BLIP2ITMClient.cosine: (480, 640, 3), Seems like there is a toilet ahead.
Sticking to last point.
Best value: 14.49%
Step: 25 | Mode: explore | Action: 2
BLIP2ITMClient.cosine: (480, 640, 3), Seems like there is a toilet ahead.
Sticking to last point.
Best value: 14.49%
Step: 26 | Mode: explore | Action: 1
BLIP2ITMClient.cosine: (480, 640, 3), Seems like there is a toilet ahead.
Sticking to last point.
Best value: 14.49%
Step: 27 | Mode: explore | Action: 3
BLIP2ITMClient.cosine: (480, 640, 3), Seems like there is a toilet ahead.
Sticking to last point.
Best value: 14.49%
Step: 28 | Mode: explore | Action: 1
BLIP2ITMClient.cosine: (480, 640, 3), Seems like there is a toilet ahead.
Sticking to last point.
Best value: 14.49%
Step: 29 | Mode: explore | Action: 3
BLIP2ITMClient.cosine: (480, 640, 3), Seems like there is a toilet ahead.
Sticking to last point.
Best value: 14.49%
Step: 30 | Mode: explore | Action: 3
BLIP2ITMClient.cosine: (480, 640, 3), Seems like there is a toilet ahead.
Best value: 14.03%
Step: 31 | Mode: explore | Action: 3
BLIP2ITMClient.cosine: (480, 640, 3), Seems like there is a toilet ahead.
Sticking to last point.
Best value: 14.03%
Step: 32 | Mode: explore | Action: 1
BLIP2ITMClient.cosine: (480, 640, 3), Seems like there is a toilet ahead.
Sticking to last point.
Best value: 14.03%
Step: 33 | Mode: explore | Action: 1
BLIP2ITMClient.cosine: (480, 640, 3), Seems like there is a toilet ahead.
Sticking to last point.
Best value: 14.03%
Step: 34 | Mode: explore | Action: 1
BLIP2ITMClient.cosine: (480, 640, 3), Seems like there is a toilet ahead.
Sticking to last point.
Best value: 13.71%
Step: 35 | Mode: explore | Action: 1
BLIP2ITMClient.cosine: (480, 640, 3), Seems like there is a toilet ahead.
Sticking to last point.
Best value: 13.71%
Step: 36 | Mode: explore | Action: 1
BLIP2ITMClient.cosine: (480, 640, 3), Seems like there is a toilet ahead.
Sticking to last point.
Best value: 14.05%
Step: 37 | Mode: explore | Action: 1
BLIP2ITMClient.cosine: (480, 640, 3), Seems like there is a toilet ahead.
Sticking to last point.
Best value: 14.05%
Step: 38 | Mode: explore | Action: 1
BLIP2ITMClient.cosine: (480, 640, 3), Seems like there is a toilet ahead.
Sticking to last point.
Best value: 14.05%
Step: 39 | Mode: explore | Action: 2
BLIP2ITMClient.cosine: (480, 640, 3), Seems like there is a toilet ahead.
Sticking to last point.
Best value: 14.05%
Step: 40 | Mode: explore | Action: 1
BLIP2ITMClient.cosine: (480, 640, 3), Seems like there is a toilet ahead.
Sticking to last point.
Best value: 14.05%
Step: 41 | Mode: explore | Action: 3
BLIP2ITMClient.cosine: (480, 640, 3), Seems like there is a toilet ahead.
Sticking to last point.
Best value: 14.05%
Step: 42 | Mode: explore | Action: 1
BLIP2ITMClient.cosine: (480, 640, 3), Seems like there is a toilet ahead.
Sticking to last point.
Best value: 14.05%
Step: 43 | Mode: explore | Action: 3
BLIP2ITMClient.cosine: (480, 640, 3), Seems like there is a toilet ahead.
Best value: 13.52%
Step: 44 | Mode: explore | Action: 1
BLIP2ITMClient.cosine: (480, 640, 3), Seems like there is a toilet ahead.
Sticking to last point.
Best value: 13.52%
Step: 45 | Mode: explore | Action: 3
BLIP2ITMClient.cosine: (480, 640, 3), Seems like there is a toilet ahead.
Sticking to last point.
Best value: 13.52%
Step: 46 | Mode: explore | Action: 1
BLIP2ITMClient.cosine: (480, 640, 3), Seems like there is a toilet ahead.
Sticking to last point.
Best value: 13.52%
Step: 47 | Mode: explore | Action: 3
BLIP2ITMClient.cosine: (480, 640, 3), Seems like there is a toilet ahead.
Sticking to last point.
Best value: 13.52%
Step: 48 | Mode: explore | Action: 1
BLIP2ITMClient.cosine: (480, 640, 3), Seems like there is a toilet ahead.
Sticking to last point.
Best value: 13.52%
Step: 49 | Mode: explore | Action: 1
BLIP2ITMClient.cosine: (480, 640, 3), Seems like there is a toilet ahead.
Sticking to last point.
Best value: 13.52%
Step: 50 | Mode: explore | Action: 1
BLIP2ITMClient.cosine: (480, 640, 3), Seems like there is a toilet ahead.
Best value: 13.32%
Step: 51 | Mode: explore | Action: 1
BLIP2ITMClient.cosine: (480, 640, 3), Seems like there is a toilet ahead.
Sticking to last point.
Best value: 13.32%
Step: 52 | Mode: explore | Action: 1
BLIP2ITMClient.cosine: (480, 640, 3), Seems like there is a toilet ahead.
Sticking to last point.
Best value: 13.32%
Step: 53 | Mode: explore | Action: 1
BLIP2ITMClient.cosine: (480, 640, 3), Seems like there is a toilet ahead.
Sticking to last point.
Best value: 13.32%
Step: 54 | Mode: explore | Action: 1
BLIP2ITMClient.cosine: (480, 640, 3), Seems like there is a toilet ahead.
Sticking to last point.
Best value: 13.32%
Step: 55 | Mode: explore | Action: 1
BLIP2ITMClient.cosine: (480, 640, 3), Seems like there is a toilet ahead.
Sticking to last point.
Best value: 13.32%
Step: 56 | Mode: explore | Action: 3
BLIP2ITMClient.cosine: (480, 640, 3), Seems like there is a toilet ahead.
Sticking to last point.
Best value: 13.32%
Step: 57 | Mode: explore | Action: 1
BLIP2ITMClient.cosine: (480, 640, 3), Seems like there is a toilet ahead.
Sticking to last point.
Best value: 13.32%
Step: 58 | Mode: explore | Action: 1
BLIP2ITMClient.cosine: (480, 640, 3), Seems like there is a toilet ahead.
Sticking to last point.
Best value: 13.32%
Step: 59 | Mode: explore | Action: 1
BLIP2ITMClient.cosine: (480, 640, 3), Seems like there is a toilet ahead.
Sticking to last point.
Best value: 13.32%
Step: 60 | Mode: explore | Action: 1
BLIP2ITMClient.cosine: (480, 640, 3), Seems like there is a toilet ahead.
Sticking to last point.
Best value: 13.32%
Step: 61 | Mode: explore | Action: 1
BLIP2ITMClient.cosine: (480, 640, 3), Seems like there is a toilet ahead.
Sticking to last point.
Best value: 13.32%
Step: 62 | Mode: explore | Action: 3
BLIP2ITMClient.cosine: (480, 640, 3), Seems like there is a toilet ahead.
Sticking to last point.
Best value: 13.32%
Step: 63 | Mode: explore | Action: 1
BLIP2ITMClient.cosine: (480, 640, 3), Seems like there is a toilet ahead.
Sticking to last point.
Best value: 13.32%
Step: 64 | Mode: explore | Action: 1
BLIP2ITMClient.cosine: (480, 640, 3), Seems like there is a toilet ahead.
Sticking to last point.
Best value: 13.32%
Step: 65 | Mode: explore | Action: 1
BLIP2ITMClient.cosine: (480, 640, 3), Seems like there is a toilet ahead.
Sticking to last point.
Best value: 13.32%
Step: 66 | Mode: explore | Action: 1
BLIP2ITMClient.cosine: (480, 640, 3), Seems like there is a toilet ahead.
Sticking to last point.
Best value: 13.32%
Step: 67 | Mode: explore | Action: 3
BLIP2ITMClient.cosine: (480, 640, 3), Seems like there is a toilet ahead.
Sticking to last point.
Best value: 13.32%
Step: 68 | Mode: explore | Action: 1
BLIP2ITMClient.cosine: (480, 640, 3), Seems like there is a toilet ahead.
Sticking to last point.
Best value: 13.32%
Step: 69 | Mode: explore | Action: 1
BLIP2ITMClient.cosine: (480, 640, 3), Seems like there is a toilet ahead.
Sticking to last point.
Best value: 13.32%
Step: 70 | Mode: explore | Action: 3
BLIP2ITMClient.cosine: (480, 640, 3), Seems like there is a toilet ahead.
Best value: 16.33%
Step: 71 | Mode: explore | Action: 1
BLIP2ITMClient.cosine: (480, 640, 3), Seems like there is a toilet ahead.
Sticking to last point.
Best value: 16.33%
Step: 72 | Mode: explore | Action: 2
BLIP2ITMClient.cosine: (480, 640, 3), Seems like there is a toilet ahead.
Sticking to last point.
Best value: 16.33%
Step: 73 | Mode: explore | Action: 2
BLIP2ITMClient.cosine: (480, 640, 3), Seems like there is a toilet ahead.
Sticking to last point.
Best value: 16.33%
Step: 74 | Mode: explore | Action: 3
BLIP2ITMClient.cosine: (480, 640, 3), Seems like there is a toilet ahead.
Sticking to last point.
Best value: 16.33%
Step: 75 | Mode: explore | Action: 1
BLIP2ITMClient.cosine: (480, 640, 3), Seems like there is a toilet ahead.
Sticking to last point.
Best value: 16.33%
Step: 76 | Mode: explore | Action: 1
BLIP2ITMClient.cosine: (480, 640, 3), Seems like there is a toilet ahead.
Sticking to last point.
Best value: 16.33%
Step: 77 | Mode: explore | Action: 2
BLIP2ITMClient.cosine: (480, 640, 3), Seems like there is a toilet ahead.
Sticking to last point.
Best value: 16.33%
Step: 78 | Mode: explore | Action: 2
BLIP2ITMClient.cosine: (480, 640, 3), Seems like there is a toilet ahead.
Sticking to last point.
Best value: 16.33%
Step: 79 | Mode: explore | Action: 1
BLIP2ITMClient.cosine: (480, 640, 3), Seems like there is a toilet ahead.
Sticking to last point.
Best value: 16.33%
Step: 80 | Mode: explore | Action: 1
BLIP2ITMClient.cosine: (480, 640, 3), Seems like there is a toilet ahead.
Sticking to last point.
Best value: 16.33%
Step: 81 | Mode: explore | Action: 1
BLIP2ITMClient.cosine: (480, 640, 3), Seems like there is a toilet ahead.
Sticking to last point.
Best value: 16.33%
Step: 82 | Mode: explore | Action: 2
BLIP2ITMClient.cosine: (480, 640, 3), Seems like there is a toilet ahead.
Sticking to last point.
Best value: 16.33%
Step: 83 | Mode: explore | Action: 2
BLIP2ITMClient.cosine: (480, 640, 3), Seems like there is a toilet ahead.
Sticking to last point.
Best value: 16.33%
Step: 84 | Mode: explore | Action: 2
BLIP2ITMClient.cosine: (480, 640, 3), Seems like there is a toilet ahead.
Sticking to last point.
Best value: 16.33%
Step: 85 | Mode: explore | Action: 2
BLIP2ITMClient.cosine: (480, 640, 3), Seems like there is a toilet ahead.
Sticking to last point.
Best value: 16.33%
Step: 86 | Mode: explore | Action: 2
BLIP2ITMClient.cosine: (480, 640, 3), Seems like there is a toilet ahead.
Sticking to last point.
Best value: 16.33%
Step: 87 | Mode: explore | Action: 2
BLIP2ITMClient.cosine: (480, 640, 3), Seems like there is a toilet ahead.
Sticking to last point.
Best value: 16.33%
Step: 88 | Mode: explore | Action: 1
BLIP2ITMClient.cosine: (480, 640, 3), Seems like there is a toilet ahead.
Sticking to last point.
Best value: 16.33%
Step: 89 | Mode: explore | Action: 1
BLIP2ITMClient.cosine: (480, 640, 3), Seems like there is a toilet ahead.
Sticking to last point.
Best value: 16.33%
Step: 90 | Mode: explore | Action: 3
BLIP2ITMClient.cosine: (480, 640, 3), Seems like there is a toilet ahead.
Sticking to last point.
Best value: 16.33%
Step: 91 | Mode: explore | Action: 1
BLIP2ITMClient.cosine: (480, 640, 3), Seems like there is a toilet ahead.
Sticking to last point.
Best value: 16.33%
Step: 92 | Mode: explore | Action: 3
BLIP2ITMClient.cosine: (480, 640, 3), Seems like there is a toilet ahead.
Sticking to last point.
Best value: 16.33%
Step: 93 | Mode: explore | Action: 1
BLIP2ITMClient.cosine: (480, 640, 3), Seems like there is a toilet ahead.
Sticking to last point.
Best value: 16.33%
Step: 94 | Mode: explore | Action: 1
BLIP2ITMClient.cosine: (480, 640, 3), Seems like there is a toilet ahead.
Sticking to last point.
Best value: 16.33%
Step: 95 | Mode: explore | Action: 3
BLIP2ITMClient.cosine: (480, 640, 3), Seems like there is a toilet ahead.
Sticking to last point.
Best value: 16.33%
Step: 96 | Mode: explore | Action: 1
BLIP2ITMClient.cosine: (480, 640, 3), Seems like there is a toilet ahead.
Sticking to last point.
Best value: 16.33%
Step: 97 | Mode: explore | Action: 1
BLIP2ITMClient.cosine: (480, 640, 3), Seems like there is a toilet ahead.
Sticking to last point.
Best value: 16.33%
Step: 98 | Mode: explore | Action: 1
BLIP2ITMClient.cosine: (480, 640, 3), Seems like there is a toilet ahead.
Sticking to last point.
Best value: 16.33%
Step: 99 | Mode: explore | Action: 1
BLIP2ITMClient.cosine: (480, 640, 3), Seems like there is a toilet ahead.
Sticking to last point.
Best value: 16.33%
Step: 100 | Mode: explore | Action: 1
BLIP2ITMClient.cosine: (480, 640, 3), Seems like there is a toilet ahead.
Sticking to last point.
Best value: 16.33%
Step: 101 | Mode: explore | Action: 1
BLIP2ITMClient.cosine: (480, 640, 3), Seems like there is a toilet ahead.
Sticking to last point.
Best value: 16.33%
Step: 102 | Mode: explore | Action: 3
BLIP2ITMClient.cosine: (480, 640, 3), Seems like there is a toilet ahead.
Best value: 22.13%
Step: 103 | Mode: explore | Action: 3
BLIP2ITMClient.cosine: (480, 640, 3), Seems like there is a toilet ahead.
Sticking to last point.
Best value: 22.13%
Step: 104 | Mode: explore | Action: 3
BLIP2ITMClient.cosine: (480, 640, 3), Seems like there is a toilet ahead.
Sticking to last point.
Best value: 22.13%
Step: 105 | Mode: explore | Action: 3
BLIP2ITMClient.cosine: (480, 640, 3), Seems like there is a toilet ahead.
Sticking to last point.
Best value: 22.13%
Step: 106 | Mode: explore | Action: 3
BLIP2ITMClient.cosine: (480, 640, 3), Seems like there is a toilet ahead.
Sticking to last point.
Best value: 22.13%
Step: 107 | Mode: explore | Action: 3
BLIP2ITMClient.cosine: (480, 640, 3), Seems like there is a toilet ahead.
Sticking to last point.
Best value: 22.13%
Step: 108 | Mode: explore | Action: 1
BLIP2ITMClient.cosine: (480, 640, 3), Seems like there is a toilet ahead.
Sticking to last point.
Best value: 22.13%
Step: 109 | Mode: explore | Action: 1
BLIP2ITMClient.cosine: (480, 640, 3), Seems like there is a toilet ahead.
Sticking to last point.
Best value: 22.13%
Step: 110 | Mode: explore | Action: 1
BLIP2ITMClient.cosine: (480, 640, 3), Seems like there is a toilet ahead.
Sticking to last point.
Best value: 22.13%
Step: 111 | Mode: explore | Action: 1
BLIP2ITMClient.cosine: (480, 640, 3), Seems like there is a toilet ahead.
Sticking to last point.
Best value: 22.13%
Step: 112 | Mode: explore | Action: 1
BLIP2ITMClient.cosine: (480, 640, 3), Seems like there is a toilet ahead.
Sticking to last point.
Best value: 22.13%
Step: 113 | Mode: explore | Action: 1
BLIP2ITMClient.cosine: (480, 640, 3), Seems like there is a toilet ahead.
Sticking to last point.
Best value: 22.13%
Step: 114 | Mode: explore | Action: 2
BLIP2ITMClient.cosine: (480, 640, 3), Seems like there is a toilet ahead.
Sticking to last point.
Best value: 22.13%
Step: 115 | Mode: explore | Action: 1
BLIP2ITMClient.cosine: (480, 640, 3), Seems like there is a toilet ahead.
Sticking to last point.
Best value: 22.13%
Step: 116 | Mode: explore | Action: 1
BLIP2ITMClient.cosine: (480, 640, 3), Seems like there is a toilet ahead.
Sticking to last point.
Best value: 22.13%
Step: 117 | Mode: explore | Action: 2
BLIP2ITMClient.cosine: (480, 640, 3), Seems like there is a toilet ahead.
Sticking to last point.
Best value: 22.13%
Step: 118 | Mode: explore | Action: 1
BLIP2ITMClient.cosine: (480, 640, 3), Seems like there is a toilet ahead.
Sticking to last point.
Best value: 22.13%
Step: 119 | Mode: explore | Action: 2
BLIP2ITMClient.cosine: (480, 640, 3), Seems like there is a toilet ahead.
Sticking to last point.
Best value: 22.66%
Step: 120 | Mode: explore | Action: 1
BLIP2ITMClient.cosine: (480, 640, 3), Seems like there is a toilet ahead.
Best value: 20.57%
Step: 121 | Mode: explore | Action: 1
BLIP2ITMClient.cosine: (480, 640, 3), Seems like there is a toilet ahead.
Sticking to last point.
Best value: 20.57%
Step: 122 | Mode: explore | Action: 2
BLIP2ITMClient.cosine: (480, 640, 3), Seems like there is a toilet ahead.
Sticking to last point.
Best value: 22.10%
Step: 123 | Mode: explore | Action: 1
BLIP2ITMClient.cosine: (480, 640, 3), Seems like there is a toilet ahead.
Sticking to last point.
Best value: 23.02%
Step: 124 | Mode: explore | Action: 1
BLIP2ITMClient.cosine: (480, 640, 3), Seems like there is a toilet ahead.
Best value: 20.82%
Step: 125 | Mode: explore | Action: 1
BLIP2ITMClient.cosine: (480, 640, 3), Seems like there is a toilet ahead.
Best value: 19.69%
Step: 126 | Mode: explore | Action: 3
 60%|██████    | 18/30 [14:15<07:46, 38.89s/it] 63%|██████▎   | 19/30 [14:32<05:56, 32.42s/it]BLIP2ITMClient.cosine: (480, 640, 3), Seems like there is a toilet ahead.
Sticking to last point.
Best value: 19.57%
Step: 127 | Mode: explore | Action: 1
BLIP2ITMClient.cosine: (480, 640, 3), Seems like there is a toilet ahead.
Sticking to last point.
Best value: 19.55%
Step: 128 | Mode: explore | Action: 2
BLIP2ITMClient.cosine: (480, 640, 3), Seems like there is a toilet ahead.
Sticking to last point.
Best value: 19.63%
Step: 129 | Mode: explore | Action: 2
BLIP2ITMClient.cosine: (480, 640, 3), Seems like there is a toilet ahead.
Sticking to last point.
Best value: 21.76%
Step: 130 | Mode: explore | Action: 2
BLIP2ITMClient.cosine: (480, 640, 3), Seems like there is a toilet ahead.
Best value: 19.38%
Step: 131 | Mode: explore | Action: 2
BLIP2ITMClient.cosine: (480, 640, 3), Seems like there is a toilet ahead.
Sticking to last point.
Best value: 19.56%
Step: 132 | Mode: explore | Action: 3
BLIP2ITMClient.cosine: (480, 640, 3), Seems like there is a toilet ahead.
Sticking to last point.
Best value: 21.48%
Step: 133 | Mode: explore | Action: 3
BLIP2ITMClient.cosine: (480, 640, 3), Seems like there is a toilet ahead.
Sticking to last point.
Best value: 21.47%
Step: 134 | Mode: explore | Action: 3
BLIP2ITMClient.cosine: (480, 640, 3), Seems like there is a toilet ahead.
Sticking to last point.
Best value: 21.47%
Step: 135 | Mode: explore | Action: 3
BLIP2ITMClient.cosine: (480, 640, 3), Seems like there is a toilet ahead.
Sticking to last point.
Best value: 21.47%
Step: 136 | Mode: explore | Action: 3
BLIP2ITMClient.cosine: (480, 640, 3), Seems like there is a toilet ahead.
Sticking to last point.
Best value: 21.47%
Step: 137 | Mode: explore | Action: 3
BLIP2ITMClient.cosine: (480, 640, 3), Seems like there is a toilet ahead.
Step: 138 | Mode: navigate | Action: 2
BLIP2ITMClient.cosine: (480, 640, 3), Seems like there is a toilet ahead.
Step: 139 | Mode: navigate | Action: 1
BLIP2ITMClient.cosine: (480, 640, 3), Seems like there is a toilet ahead.
Step: 140 | Mode: navigate | Action: 3
BLIP2ITMClient.cosine: (480, 640, 3), Seems like there is a toilet ahead.
Step: 141 | Mode: navigate | Action: 1
BLIP2ITMClient.cosine: (480, 640, 3), Seems like there is a toilet ahead.
Step: 142 | Mode: navigate | Action: 1
BLIP2ITMClient.cosine: (480, 640, 3), Seems like there is a toilet ahead.
Step: 143 | Mode: navigate | Action: 3
BLIP2ITMClient.cosine: (480, 640, 3), Seems like there is a toilet ahead.
Step: 144 | Mode: navigate | Action: 1
BLIP2ITMClient.cosine: (480, 640, 3), Seems like there is a toilet ahead.
Step: 145 | Mode: navigate | Action: 3
BLIP2ITMClient.cosine: (480, 640, 3), Seems like there is a toilet ahead.
Step: 146 | Mode: navigate | Action: 1
BLIP2ITMClient.cosine: (480, 640, 3), Seems like there is a toilet ahead.
Step: 147 | Mode: navigate | Action: 2
BLIP2ITMClient.cosine: (480, 640, 3), Seems like there is a toilet ahead.
Step: 148 | Mode: navigate | Action: 2
BLIP2ITMClient.cosine: (480, 640, 3), Seems like there is a toilet ahead.
Step: 149 | Mode: navigate | Action: 1
BLIP2ITMClient.cosine: (480, 640, 3), Seems like there is a toilet ahead.
Step: 150 | Mode: navigate | Action: 0
Success rate: 38.89% (7 out of 18)
Episode 9 in scene wcojb4TFT35 failed due to 'bad_stop_true_positive'.
Logging episode 0009 to results/pilot/vlfm_original_jsons/9_wcojb4TFT35.json
BLIP2ITMClient.cosine: (480, 640, 3), Seems like there is a chair ahead.
Step: 0 | Mode: initialize | Action: 2
BLIP2ITMClient.cosine: (480, 640, 3), Seems like there is a chair ahead.
Step: 1 | Mode: initialize | Action: 2
BLIP2ITMClient.cosine: (480, 640, 3), Seems like there is a chair ahead.
Step: 2 | Mode: initialize | Action: 2
BLIP2ITMClient.cosine: (480, 640, 3), Seems like there is a chair ahead.
Step: 3 | Mode: initialize | Action: 2
BLIP2ITMClient.cosine: (480, 640, 3), Seems like there is a chair ahead.
Step: 4 | Mode: initialize | Action: 2
BLIP2ITMClient.cosine: (480, 640, 3), Seems like there is a chair ahead.
Step: 5 | Mode: initialize | Action: 2
BLIP2ITMClient.cosine: (480, 640, 3), Seems like there is a chair ahead.
Step: 6 | Mode: initialize | Action: 2
BLIP2ITMClient.cosine: (480, 640, 3), Seems like there is a chair ahead.
Step: 7 | Mode: initialize | Action: 2
BLIP2ITMClient.cosine: (480, 640, 3), Seems like there is a chair ahead.
Step: 8 | Mode: initialize | Action: 2
BLIP2ITMClient.cosine: (480, 640, 3), Seems like there is a chair ahead.
Step: 9 | Mode: initialize | Action: 2
BLIP2ITMClient.cosine: (480, 640, 3), Seems like there is a chair ahead.
Step: 10 | Mode: initialize | Action: 2
BLIP2ITMClient.cosine: (480, 640, 3), Seems like there is a chair ahead.
Step: 11 | Mode: initialize | Action: 2
BLIP2ITMClient.cosine: (480, 640, 3), Seems like there is a chair ahead.
Step: 12 | Mode: navigate | Action: 2
BLIP2ITMClient.cosine: (480, 640, 3), Seems like there is a chair ahead.
Step: 13 | Mode: navigate | Action: 2
BLIP2ITMClient.cosine: (480, 640, 3), Seems like there is a chair ahead.
Step: 14 | Mode: navigate | Action: 1
BLIP2ITMClient.cosine: (480, 640, 3), Seems like there is a chair ahead.
Step: 15 | Mode: navigate | Action: 1
BLIP2ITMClient.cosine: (480, 640, 3), Seems like there is a chair ahead.
Step: 16 | Mode: navigate | Action: 3
BLIP2ITMClient.cosine: (480, 640, 3), Seems like there is a chair ahead.
Step: 17 | Mode: navigate | Action: 1
BLIP2ITMClient.cosine: (480, 640, 3), Seems like there is a chair ahead.
Step: 18 | Mode: navigate | Action: 1
BLIP2ITMClient.cosine: (480, 640, 3), Seems like there is a chair ahead.
Step: 19 | Mode: navigate | Action: 1
BLIP2ITMClient.cosine: (480, 640, 3), Seems like there is a chair ahead.
Step: 20 | Mode: navigate | Action: 1
BLIP2ITMClient.cosine: (480, 640, 3), Seems like there is a chair ahead.
Step: 21 | Mode: navigate | Action: 3
BLIP2ITMClient.cosine: (480, 640, 3), Seems like there is a chair ahead.
Step: 22 | Mode: navigate | Action: 1
BLIP2ITMClient.cosine: (480, 640, 3), Seems like there is a chair ahead.
Step: 23 | Mode: navigate | Action: 1
BLIP2ITMClient.cosine: (480, 640, 3), Seems like there is a chair ahead.
Step: 24 | Mode: navigate | Action: 1
BLIP2ITMClient.cosine: (480, 640, 3), Seems like there is a chair ahead.
Step: 25 | Mode: navigate | Action: 1
BLIP2ITMClient.cosine: (480, 640, 3), Seems like there is a chair ahead.
Step: 26 | Mode: navigate | Action: 1
BLIP2ITMClient.cosine: (480, 640, 3), Seems like there is a chair ahead.
Step: 27 | Mode: navigate | Action: 1
BLIP2ITMClient.cosine: (480, 640, 3), Seems like there is a chair ahead.
Step: 28 | Mode: navigate | Action: 3
BLIP2ITMClient.cosine: (480, 640, 3), Seems like there is a chair ahead.
Step: 29 | Mode: navigate | Action: 1
BLIP2ITMClient.cosine: (480, 640, 3), Seems like there is a chair ahead.
Step: 30 | Mode: navigate | Action: 1
BLIP2ITMClient.cosine: (480, 640, 3), Seems like there is a chair ahead.
Step: 31 | Mode: navigate | Action: 1
BLIP2ITMClient.cosine: (480, 640, 3), Seems like there is a chair ahead.
Step: 32 | Mode: navigate | Action: 1
BLIP2ITMClient.cosine: (480, 640, 3), Seems like there is a chair ahead.
Step: 33 | Mode: navigate | Action: 1
BLIP2ITMClient.cosine: (480, 640, 3), Seems like there is a chair ahead.
Step: 34 | Mode: navigate | Action: 1
BLIP2ITMClient.cosine: (480, 640, 3), Seems like there is a chair ahead.
Step: 35 | Mode: navigate | Action: 1
BLIP2ITMClient.cosine: (480, 640, 3), Seems like there is a chair ahead.
Step: 36 | Mode: navigate | Action: 1
BLIP2ITMClient.cosine: (480, 640, 3), Seems like there is a chair ahead.
Step: 37 | Mode: navigate | Action: 0
Success rate: 42.11% (8 out of 19)
Logging episode 0001 to results/pilot/vlfm_original_jsons/1_wcojb4TFT35.json
BLIP2ITMClient.cosine: (480, 640, 3), Seems like there is a toilet ahead.
Step: 0 | Mode: initialize | Action: 2
BLIP2ITMClient.cosine: (480, 640, 3), Seems like there is a toilet ahead.
Step: 1 | Mode: initialize | Action: 2
BLIP2ITMClient.cosine: (480, 640, 3), Seems like there is a toilet ahead.
Step: 2 | Mode: initialize | Action: 2
BLIP2ITMClient.cosine: (480, 640, 3), Seems like there is a toilet ahead.
Step: 3 | Mode: initialize | Action: 2
BLIP2ITMClient.cosine: (480, 640, 3), Seems like there is a toilet ahead.
Step: 4 | Mode: initialize | Action: 2
BLIP2ITMClient.cosine: (480, 640, 3), Seems like there is a toilet ahead.
Step: 5 | Mode: initialize | Action: 2
BLIP2ITMClient.cosine: (480, 640, 3), Seems like there is a toilet ahead.
Step: 6 | Mode: initialize | Action: 2
BLIP2ITMClient.cosine: (480, 640, 3), Seems like there is a toilet ahead.
Step: 7 | Mode: initialize | Action: 2
BLIP2ITMClient.cosine: (480, 640, 3), Seems like there is a toilet ahead.
Step: 8 | Mode: initialize | Action: 2
BLIP2ITMClient.cosine: (480, 640, 3), Seems like there is a toilet ahead.
Step: 9 | Mode: initialize | Action: 2
BLIP2ITMClient.cosine: (480, 640, 3), Seems like there is a toilet ahead.
Step: 10 | Mode: initialize | Action: 2
BLIP2ITMClient.cosine: (480, 640, 3), Seems like there is a toilet ahead.
Step: 11 | Mode: initialize | Action: 2
BLIP2ITMClient.cosine: (480, 640, 3), Seems like there is a toilet ahead.
Best value: 15.95%
Step: 12 | Mode: explore | Action: 2
BLIP2ITMClient.cosine: (480, 640, 3), Seems like there is a toilet ahead.
Sticking to last point.
Best value: 15.95%
Step: 13 | Mode: explore | Action: 2
BLIP2ITMClient.cosine: (480, 640, 3), Seems like there is a toilet ahead.
Sticking to last point.
Best value: 15.95%
Step: 14 | Mode: explore | Action: 2
BLIP2ITMClient.cosine: (480, 640, 3), Seems like there is a toilet ahead.
Sticking to last point.
Best value: 15.95%
Step: 15 | Mode: explore | Action: 2
BLIP2ITMClient.cosine: (480, 640, 3), Seems like there is a toilet ahead.
Sticking to last point.
Best value: 15.95%
Step: 16 | Mode: explore | Action: 2
BLIP2ITMClient.cosine: (480, 640, 3), Seems like there is a toilet ahead.
Sticking to last point.
Best value: 16.81%
Step: 17 | Mode: explore | Action: 1
BLIP2ITMClient.cosine: (480, 640, 3), Seems like there is a toilet ahead.
Sticking to last point.
Best value: 16.70%
Step: 18 | Mode: explore | Action: 2
BLIP2ITMClient.cosine: (480, 640, 3), Seems like there is a toilet ahead.
Sticking to last point.
Best value: 18.27%
Step: 19 | Mode: explore | Action: 1
BLIP2ITMClient.cosine: (480, 640, 3), Seems like there is a toilet ahead.
Sticking to last point.
Best value: 18.74%
Step: 20 | Mode: explore | Action: 1
BLIP2ITMClient.cosine: (480, 640, 3), Seems like there is a toilet ahead.
Best value: 16.83%
Step: 21 | Mode: explore | Action: 1
BLIP2ITMClient.cosine: (480, 640, 3), Seems like there is a toilet ahead.
Sticking to last point.
Best value: 16.80%
Step: 22 | Mode: explore | Action: 2
BLIP2ITMClient.cosine: (480, 640, 3), Seems like there is a toilet ahead.
Sticking to last point.
Best value: 16.81%
Step: 23 | Mode: explore | Action: 1
BLIP2ITMClient.cosine: (480, 640, 3), Seems like there is a toilet ahead.
Sticking to last point.
Best value: 17.00%
Step: 24 | Mode: explore | Action: 2
BLIP2ITMClient.cosine: (480, 640, 3), Seems like there is a toilet ahead.
Sticking to last point.
Best value: 19.17%
Step: 25 | Mode: explore | Action: 2
BLIP2ITMClient.cosine: (480, 640, 3), Seems like there is a toilet ahead.
Best value: 16.20%
Step: 26 | Mode: explore | Action: 3
BLIP2ITMClient.cosine: (480, 640, 3), Seems like there is a toilet ahead.
Sticking to last point.
Best value: 16.20%
Step: 27 | Mode: explore | Action: 3
BLIP2ITMClient.cosine: (480, 640, 3), Seems like there is a toilet ahead.
Sticking to last point.
Best value: 16.20%
Step: 28 | Mode: explore | Action: 3
BLIP2ITMClient.cosine: (480, 640, 3), Seems like there is a toilet ahead.
Sticking to last point.
Best value: 15.28%
Step: 29 | Mode: explore | Action: 1
BLIP2ITMClient.cosine: (480, 640, 3), Seems like there is a toilet ahead.
Sticking to last point.
Best value: 15.23%
Step: 30 | Mode: explore | Action: 1
BLIP2ITMClient.cosine: (480, 640, 3), Seems like there is a toilet ahead.
Sticking to last point.
Best value: 15.16%
Step: 31 | Mode: explore | Action: 1
BLIP2ITMClient.cosine: (480, 640, 3), Seems like there is a toilet ahead.
Sticking to last point.
Best value: 17.19%
Step: 32 | Mode: explore | Action: 3
BLIP2ITMClient.cosine: (480, 640, 3), Seems like there is a toilet ahead.
Sticking to last point.
Best value: 17.42%
Step: 33 | Mode: explore | Action: 1
BLIP2ITMClient.cosine: (480, 640, 3), Seems like there is a toilet ahead.
Sticking to last point.
Best value: 16.77%
Step: 34 | Mode: explore | Action: 1
BLIP2ITMClient.cosine: (480, 640, 3), Seems like there is a toilet ahead.
Sticking to last point.
Best value: 16.77%
Step: 35 | Mode: explore | Action: 2
BLIP2ITMClient.cosine: (480, 640, 3), Seems like there is a toilet ahead.
Sticking to last point.
Best value: 18.34%
Step: 36 | Mode: explore | Action: 2
BLIP2ITMClient.cosine: (480, 640, 3), Seems like there is a toilet ahead.
Sticking to last point.
Best value: 21.33%
Step: 37 | Mode: explore | Action: 3
BLIP2ITMClient.cosine: (480, 640, 3), Seems like there is a toilet ahead.
Sticking to last point.
Best value: 20.76%
Step: 38 | Mode: explore | Action: 1
BLIP2ITMClient.cosine: (480, 640, 3), Seems like there is a toilet ahead.
Sticking to last point.
Best value: 21.19%
Step: 39 | Mode: explore | Action: 1
BLIP2ITMClient.cosine: (480, 640, 3), Seems like there is a toilet ahead.
Sticking to last point.
Best value: 22.19%
Step: 40 | Mode: explore | Action: 2
BLIP2ITMClient.cosine: (480, 640, 3), Seems like there is a toilet ahead.
Best value: 21.11%
Step: 41 | Mode: explore | Action: 1
BLIP2ITMClient.cosine: (480, 640, 3), Seems like there is a toilet ahead.
Sticking to last point.
Best value: 21.08%
Step: 42 | Mode: explore | Action: 2
BLIP2ITMClient.cosine: (480, 640, 3), Seems like there is a toilet ahead.
Best value: 20.01%
Step: 43 | Mode: explore | Action: 1
BLIP2ITMClient.cosine: (480, 640, 3), Seems like there is a toilet ahead.
Sticking to last point.
Best value: 20.10%
Step: 44 | Mode: explore | Action: 1
BLIP2ITMClient.cosine: (480, 640, 3), Seems like there is a toilet ahead.
Sticking to last point.
Best value: 19.91%
Step: 45 | Mode: explore | Action: 1
BLIP2ITMClient.cosine: (480, 640, 3), Seems like there is a toilet ahead.
Sticking to last point.
Best value: 19.95%
Step: 46 | Mode: explore | Action: 1
BLIP2ITMClient.cosine: (480, 640, 3), Seems like there is a toilet ahead.
Sticking to last point.
Best value: 19.95%
Step: 47 | Mode: explore | Action: 3
BLIP2ITMClient.cosine: (480, 640, 3), Seems like there is a toilet ahead.
Best value: 31.18%
Step: 48 | Mode: explore | Action: 1
BLIP2ITMClient.cosine: (480, 640, 3), Seems like there is a toilet ahead.
Sticking to last point.
Best value: 31.18%
Step: 49 | Mode: explore | Action: 3
BLIP2ITMClient.cosine: (480, 640, 3), Seems like there is a toilet ahead.
Step: 50 | Mode: navigate | Action: 2
BLIP2ITMClient.cosine: (480, 640, 3), Seems like there is a toilet ahead.
Step: 51 | Mode: navigate | Action: 3
BLIP2ITMClient.cosine: (480, 640, 3), Seems like there is a toilet ahead.
Step: 52 | Mode: navigate | Action: 3
BLIP2ITMClient.cosine: (480, 640, 3), Seems like there is a toilet ahead.
Step: 53 | Mode: navigate | Action: 1
BLIP2ITMClient.cosine: (480, 640, 3), Seems like there is a toilet ahead.
Step: 54 | Mode: navigate | Action: 1
BLIP2ITMClient.cosine: (480, 640, 3), Seems like there is a toilet ahead.
Step: 55 | Mode: navigate | Action: 2
BLIP2ITMClient.cosine: (480, 640, 3), Seems like there is a toilet ahead.
Step: 56 | Mode: navigate | Action: 1
BLIP2ITMClient.cosine: (480, 640, 3), Seems like there is a toilet ahead.
Step: 57 | Mode: navigate | Action: 2
BLIP2ITMClient.cosine: (480, 640, 3), Seems like there is a toilet ahead.
Step: 58 | Mode: navigate | Action: 1
BLIP2ITMClient.cosine: (480, 640, 3), Seems like there is a toilet ahead.
Step: 59 | Mode: navigate | Action: 3
BLIP2ITMClient.cosine: (480, 640, 3), Seems like there is a toilet ahead.
Step: 60 | Mode: navigate | Action: 3
BLIP2ITMClient.cosine: (480, 640, 3), Seems like there is a toilet ahead.
Step: 61 | Mode: navigate | Action: 1
BLIP2ITMClient.cosine: (480, 640, 3), Seems like there is a toilet ahead.
Step: 62 | Mode: navigate | Action: 3
BLIP2ITMClient.cosine: (480, 640, 3), Seems like there is a toilet ahead.
Step: 63 | Mode: navigate | Action: 1
 67%|██████▋   | 20/30 [14:54<04:51, 29.17s/it]BLIP2ITMClient.cosine: (480, 640, 3), Seems like there is a toilet ahead.
Step: 64 | Mode: navigate | Action: 2
BLIP2ITMClient.cosine: (480, 640, 3), Seems like there is a toilet ahead.
Step: 65 | Mode: navigate | Action: 1
BLIP2ITMClient.cosine: (480, 640, 3), Seems like there is a toilet ahead.
Step: 66 | Mode: navigate | Action: 0
Success rate: 45.00% (9 out of 20)
Logging episode 0006 to results/pilot/vlfm_original_jsons/6_wcojb4TFT35.json
BLIP2ITMClient.cosine: (480, 640, 3), Seems like there is a tv ahead.
Step: 0 | Mode: initialize | Action: 2
BLIP2ITMClient.cosine: (480, 640, 3), Seems like there is a tv ahead.
Step: 1 | Mode: initialize | Action: 2
BLIP2ITMClient.cosine: (480, 640, 3), Seems like there is a tv ahead.
Step: 2 | Mode: initialize | Action: 2
BLIP2ITMClient.cosine: (480, 640, 3), Seems like there is a tv ahead.
Step: 3 | Mode: initialize | Action: 2
BLIP2ITMClient.cosine: (480, 640, 3), Seems like there is a tv ahead.
Step: 4 | Mode: initialize | Action: 2
BLIP2ITMClient.cosine: (480, 640, 3), Seems like there is a tv ahead.
Step: 5 | Mode: initialize | Action: 2
BLIP2ITMClient.cosine: (480, 640, 3), Seems like there is a tv ahead.
Step: 6 | Mode: initialize | Action: 2
BLIP2ITMClient.cosine: (480, 640, 3), Seems like there is a tv ahead.
Step: 7 | Mode: initialize | Action: 2
BLIP2ITMClient.cosine: (480, 640, 3), Seems like there is a tv ahead.
Step: 8 | Mode: initialize | Action: 2
BLIP2ITMClient.cosine: (480, 640, 3), Seems like there is a tv ahead.
Step: 9 | Mode: initialize | Action: 2
BLIP2ITMClient.cosine: (480, 640, 3), Seems like there is a tv ahead.
Step: 10 | Mode: initialize | Action: 2
BLIP2ITMClient.cosine: (480, 640, 3), Seems like there is a tv ahead.
Step: 11 | Mode: initialize | Action: 2
BLIP2ITMClient.cosine: (480, 640, 3), Seems like there is a tv ahead.
Best value: 11.94%
Step: 12 | Mode: explore | Action: 2
BLIP2ITMClient.cosine: (480, 640, 3), Seems like there is a tv ahead.
Sticking to last point.
Best value: 11.94%
Step: 13 | Mode: explore | Action: 2
BLIP2ITMClient.cosine: (480, 640, 3), Seems like there is a tv ahead.
Sticking to last point.
Best value: 11.94%
Step: 14 | Mode: explore | Action: 2
BLIP2ITMClient.cosine: (480, 640, 3), Seems like there is a tv ahead.
Sticking to last point.
Best value: 12.23%
Step: 15 | Mode: explore | Action: 2
BLIP2ITMClient.cosine: (480, 640, 3), Seems like there is a tv ahead.
Sticking to last point.
Best value: 11.80%
Step: 16 | Mode: explore | Action: 1
BLIP2ITMClient.cosine: (480, 640, 3), Seems like there is a tv ahead.
Sticking to last point.
Best value: 11.37%
Step: 17 | Mode: explore | Action: 1
BLIP2ITMClient.cosine: (480, 640, 3), Seems like there is a tv ahead.
Sticking to last point.
Best value: 11.18%
Step: 18 | Mode: explore | Action: 1
BLIP2ITMClient.cosine: (480, 640, 3), Seems like there is a tv ahead.
Sticking to last point.
Best value: 11.04%
Step: 19 | Mode: explore | Action: 1
BLIP2ITMClient.cosine: (480, 640, 3), Seems like there is a tv ahead.
Sticking to last point.
Best value: 11.18%
Step: 20 | Mode: explore | Action: 1
BLIP2ITMClient.cosine: (480, 640, 3), Seems like there is a tv ahead.
Sticking to last point.
Best value: 11.18%
Step: 21 | Mode: explore | Action: 1
BLIP2ITMClient.cosine: (480, 640, 3), Seems like there is a tv ahead.
Sticking to last point.
Best value: 11.18%
Step: 22 | Mode: explore | Action: 3
BLIP2ITMClient.cosine: (480, 640, 3), Seems like there is a tv ahead.
Sticking to last point.
Best value: 10.56%
Step: 23 | Mode: explore | Action: 1
BLIP2ITMClient.cosine: (480, 640, 3), Seems like there is a tv ahead.
Sticking to last point.
Best value: 10.40%
Step: 24 | Mode: explore | Action: 1
BLIP2ITMClient.cosine: (480, 640, 3), Seems like there is a tv ahead.
Sticking to last point.
Best value: 10.28%
Step: 25 | Mode: explore | Action: 3
BLIP2ITMClient.cosine: (480, 640, 3), Seems like there is a tv ahead.
Sticking to last point.
Best value: 10.86%
Step: 26 | Mode: explore | Action: 1
BLIP2ITMClient.cosine: (480, 640, 3), Seems like there is a tv ahead.
Sticking to last point.
Best value: 10.76%
Step: 27 | Mode: explore | Action: 1
BLIP2ITMClient.cosine: (480, 640, 3), Seems like there is a tv ahead.
Sticking to last point.
Best value: 11.09%
Step: 28 | Mode: explore | Action: 1
BLIP2ITMClient.cosine: (480, 640, 3), Seems like there is a tv ahead.
Sticking to last point.
Best value: 10.89%
Step: 29 | Mode: explore | Action: 1
BLIP2ITMClient.cosine: (480, 640, 3), Seems like there is a tv ahead.
Sticking to last point.
Best value: 10.78%
Step: 30 | Mode: explore | Action: 2
BLIP2ITMClient.cosine: (480, 640, 3), Seems like there is a tv ahead.
Sticking to last point.
Best value: 10.78%
Step: 31 | Mode: explore | Action: 1
BLIP2ITMClient.cosine: (480, 640, 3), Seems like there is a tv ahead.
Sticking to last point.
Best value: 10.78%
Step: 32 | Mode: explore | Action: 2
BLIP2ITMClient.cosine: (480, 640, 3), Seems like there is a tv ahead.
Sticking to last point.
Best value: 10.78%
Step: 33 | Mode: explore | Action: 1
BLIP2ITMClient.cosine: (480, 640, 3), Seems like there is a tv ahead.
Sticking to last point.
Best value: 10.78%
Step: 34 | Mode: explore | Action: 3
BLIP2ITMClient.cosine: (480, 640, 3), Seems like there is a tv ahead.
Sticking to last point.
Best value: 10.78%
Step: 35 | Mode: explore | Action: 3
BLIP2ITMClient.cosine: (480, 640, 3), Seems like there is a tv ahead.
Sticking to last point.
Best value: 10.81%
Step: 36 | Mode: explore | Action: 1
BLIP2ITMClient.cosine: (480, 640, 3), Seems like there is a tv ahead.
Sticking to last point.
Best value: 10.81%
Step: 37 | Mode: explore | Action: 3
BLIP2ITMClient.cosine: (480, 640, 3), Seems like there is a tv ahead.
Sticking to last point.
Best value: 10.45%
Step: 38 | Mode: explore | Action: 1
BLIP2ITMClient.cosine: (480, 640, 3), Seems like there is a tv ahead.
Sticking to last point.
Best value: 10.31%
Step: 39 | Mode: explore | Action: 2
BLIP2ITMClient.cosine: (480, 640, 3), Seems like there is a tv ahead.
Sticking to last point.
Best value: 10.31%
Step: 40 | Mode: explore | Action: 1
BLIP2ITMClient.cosine: (480, 640, 3), Seems like there is a tv ahead.
Sticking to last point.
Best value: 10.31%
Step: 41 | Mode: explore | Action: 2
BLIP2ITMClient.cosine: (480, 640, 3), Seems like there is a tv ahead.
Sticking to last point.
Best value: 10.31%
Step: 42 | Mode: explore | Action: 1
BLIP2ITMClient.cosine: (480, 640, 3), Seems like there is a tv ahead.
Sticking to last point.
Best value: 10.31%
Step: 43 | Mode: explore | Action: 2
BLIP2ITMClient.cosine: (480, 640, 3), Seems like there is a tv ahead.
Sticking to last point.
Best value: 10.31%
Step: 44 | Mode: explore | Action: 1
BLIP2ITMClient.cosine: (480, 640, 3), Seems like there is a tv ahead.
Sticking to last point.
Best value: 10.31%
Step: 45 | Mode: explore | Action: 3
BLIP2ITMClient.cosine: (480, 640, 3), Seems like there is a tv ahead.
Sticking to last point.
Best value: 10.31%
Step: 46 | Mode: explore | Action: 3
BLIP2ITMClient.cosine: (480, 640, 3), Seems like there is a tv ahead.
Sticking to last point.
Best value: 10.31%
Step: 47 | Mode: explore | Action: 3
BLIP2ITMClient.cosine: (480, 640, 3), Seems like there is a tv ahead.
Sticking to last point.
Best value: 10.21%
Step: 48 | Mode: explore | Action: 1
BLIP2ITMClient.cosine: (480, 640, 3), Seems like there is a tv ahead.
Sticking to last point.
Best value: 10.32%
Step: 49 | Mode: explore | Action: 3
BLIP2ITMClient.cosine: (480, 640, 3), Seems like there is a tv ahead.
Best value: 11.46%
Step: 50 | Mode: explore | Action: 3
BLIP2ITMClient.cosine: (480, 640, 3), Seems like there is a tv ahead.
Best value: 10.74%
Step: 51 | Mode: explore | Action: 3
BLIP2ITMClient.cosine: (480, 640, 3), Seems like there is a tv ahead.
Sticking to last point.
Best value: 10.74%
Step: 52 | Mode: explore | Action: 3
BLIP2ITMClient.cosine: (480, 640, 3), Seems like there is a tv ahead.
Best value: 12.54%
Step: 53 | Mode: explore | Action: 1
BLIP2ITMClient.cosine: (480, 640, 3), Seems like there is a tv ahead.
Sticking to last point.
Best value: 12.54%
Step: 54 | Mode: explore | Action: 1
BLIP2ITMClient.cosine: (480, 640, 3), Seems like there is a tv ahead.
Sticking to last point.
Best value: 12.54%
Step: 55 | Mode: explore | Action: 3
BLIP2ITMClient.cosine: (480, 640, 3), Seems like there is a tv ahead.
Best value: 13.01%
Step: 56 | Mode: explore | Action: 1
BLIP2ITMClient.cosine: (480, 640, 3), Seems like there is a tv ahead.
Sticking to last point.
Best value: 13.61%
Step: 57 | Mode: explore | Action: 1
BLIP2ITMClient.cosine: (480, 640, 3), Seems like there is a tv ahead.
Best value: 14.00%
Step: 58 | Mode: explore | Action: 1
BLIP2ITMClient.cosine: (480, 640, 3), Seems like there is a tv ahead.
Sticking to last point.
Best value: 13.81%
Step: 59 | Mode: explore | Action: 1
BLIP2ITMClient.cosine: (480, 640, 3), Seems like there is a tv ahead.
Sticking to last point.
Best value: 13.84%
Step: 60 | Mode: explore | Action: 1
BLIP2ITMClient.cosine: (480, 640, 3), Seems like there is a tv ahead.
Sticking to last point.
Best value: 14.45%
Step: 61 | Mode: explore | Action: 3
BLIP2ITMClient.cosine: (480, 640, 3), Seems like there is a tv ahead.
Best value: 13.44%
Step: 62 | Mode: explore | Action: 1
BLIP2ITMClient.cosine: (480, 640, 3), Seems like there is a tv ahead.
Sticking to last point.
Best value: 12.47%
Step: 63 | Mode: explore | Action: 1
BLIP2ITMClient.cosine: (480, 640, 3), Seems like there is a tv ahead.
Sticking to last point.
Best value: 12.74%
Step: 64 | Mode: explore | Action: 1
BLIP2ITMClient.cosine: (480, 640, 3), Seems like there is a tv ahead.
Sticking to last point.
Best value: 13.23%
Step: 65 | Mode: explore | Action: 1
BLIP2ITMClient.cosine: (480, 640, 3), Seems like there is a tv ahead.
Sticking to last point.
Best value: 13.57%
Step: 66 | Mode: explore | Action: 1
BLIP2ITMClient.cosine: (480, 640, 3), Seems like there is a tv ahead.
Sticking to last point.
Best value: 12.94%
Step: 67 | Mode: explore | Action: 1
BLIP2ITMClient.cosine: (480, 640, 3), Seems like there is a tv ahead.
Sticking to last point.
Best value: 12.43%
Step: 68 | Mode: explore | Action: 1
BLIP2ITMClient.cosine: (480, 640, 3), Seems like there is a tv ahead.
Best value: 12.49%
Step: 69 | Mode: explore | Action: 1
BLIP2ITMClient.cosine: (480, 640, 3), Seems like there is a tv ahead.
Sticking to last point.
Best value: 12.61%
Step: 70 | Mode: explore | Action: 1
BLIP2ITMClient.cosine: (480, 640, 3), Seems like there is a tv ahead.
Sticking to last point.
Best value: 12.61%
Step: 71 | Mode: explore | Action: 2
BLIP2ITMClient.cosine: (480, 640, 3), Seems like there is a tv ahead.
Best value: 12.15%
Step: 72 | Mode: explore | Action: 1
BLIP2ITMClient.cosine: (480, 640, 3), Seems like there is a tv ahead.
Sticking to last point.
Best value: 12.15%
Step: 73 | Mode: explore | Action: 1
BLIP2ITMClient.cosine: (480, 640, 3), Seems like there is a tv ahead.
Sticking to last point.
Best value: 12.15%
Step: 74 | Mode: explore | Action: 2
BLIP2ITMClient.cosine: (480, 640, 3), Seems like there is a tv ahead.
Sticking to last point.
Best value: 12.15%
Step: 75 | Mode: explore | Action: 1
BLIP2ITMClient.cosine: (480, 640, 3), Seems like there is a tv ahead.
Sticking to last point.
Best value: 12.15%
Step: 76 | Mode: explore | Action: 3
BLIP2ITMClient.cosine: (480, 640, 3), Seems like there is a tv ahead.
Sticking to last point.
Best value: 12.15%
Step: 77 | Mode: explore | Action: 1
BLIP2ITMClient.cosine: (480, 640, 3), Seems like there is a tv ahead.
Sticking to last point.
Best value: 12.15%
Step: 78 | Mode: explore | Action: 2
BLIP2ITMClient.cosine: (480, 640, 3), Seems like there is a tv ahead.
Sticking to last point.
Best value: 12.15%
Step: 79 | Mode: explore | Action: 2
BLIP2ITMClient.cosine: (480, 640, 3), Seems like there is a tv ahead.
Sticking to last point.
Best value: 12.15%
Step: 80 | Mode: explore | Action: 1
BLIP2ITMClient.cosine: (480, 640, 3), Seems like there is a tv ahead.
Sticking to last point.
Best value: 12.15%
Step: 81 | Mode: explore | Action: 1
BLIP2ITMClient.cosine: (480, 640, 3), Seems like there is a tv ahead.
Sticking to last point.
Best value: 12.15%
Step: 82 | Mode: explore | Action: 1
BLIP2ITMClient.cosine: (480, 640, 3), Seems like there is a tv ahead.
Sticking to last point.
Best value: 12.15%
Step: 83 | Mode: explore | Action: 1
BLIP2ITMClient.cosine: (480, 640, 3), Seems like there is a tv ahead.
Sticking to last point.
Best value: 12.15%
Step: 84 | Mode: explore | Action: 1
BLIP2ITMClient.cosine: (480, 640, 3), Seems like there is a tv ahead.
Sticking to last point.
Best value: 12.15%
Step: 85 | Mode: explore | Action: 1
BLIP2ITMClient.cosine: (480, 640, 3), Seems like there is a tv ahead.
Sticking to last point.
Best value: 12.15%
Step: 86 | Mode: explore | Action: 1
BLIP2ITMClient.cosine: (480, 640, 3), Seems like there is a tv ahead.
Sticking to last point.
Best value: 12.15%
Step: 87 | Mode: explore | Action: 2
BLIP2ITMClient.cosine: (480, 640, 3), Seems like there is a tv ahead.
Sticking to last point.
Best value: 12.15%
Step: 88 | Mode: explore | Action: 1
BLIP2ITMClient.cosine: (480, 640, 3), Seems like there is a tv ahead.
Best value: 10.84%
Step: 89 | Mode: explore | Action: 3
BLIP2ITMClient.cosine: (480, 640, 3), Seems like there is a tv ahead.
Sticking to last point.
Best value: 10.84%
Step: 90 | Mode: explore | Action: 3
BLIP2ITMClient.cosine: (480, 640, 3), Seems like there is a tv ahead.
Sticking to last point.
Best value: 10.84%
Step: 91 | Mode: explore | Action: 3
BLIP2ITMClient.cosine: (480, 640, 3), Seems like there is a tv ahead.
Sticking to last point.
Best value: 10.84%
Step: 92 | Mode: explore | Action: 3
BLIP2ITMClient.cosine: (480, 640, 3), Seems like there is a tv ahead.
Sticking to last point.
Best value: 13.41%
Step: 93 | Mode: explore | Action: 3
BLIP2ITMClient.cosine: (480, 640, 3), Seems like there is a tv ahead.
Sticking to last point.
Best value: 12.43%
Step: 94 | Mode: explore | Action: 3
BLIP2ITMClient.cosine: (480, 640, 3), Seems like there is a tv ahead.
Sticking to last point.
Best value: 12.43%
Step: 95 | Mode: explore | Action: 3
BLIP2ITMClient.cosine: (480, 640, 3), Seems like there is a tv ahead.
Sticking to last point.
Best value: 12.43%
Step: 96 | Mode: explore | Action: 1
BLIP2ITMClient.cosine: (480, 640, 3), Seems like there is a tv ahead.
Sticking to last point.
Best value: 12.43%
Step: 97 | Mode: explore | Action: 2
BLIP2ITMClient.cosine: (480, 640, 3), Seems like there is a tv ahead.
Sticking to last point.
Best value: 12.43%
Step: 98 | Mode: explore | Action: 1
BLIP2ITMClient.cosine: (480, 640, 3), Seems like there is a tv ahead.
Sticking to last point.
Best value: 12.43%
Step: 99 | Mode: explore | Action: 3
BLIP2ITMClient.cosine: (480, 640, 3), Seems like there is a tv ahead.
Sticking to last point.
Best value: 12.43%
Step: 100 | Mode: explore | Action: 3
BLIP2ITMClient.cosine: (480, 640, 3), Seems like there is a tv ahead.
Sticking to last point.
Best value: 12.43%
Step: 101 | Mode: explore | Action: 1
BLIP2ITMClient.cosine: (480, 640, 3), Seems like there is a tv ahead.
Sticking to last point.
Best value: 12.43%
Step: 102 | Mode: explore | Action: 2
BLIP2ITMClient.cosine: (480, 640, 3), Seems like there is a tv ahead.
Sticking to last point.
Best value: 12.43%
Step: 103 | Mode: explore | Action: 2
BLIP2ITMClient.cosine: (480, 640, 3), Seems like there is a tv ahead.
Sticking to last point.
Best value: 12.43%
Step: 104 | Mode: explore | Action: 1
BLIP2ITMClient.cosine: (480, 640, 3), Seems like there is a tv ahead.
Sticking to last point.
Best value: 12.43%
Step: 105 | Mode: explore | Action: 2
BLIP2ITMClient.cosine: (480, 640, 3), Seems like there is a tv ahead.
Sticking to last point.
Best value: 12.83%
Step: 106 | Mode: explore | Action: 1
BLIP2ITMClient.cosine: (480, 640, 3), Seems like there is a tv ahead.
Sticking to last point.
Best value: 14.18%
Step: 107 | Mode: explore | Action: 3
BLIP2ITMClient.cosine: (480, 640, 3), Seems like there is a tv ahead.
Sticking to last point.
Best value: 14.18%
Step: 108 | Mode: explore | Action: 3
BLIP2ITMClient.cosine: (480, 640, 3), Seems like there is a tv ahead.
Sticking to last point.
Best value: 14.18%
Step: 109 | Mode: explore | Action: 1
BLIP2ITMClient.cosine: (480, 640, 3), Seems like there is a tv ahead.
Sticking to last point.
Best value: 14.18%
 70%|███████   | 21/30 [15:43<05:17, 35.24s/it]Step: 110 | Mode: explore | Action: 3
BLIP2ITMClient.cosine: (480, 640, 3), Seems like there is a tv ahead.
Sticking to last point.
Best value: 14.18%
Step: 111 | Mode: explore | Action: 1
BLIP2ITMClient.cosine: (480, 640, 3), Seems like there is a tv ahead.
Sticking to last point.
Best value: 14.18%
Step: 112 | Mode: explore | Action: 2
BLIP2ITMClient.cosine: (480, 640, 3), Seems like there is a tv ahead.
Sticking to last point.
Best value: 14.18%
Step: 113 | Mode: explore | Action: 2
BLIP2ITMClient.cosine: (480, 640, 3), Seems like there is a tv ahead.
Sticking to last point.
Best value: 14.18%
Step: 114 | Mode: explore | Action: 1
BLIP2ITMClient.cosine: (480, 640, 3), Seems like there is a tv ahead.
Sticking to last point.
Best value: 14.18%
Step: 115 | Mode: explore | Action: 1
BLIP2ITMClient.cosine: (480, 640, 3), Seems like there is a tv ahead.
Sticking to last point.
Best value: 14.18%
Step: 116 | Mode: explore | Action: 2
BLIP2ITMClient.cosine: (480, 640, 3), Seems like there is a tv ahead.
Sticking to last point.
Best value: 13.96%
Step: 117 | Mode: explore | Action: 1
BLIP2ITMClient.cosine: (480, 640, 3), Seems like there is a tv ahead.
Sticking to last point.
Best value: 13.96%
Step: 118 | Mode: explore | Action: 1
BLIP2ITMClient.cosine: (480, 640, 3), Seems like there is a tv ahead.
Sticking to last point.
Best value: 13.97%
Step: 119 | Mode: explore | Action: 1
BLIP2ITMClient.cosine: (480, 640, 3), Seems like there is a tv ahead.
Best value: 13.67%
Step: 120 | Mode: explore | Action: 2
BLIP2ITMClient.cosine: (480, 640, 3), Seems like there is a tv ahead.
Best value: 13.38%
Step: 121 | Mode: explore | Action: 1
BLIP2ITMClient.cosine: (480, 640, 3), Seems like there is a tv ahead.
Sticking to last point.
Best value: 16.71%
Step: 122 | Mode: explore | Action: 1
BLIP2ITMClient.cosine: (480, 640, 3), Seems like there is a tv ahead.
Sticking to last point.
Best value: 17.77%
Step: 123 | Mode: explore | Action: 1
BLIP2ITMClient.cosine: (480, 640, 3), Seems like there is a tv ahead.
Sticking to last point.
Best value: 17.38%
Step: 124 | Mode: explore | Action: 1
BLIP2ITMClient.cosine: (480, 640, 3), Seems like there is a tv ahead.
Sticking to last point.
Best value: 18.47%
Step: 125 | Mode: explore | Action: 2
BLIP2ITMClient.cosine: (480, 640, 3), Seems like there is a tv ahead.
Step: 126 | Mode: navigate | Action: 1
BLIP2ITMClient.cosine: (480, 640, 3), Seems like there is a tv ahead.
Step: 127 | Mode: navigate | Action: 1
BLIP2ITMClient.cosine: (480, 640, 3), Seems like there is a tv ahead.
Step: 128 | Mode: navigate | Action: 3
BLIP2ITMClient.cosine: (480, 640, 3), Seems like there is a tv ahead.
Step: 129 | Mode: navigate | Action: 1
BLIP2ITMClient.cosine: (480, 640, 3), Seems like there is a tv ahead.
Step: 130 | Mode: navigate | Action: 1
BLIP2ITMClient.cosine: (480, 640, 3), Seems like there is a tv ahead.
Step: 131 | Mode: navigate | Action: 3
BLIP2ITMClient.cosine: (480, 640, 3), Seems like there is a tv ahead.
Step: 132 | Mode: navigate | Action: 1
BLIP2ITMClient.cosine: (480, 640, 3), Seems like there is a tv ahead.
Step: 133 | Mode: navigate | Action: 1
BLIP2ITMClient.cosine: (480, 640, 3), Seems like there is a tv ahead.
Step: 134 | Mode: navigate | Action: 1
BLIP2ITMClient.cosine: (480, 640, 3), Seems like there is a tv ahead.
Step: 135 | Mode: navigate | Action: 1
BLIP2ITMClient.cosine: (480, 640, 3), Seems like there is a tv ahead.
Step: 136 | Mode: navigate | Action: 1
BLIP2ITMClient.cosine: (480, 640, 3), Seems like there is a tv ahead.
Step: 137 | Mode: navigate | Action: 1
BLIP2ITMClient.cosine: (480, 640, 3), Seems like there is a tv ahead.
Step: 138 | Mode: navigate | Action: 1
BLIP2ITMClient.cosine: (480, 640, 3), Seems like there is a tv ahead.
Step: 139 | Mode: navigate | Action: 1
BLIP2ITMClient.cosine: (480, 640, 3), Seems like there is a tv ahead.
Step: 140 | Mode: navigate | Action: 1
BLIP2ITMClient.cosine: (480, 640, 3), Seems like there is a tv ahead.
Step: 141 | Mode: navigate | Action: 1
BLIP2ITMClient.cosine: (480, 640, 3), Seems like there is a tv ahead.
Step: 142 | Mode: navigate | Action: 1
BLIP2ITMClient.cosine: (480, 640, 3), Seems like there is a tv ahead.
Step: 143 | Mode: navigate | Action: 2
BLIP2ITMClient.cosine: (480, 640, 3), Seems like there is a tv ahead.
Step: 144 | Mode: navigate | Action: 1
BLIP2ITMClient.cosine: (480, 640, 3), Seems like there is a tv ahead.
Step: 145 | Mode: navigate | Action: 1
BLIP2ITMClient.cosine: (480, 640, 3), Seems like there is a tv ahead.
Step: 146 | Mode: navigate | Action: 2
BLIP2ITMClient.cosine: (480, 640, 3), Seems like there is a tv ahead.
Step: 147 | Mode: navigate | Action: 3
BLIP2ITMClient.cosine: (480, 640, 3), Seems like there is a tv ahead.
Step: 148 | Mode: navigate | Action: 1
BLIP2ITMClient.cosine: (480, 640, 3), Seems like there is a tv ahead.
Step: 149 | Mode: navigate | Action: 1
BLIP2ITMClient.cosine: (480, 640, 3), Seems like there is a tv ahead.
Step: 150 | Mode: navigate | Action: 1
BLIP2ITMClient.cosine: (480, 640, 3), Seems like there is a tv ahead.
Step: 151 | Mode: navigate | Action: 1
BLIP2ITMClient.cosine: (480, 640, 3), Seems like there is a tv ahead.
Step: 152 | Mode: navigate | Action: 1
BLIP2ITMClient.cosine: (480, 640, 3), Seems like there is a tv ahead.
Step: 153 | Mode: navigate | Action: 0
Success rate: 47.62% (10 out of 21)
Logging episode 0010 to results/pilot/vlfm_original_jsons/10_wcojb4TFT35.json
BLIP2ITMClient.cosine: (480, 640, 3), Seems like there is a tv ahead.
Step: 0 | Mode: initialize | Action: 2
BLIP2ITMClient.cosine: (480, 640, 3), Seems like there is a tv ahead.
Step: 1 | Mode: initialize | Action: 2
BLIP2ITMClient.cosine: (480, 640, 3), Seems like there is a tv ahead.
Step: 2 | Mode: initialize | Action: 2
BLIP2ITMClient.cosine: (480, 640, 3), Seems like there is a tv ahead.
Step: 3 | Mode: initialize | Action: 2
BLIP2ITMClient.cosine: (480, 640, 3), Seems like there is a tv ahead.
Step: 4 | Mode: initialize | Action: 2
BLIP2ITMClient.cosine: (480, 640, 3), Seems like there is a tv ahead.
Step: 5 | Mode: initialize | Action: 2
BLIP2ITMClient.cosine: (480, 640, 3), Seems like there is a tv ahead.
Step: 6 | Mode: initialize | Action: 2
BLIP2ITMClient.cosine: (480, 640, 3), Seems like there is a tv ahead.
Step: 7 | Mode: initialize | Action: 2
BLIP2ITMClient.cosine: (480, 640, 3), Seems like there is a tv ahead.
Step: 8 | Mode: initialize | Action: 2
BLIP2ITMClient.cosine: (480, 640, 3), Seems like there is a tv ahead.
Step: 9 | Mode: initialize | Action: 2
BLIP2ITMClient.cosine: (480, 640, 3), Seems like there is a tv ahead.
Step: 10 | Mode: initialize | Action: 2
BLIP2ITMClient.cosine: (480, 640, 3), Seems like there is a tv ahead.
Step: 11 | Mode: initialize | Action: 2
BLIP2ITMClient.cosine: (480, 640, 3), Seems like there is a tv ahead.
Step: 12 | Mode: navigate | Action: 3
BLIP2ITMClient.cosine: (480, 640, 3), Seems like there is a tv ahead.
Step: 13 | Mode: navigate | Action: 1
BLIP2ITMClient.cosine: (480, 640, 3), Seems like there is a tv ahead.
Step: 14 | Mode: navigate | Action: 3
BLIP2ITMClient.cosine: (480, 640, 3), Seems like there is a tv ahead.
Step: 15 | Mode: navigate | Action: 1
BLIP2ITMClient.cosine: (480, 640, 3), Seems like there is a tv ahead.
Step: 16 | Mode: navigate | Action: 1
BLIP2ITMClient.cosine: (480, 640, 3), Seems like there is a tv ahead.
Step: 17 | Mode: navigate | Action: 1
BLIP2ITMClient.cosine: (480, 640, 3), Seems like there is a tv ahead.
Step: 18 | Mode: navigate | Action: 3
BLIP2ITMClient.cosine: (480, 640, 3), Seems like there is a tv ahead.
Step: 19 | Mode: navigate | Action: 1
BLIP2ITMClient.cosine: (480, 640, 3), Seems like there is a tv ahead.
Step: 20 | Mode: navigate | Action: 1
BLIP2ITMClient.cosine: (480, 640, 3), Seems like there is a tv ahead.
Step: 21 | Mode: navigate | Action: 1
BLIP2ITMClient.cosine: (480, 640, 3), Seems like there is a tv ahead.
Step: 22 | Mode: navigate | Action: 1
BLIP2ITMClient.cosine: (480, 640, 3), Seems like there is a tv ahead.
Step: 23 | Mode: navigate | Action: 1
BLIP2ITMClient.cosine: (480, 640, 3), Seems like there is a tv ahead.
Step: 24 | Mode: navigate | Action: 1
 73%|███████▎  | 22/30 [15:54<03:43, 27.97s/it]BLIP2ITMClient.cosine: (480, 640, 3), Seems like there is a tv ahead.
Step: 25 | Mode: navigate | Action: 1
BLIP2ITMClient.cosine: (480, 640, 3), Seems like there is a tv ahead.
Step: 26 | Mode: navigate | Action: 1
BLIP2ITMClient.cosine: (480, 640, 3), Seems like there is a tv ahead.
Step: 27 | Mode: navigate | Action: 1
BLIP2ITMClient.cosine: (480, 640, 3), Seems like there is a tv ahead.
Step: 28 | Mode: navigate | Action: 1
BLIP2ITMClient.cosine: (480, 640, 3), Seems like there is a tv ahead.
Step: 29 | Mode: navigate | Action: 2
BLIP2ITMClient.cosine: (480, 640, 3), Seems like there is a tv ahead.
Step: 30 | Mode: navigate | Action: 1
BLIP2ITMClient.cosine: (480, 640, 3), Seems like there is a tv ahead.
Step: 31 | Mode: navigate | Action: 0
Success rate: 45.45% (10 out of 22)
Episode 0 in scene wcojb4TFT35 failed due to 'false_positive'.
Logging episode 0000 to results/pilot/vlfm_original_jsons/0_wcojb4TFT35.json
BLIP2ITMClient.cosine: (480, 640, 3), Seems like there is a tv ahead.
Step: 0 | Mode: initialize | Action: 2
BLIP2ITMClient.cosine: (480, 640, 3), Seems like there is a tv ahead.
Step: 1 | Mode: initialize | Action: 2
BLIP2ITMClient.cosine: (480, 640, 3), Seems like there is a tv ahead.
Step: 2 | Mode: initialize | Action: 2
BLIP2ITMClient.cosine: (480, 640, 3), Seems like there is a tv ahead.
Step: 3 | Mode: initialize | Action: 2
BLIP2ITMClient.cosine: (480, 640, 3), Seems like there is a tv ahead.
Step: 4 | Mode: initialize | Action: 2
BLIP2ITMClient.cosine: (480, 640, 3), Seems like there is a tv ahead.
Step: 5 | Mode: initialize | Action: 2
BLIP2ITMClient.cosine: (480, 640, 3), Seems like there is a tv ahead.
Step: 6 | Mode: initialize | Action: 2
BLIP2ITMClient.cosine: (480, 640, 3), Seems like there is a tv ahead.
Step: 7 | Mode: initialize | Action: 2
BLIP2ITMClient.cosine: (480, 640, 3), Seems like there is a tv ahead.
Step: 8 | Mode: initialize | Action: 2
BLIP2ITMClient.cosine: (480, 640, 3), Seems like there is a tv ahead.
Step: 9 | Mode: initialize | Action: 2
BLIP2ITMClient.cosine: (480, 640, 3), Seems like there is a tv ahead.
Step: 10 | Mode: initialize | Action: 2
BLIP2ITMClient.cosine: (480, 640, 3), Seems like there is a tv ahead.
Step: 11 | Mode: initialize | Action: 2
BLIP2ITMClient.cosine: (480, 640, 3), Seems like there is a tv ahead.
Best value: 14.29%
Step: 12 | Mode: explore | Action: 2
BLIP2ITMClient.cosine: (480, 640, 3), Seems like there is a tv ahead.
Sticking to last point.
Best value: 14.29%
Step: 13 | Mode: explore | Action: 2
BLIP2ITMClient.cosine: (480, 640, 3), Seems like there is a tv ahead.
Sticking to last point.
Best value: 14.29%
Step: 14 | Mode: explore | Action: 2
BLIP2ITMClient.cosine: (480, 640, 3), Seems like there is a tv ahead.
Sticking to last point.
Best value: 14.29%
Step: 15 | Mode: explore | Action: 2
BLIP2ITMClient.cosine: (480, 640, 3), Seems like there is a tv ahead.
Sticking to last point.
Best value: 14.29%
Step: 16 | Mode: explore | Action: 1
BLIP2ITMClient.cosine: (480, 640, 3), Seems like there is a tv ahead.
Sticking to last point.
Best value: 14.29%
Step: 17 | Mode: explore | Action: 2
BLIP2ITMClient.cosine: (480, 640, 3), Seems like there is a tv ahead.
Sticking to last point.
Best value: 13.72%
Step: 18 | Mode: explore | Action: 1
BLIP2ITMClient.cosine: (480, 640, 3), Seems like there is a tv ahead.
Sticking to last point.
Best value: 14.83%
Step: 19 | Mode: explore | Action: 2
BLIP2ITMClient.cosine: (480, 640, 3), Seems like there is a tv ahead.
Sticking to last point.
Best value: 14.06%
Step: 20 | Mode: explore | Action: 1
BLIP2ITMClient.cosine: (480, 640, 3), Seems like there is a tv ahead.
Sticking to last point.
Best value: 13.38%
Step: 21 | Mode: explore | Action: 1
BLIP2ITMClient.cosine: (480, 640, 3), Seems like there is a tv ahead.
Sticking to last point.
Best value: 13.69%
Step: 22 | Mode: explore | Action: 1
BLIP2ITMClient.cosine: (480, 640, 3), Seems like there is a tv ahead.
Sticking to last point.
Best value: 13.31%
Step: 23 | Mode: explore | Action: 1
BLIP2ITMClient.cosine: (480, 640, 3), Seems like there is a tv ahead.
Sticking to last point.
Best value: 13.13%
Step: 24 | Mode: explore | Action: 3
BLIP2ITMClient.cosine: (480, 640, 3), Seems like there is a tv ahead.
Sticking to last point.
Best value: 12.89%
Step: 25 | Mode: explore | Action: 1
BLIP2ITMClient.cosine: (480, 640, 3), Seems like there is a tv ahead.
Sticking to last point.
Best value: 12.74%
Step: 26 | Mode: explore | Action: 1
BLIP2ITMClient.cosine: (480, 640, 3), Seems like there is a tv ahead.
Sticking to last point.
Best value: 12.19%
Step: 27 | Mode: explore | Action: 2
BLIP2ITMClient.cosine: (480, 640, 3), Seems like there is a tv ahead.
Sticking to last point.
Best value: 12.22%
Step: 28 | Mode: explore | Action: 1
BLIP2ITMClient.cosine: (480, 640, 3), Seems like there is a tv ahead.
Sticking to last point.
Best value: 12.22%
Step: 29 | Mode: explore | Action: 2
BLIP2ITMClient.cosine: (480, 640, 3), Seems like there is a tv ahead.
Sticking to last point.
Best value: 12.22%
Step: 30 | Mode: explore | Action: 1
BLIP2ITMClient.cosine: (480, 640, 3), Seems like there is a tv ahead.
Sticking to last point.
Best value: 12.22%
Step: 31 | Mode: explore | Action: 3
BLIP2ITMClient.cosine: (480, 640, 3), Seems like there is a tv ahead.
Sticking to last point.
Best value: 12.22%
Step: 32 | Mode: explore | Action: 3
BLIP2ITMClient.cosine: (480, 640, 3), Seems like there is a tv ahead.
Best value: 13.22%
Step: 33 | Mode: explore | Action: 3
BLIP2ITMClient.cosine: (480, 640, 3), Seems like there is a tv ahead.
Sticking to last point.
Best value: 13.22%
Step: 34 | Mode: explore | Action: 1
BLIP2ITMClient.cosine: (480, 640, 3), Seems like there is a tv ahead.
Sticking to last point.
Best value: 13.22%
Step: 35 | Mode: explore | Action: 1
BLIP2ITMClient.cosine: (480, 640, 3), Seems like there is a tv ahead.
Sticking to last point.
Best value: 13.22%
Step: 36 | Mode: explore | Action: 1
BLIP2ITMClient.cosine: (480, 640, 3), Seems like there is a tv ahead.
Sticking to last point.
Best value: 13.22%
Step: 37 | Mode: explore | Action: 1
BLIP2ITMClient.cosine: (480, 640, 3), Seems like there is a tv ahead.
Sticking to last point.
Best value: 13.22%
Step: 38 | Mode: explore | Action: 3
BLIP2ITMClient.cosine: (480, 640, 3), Seems like there is a tv ahead.
Sticking to last point.
Best value: 13.22%
Step: 39 | Mode: explore | Action: 1
BLIP2ITMClient.cosine: (480, 640, 3), Seems like there is a tv ahead.
Sticking to last point.
Best value: 13.22%
Step: 40 | Mode: explore | Action: 1
BLIP2ITMClient.cosine: (480, 640, 3), Seems like there is a tv ahead.
Sticking to last point.
Best value: 13.22%
Step: 41 | Mode: explore | Action: 3
BLIP2ITMClient.cosine: (480, 640, 3), Seems like there is a tv ahead.
Sticking to last point.
Best value: 13.22%
Step: 42 | Mode: explore | Action: 1
BLIP2ITMClient.cosine: (480, 640, 3), Seems like there is a tv ahead.
Sticking to last point.
Best value: 13.22%
Step: 43 | Mode: explore | Action: 1
BLIP2ITMClient.cosine: (480, 640, 3), Seems like there is a tv ahead.
Sticking to last point.
Best value: 13.22%
Step: 44 | Mode: explore | Action: 1
BLIP2ITMClient.cosine: (480, 640, 3), Seems like there is a tv ahead.
Sticking to last point.
Best value: 13.22%
Step: 45 | Mode: explore | Action: 1
BLIP2ITMClient.cosine: (480, 640, 3), Seems like there is a tv ahead.
Sticking to last point.
Best value: 13.22%
Step: 46 | Mode: explore | Action: 1
BLIP2ITMClient.cosine: (480, 640, 3), Seems like there is a tv ahead.
Sticking to last point.
Best value: 13.22%
Step: 47 | Mode: explore | Action: 1
BLIP2ITMClient.cosine: (480, 640, 3), Seems like there is a tv ahead.
Sticking to last point.
Best value: 13.22%
Step: 48 | Mode: explore | Action: 1
BLIP2ITMClient.cosine: (480, 640, 3), Seems like there is a tv ahead.
Sticking to last point.
Best value: 13.22%
Step: 49 | Mode: explore | Action: 1
BLIP2ITMClient.cosine: (480, 640, 3), Seems like there is a tv ahead.
Sticking to last point.
Best value: 13.22%
Step: 50 | Mode: explore | Action: 1
BLIP2ITMClient.cosine: (480, 640, 3), Seems like there is a tv ahead.
Sticking to last point.
Best value: 13.22%
 77%|███████▋  | 23/30 [16:25<03:21, 28.72s/it]Step: 51 | Mode: explore | Action: 1
BLIP2ITMClient.cosine: (480, 640, 3), Seems like there is a tv ahead.
Sticking to last point.
Best value: 13.22%
Step: 52 | Mode: explore | Action: 3
BLIP2ITMClient.cosine: (480, 640, 3), Seems like there is a tv ahead.
Sticking to last point.
Best value: 13.28%
Step: 53 | Mode: explore | Action: 1
BLIP2ITMClient.cosine: (480, 640, 3), Seems like there is a tv ahead.
Sticking to last point.
Best value: 13.19%
Step: 54 | Mode: explore | Action: 3
BLIP2ITMClient.cosine: (480, 640, 3), Seems like there is a tv ahead.
Sticking to last point.
Best value: 12.25%
Step: 55 | Mode: explore | Action: 1
BLIP2ITMClient.cosine: (480, 640, 3), Seems like there is a tv ahead.
Sticking to last point.
Best value: 11.99%
Step: 56 | Mode: explore | Action: 1
BLIP2ITMClient.cosine: (480, 640, 3), Seems like there is a tv ahead.
Sticking to last point.
Best value: 11.87%
Step: 57 | Mode: explore | Action: 2
BLIP2ITMClient.cosine: (480, 640, 3), Seems like there is a tv ahead.
Sticking to last point.
Best value: 11.87%
Step: 58 | Mode: explore | Action: 1
BLIP2ITMClient.cosine: (480, 640, 3), Seems like there is a tv ahead.
Sticking to last point.
Best value: 11.87%
Step: 59 | Mode: explore | Action: 2
BLIP2ITMClient.cosine: (480, 640, 3), Seems like there is a tv ahead.
Sticking to last point.
Best value: 11.87%
Step: 60 | Mode: explore | Action: 1
BLIP2ITMClient.cosine: (480, 640, 3), Seems like there is a tv ahead.
Best value: 13.38%
Step: 61 | Mode: explore | Action: 2
BLIP2ITMClient.cosine: (480, 640, 3), Seems like there is a tv ahead.
Best value: 12.36%
Step: 62 | Mode: explore | Action: 3
BLIP2ITMClient.cosine: (480, 640, 3), Seems like there is a tv ahead.
Sticking to last point.
Best value: 12.36%
Step: 63 | Mode: explore | Action: 3
BLIP2ITMClient.cosine: (480, 640, 3), Seems like there is a tv ahead.
Sticking to last point.
Best value: 12.36%
Step: 64 | Mode: explore | Action: 3
BLIP2ITMClient.cosine: (480, 640, 3), Seems like there is a tv ahead.
Sticking to last point.
Best value: 12.36%
Step: 65 | Mode: explore | Action: 3
BLIP2ITMClient.cosine: (480, 640, 3), Seems like there is a tv ahead.
Sticking to last point.
Best value: 12.36%
Step: 66 | Mode: explore | Action: 3
BLIP2ITMClient.cosine: (480, 640, 3), Seems like there is a tv ahead.
Sticking to last point.
Best value: 12.36%
Step: 67 | Mode: explore | Action: 1
BLIP2ITMClient.cosine: (480, 640, 3), Seems like there is a tv ahead.
Sticking to last point.
Best value: 12.36%
Step: 68 | Mode: explore | Action: 2
BLIP2ITMClient.cosine: (480, 640, 3), Seems like there is a tv ahead.
Sticking to last point.
Best value: 12.36%
Step: 69 | Mode: explore | Action: 1
BLIP2ITMClient.cosine: (480, 640, 3), Seems like there is a tv ahead.
Sticking to last point.
Best value: 12.36%
Step: 70 | Mode: explore | Action: 1
BLIP2ITMClient.cosine: (480, 640, 3), Seems like there is a tv ahead.
Sticking to last point.
Best value: 12.36%
Step: 71 | Mode: explore | Action: 1
BLIP2ITMClient.cosine: (480, 640, 3), Seems like there is a tv ahead.
Sticking to last point.
Best value: 12.36%
Step: 72 | Mode: explore | Action: 1
BLIP2ITMClient.cosine: (480, 640, 3), Seems like there is a tv ahead.
Sticking to last point.
Best value: 12.36%
Step: 73 | Mode: explore | Action: 3
BLIP2ITMClient.cosine: (480, 640, 3), Seems like there is a tv ahead.
Sticking to last point.
Best value: 12.36%
Step: 74 | Mode: explore | Action: 1
BLIP2ITMClient.cosine: (480, 640, 3), Seems like there is a tv ahead.
Sticking to last point.
Best value: 12.36%
Step: 75 | Mode: explore | Action: 1
BLIP2ITMClient.cosine: (480, 640, 3), Seems like there is a tv ahead.
Sticking to last point.
Best value: 12.36%
Step: 76 | Mode: explore | Action: 1
BLIP2ITMClient.cosine: (480, 640, 3), Seems like there is a tv ahead.
Sticking to last point.
Best value: 12.36%
Step: 77 | Mode: explore | Action: 3
BLIP2ITMClient.cosine: (480, 640, 3), Seems like there is a tv ahead.
Sticking to last point.
Best value: 12.35%
Step: 78 | Mode: explore | Action: 1
BLIP2ITMClient.cosine: (480, 640, 3), Seems like there is a tv ahead.
Step: 79 | Mode: navigate | Action: 1
BLIP2ITMClient.cosine: (480, 640, 3), Seems like there is a tv ahead.
Step: 80 | Mode: navigate | Action: 1
BLIP2ITMClient.cosine: (480, 640, 3), Seems like there is a tv ahead.
Step: 81 | Mode: navigate | Action: 1
BLIP2ITMClient.cosine: (480, 640, 3), Seems like there is a tv ahead.
Step: 82 | Mode: navigate | Action: 3
BLIP2ITMClient.cosine: (480, 640, 3), Seems like there is a tv ahead.
Step: 83 | Mode: navigate | Action: 1
BLIP2ITMClient.cosine: (480, 640, 3), Seems like there is a tv ahead.
Step: 84 | Mode: navigate | Action: 1
BLIP2ITMClient.cosine: (480, 640, 3), Seems like there is a tv ahead.
Step: 85 | Mode: navigate | Action: 1
BLIP2ITMClient.cosine: (480, 640, 3), Seems like there is a tv ahead.
Step: 86 | Mode: navigate | Action: 1
BLIP2ITMClient.cosine: (480, 640, 3), Seems like there is a tv ahead.
Step: 87 | Mode: navigate | Action: 1
BLIP2ITMClient.cosine: (480, 640, 3), Seems like there is a tv ahead.
Step: 88 | Mode: navigate | Action: 1
BLIP2ITMClient.cosine: (480, 640, 3), Seems like there is a tv ahead.
Step: 89 | Mode: navigate | Action: 3
BLIP2ITMClient.cosine: (480, 640, 3), Seems like there is a tv ahead.
Step: 90 | Mode: navigate | Action: 1
BLIP2ITMClient.cosine: (480, 640, 3), Seems like there is a tv ahead.
Step: 91 | Mode: navigate | Action: 1
BLIP2ITMClient.cosine: (480, 640, 3), Seems like there is a tv ahead.
Step: 92 | Mode: navigate | Action: 1
BLIP2ITMClient.cosine: (480, 640, 3), Seems like there is a tv ahead.
Step: 93 | Mode: navigate | Action: 1
BLIP2ITMClient.cosine: (480, 640, 3), Seems like there is a tv ahead.
Step: 94 | Mode: navigate | Action: 1
BLIP2ITMClient.cosine: (480, 640, 3), Seems like there is a tv ahead.
Step: 95 | Mode: navigate | Action: 2
BLIP2ITMClient.cosine: (480, 640, 3), Seems like there is a tv ahead.
Step: 96 | Mode: navigate | Action: 2
BLIP2ITMClient.cosine: (480, 640, 3), Seems like there is a tv ahead.
Step: 97 | Mode: navigate | Action: 1
BLIP2ITMClient.cosine: (480, 640, 3), Seems like there is a tv ahead.
Step: 98 | Mode: navigate | Action: 1
BLIP2ITMClient.cosine: (480, 640, 3), Seems like there is a tv ahead.
Step: 99 | Mode: navigate | Action: 0
Success rate: 43.48% (10 out of 23)
Episode 2 in scene wcojb4TFT35 failed due to 'false_positive'.
Logging episode 0002 to results/pilot/vlfm_original_jsons/2_wcojb4TFT35.json
BLIP2ITMClient.cosine: (480, 640, 3), Seems like there is a couch ahead.
Step: 0 | Mode: initialize | Action: 2
BLIP2ITMClient.cosine: (480, 640, 3), Seems like there is a couch ahead.
Step: 1 | Mode: initialize | Action: 2
BLIP2ITMClient.cosine: (480, 640, 3), Seems like there is a couch ahead.
Step: 2 | Mode: initialize | Action: 2
BLIP2ITMClient.cosine: (480, 640, 3), Seems like there is a couch ahead.
Step: 3 | Mode: initialize | Action: 2
BLIP2ITMClient.cosine: (480, 640, 3), Seems like there is a couch ahead.
Step: 4 | Mode: initialize | Action: 2
BLIP2ITMClient.cosine: (480, 640, 3), Seems like there is a couch ahead.
Step: 5 | Mode: initialize | Action: 2
BLIP2ITMClient.cosine: (480, 640, 3), Seems like there is a couch ahead.
Step: 6 | Mode: initialize | Action: 2
BLIP2ITMClient.cosine: (480, 640, 3), Seems like there is a couch ahead.
Step: 7 | Mode: initialize | Action: 2
BLIP2ITMClient.cosine: (480, 640, 3), Seems like there is a couch ahead.
Step: 8 | Mode: initialize | Action: 2
BLIP2ITMClient.cosine: (480, 640, 3), Seems like there is a couch ahead.
Step: 9 | Mode: initialize | Action: 2
BLIP2ITMClient.cosine: (480, 640, 3), Seems like there is a couch ahead.
Step: 10 | Mode: initialize | Action: 2
BLIP2ITMClient.cosine: (480, 640, 3), Seems like there is a couch ahead.
Step: 11 | Mode: initialize | Action: 2
BLIP2ITMClient.cosine: (480, 640, 3), Seems like there is a couch ahead.
Best value: 20.38%
Step: 12 | Mode: explore | Action: 3
BLIP2ITMClient.cosine: (480, 640, 3), Seems like there is a couch ahead.
Sticking to last point.
Best value: 20.38%
Step: 13 | Mode: explore | Action: 3
BLIP2ITMClient.cosine: (480, 640, 3), Seems like there is a couch ahead.
Sticking to last point.
Best value: 20.38%
Step: 14 | Mode: explore | Action: 1
BLIP2ITMClient.cosine: (480, 640, 3), Seems like there is a couch ahead.
Sticking to last point.
Best value: 20.38%
Step: 15 | Mode: explore | Action: 3
BLIP2ITMClient.cosine: (480, 640, 3), Seems like there is a couch ahead.
Sticking to last point.
Best value: 20.48%
Step: 16 | Mode: explore | Action: 1
BLIP2ITMClient.cosine: (480, 640, 3), Seems like there is a couch ahead.
Sticking to last point.
Best value: 20.48%
Step: 17 | Mode: explore | Action: 1
BLIP2ITMClient.cosine: (480, 640, 3), Seems like there is a couch ahead.
Sticking to last point.
Best value: 20.48%
Step: 18 | Mode: explore | Action: 1
BLIP2ITMClient.cosine: (480, 640, 3), Seems like there is a couch ahead.
Sticking to last point.
Best value: 20.48%
Step: 19 | Mode: explore | Action: 1
BLIP2ITMClient.cosine: (480, 640, 3), Seems like there is a couch ahead.
Sticking to last point.
Best value: 20.48%
Step: 20 | Mode: explore | Action: 3
BLIP2ITMClient.cosine: (480, 640, 3), Seems like there is a couch ahead.
Best value: 17.03%
Step: 21 | Mode: explore | Action: 1
BLIP2ITMClient.cosine: (480, 640, 3), Seems like there is a couch ahead.
Sticking to last point.
Best value: 17.03%
Step: 22 | Mode: explore | Action: 1
BLIP2ITMClient.cosine: (480, 640, 3), Seems like there is a couch ahead.
Sticking to last point.
Best value: 17.03%
Step: 23 | Mode: explore | Action: 1
BLIP2ITMClient.cosine: (480, 640, 3), Seems like there is a couch ahead.
Sticking to last point.
Best value: 17.03%
Step: 24 | Mode: explore | Action: 2
BLIP2ITMClient.cosine: (480, 640, 3), Seems like there is a couch ahead.
Sticking to last point.
Best value: 17.03%
Step: 25 | Mode: explore | Action: 2
BLIP2ITMClient.cosine: (480, 640, 3), Seems like there is a couch ahead.
Sticking to last point.
Best value: 17.03%
Step: 26 | Mode: explore | Action: 2
BLIP2ITMClient.cosine: (480, 640, 3), Seems like there is a couch ahead.
Sticking to last point.
Best value: 17.03%
Step: 27 | Mode: explore | Action: 2
BLIP2ITMClient.cosine: (480, 640, 3), Seems like there is a couch ahead.
Sticking to last point.
Best value: 17.03%
Step: 28 | Mode: explore | Action: 1
BLIP2ITMClient.cosine: (480, 640, 3), Seems like there is a couch ahead.
Sticking to last point.
Best value: 17.03%
Step: 29 | Mode: explore | Action: 1
BLIP2ITMClient.cosine: (480, 640, 3), Seems like there is a couch ahead.
Sticking to last point.
Best value: 17.03%
Step: 30 | Mode: explore | Action: 2
BLIP2ITMClient.cosine: (480, 640, 3), Seems like there is a couch ahead.
Sticking to last point.
Best value: 17.03%
Step: 31 | Mode: explore | Action: 1
BLIP2ITMClient.cosine: (480, 640, 3), Seems like there is a couch ahead.
Sticking to last point.
Best value: 17.03%
Step: 32 | Mode: explore | Action: 1
BLIP2ITMClient.cosine: (480, 640, 3), Seems like there is a couch ahead.
Sticking to last point.
Best value: 17.03%
Step: 33 | Mode: explore | Action: 1
BLIP2ITMClient.cosine: (480, 640, 3), Seems like there is a couch ahead.
Sticking to last point.
Best value: 17.03%
Step: 34 | Mode: explore | Action: 3
BLIP2ITMClient.cosine: (480, 640, 3), Seems like there is a couch ahead.
Sticking to last point.
Best value: 17.03%
Step: 35 | Mode: explore | Action: 1
BLIP2ITMClient.cosine: (480, 640, 3), Seems like there is a couch ahead.
Sticking to last point.
Best value: 17.03%
Step: 36 | Mode: explore | Action: 1
BLIP2ITMClient.cosine: (480, 640, 3), Seems like there is a couch ahead.
Sticking to last point.
Best value: 17.03%
Step: 37 | Mode: explore | Action: 1
BLIP2ITMClient.cosine: (480, 640, 3), Seems like there is a couch ahead.
Sticking to last point.
Best value: 17.03%
Step: 38 | Mode: explore | Action: 1
BLIP2ITMClient.cosine: (480, 640, 3), Seems like there is a couch ahead.
Sticking to last point.
Best value: 17.03%
Step: 39 | Mode: explore | Action: 1
BLIP2ITMClient.cosine: (480, 640, 3), Seems like there is a couch ahead.
Sticking to last point.
Best value: 17.03%
Step: 40 | Mode: explore | Action: 3
BLIP2ITMClient.cosine: (480, 640, 3), Seems like there is a couch ahead.
Best value: 15.89%
Step: 41 | Mode: explore | Action: 1
BLIP2ITMClient.cosine: (480, 640, 3), Seems like there is a couch ahead.
Sticking to last point.
Best value: 15.89%
Step: 42 | Mode: explore | Action: 1
BLIP2ITMClient.cosine: (480, 640, 3), Seems like there is a couch ahead.
Sticking to last point.
Best value: 15.89%
Step: 43 | Mode: explore | Action: 3
BLIP2ITMClient.cosine: (480, 640, 3), Seems like there is a couch ahead.
Sticking to last point.
Best value: 15.19%
Step: 44 | Mode: explore | Action: 3
BLIP2ITMClient.cosine: (480, 640, 3), Seems like there is a couch ahead.
Best value: 14.06%
Step: 45 | Mode: explore | Action: 2
BLIP2ITMClient.cosine: (480, 640, 3), Seems like there is a couch ahead.
Sticking to last point.
Best value: 14.06%
Step: 46 | Mode: explore | Action: 1
BLIP2ITMClient.cosine: (480, 640, 3), Seems like there is a couch ahead.
Sticking to last point.
Best value: 14.06%
Step: 47 | Mode: explore | Action: 1
BLIP2ITMClient.cosine: (480, 640, 3), Seems like there is a couch ahead.
Sticking to last point.
Best value: 14.06%
Step: 48 | Mode: explore | Action: 1
BLIP2ITMClient.cosine: (480, 640, 3), Seems like there is a couch ahead.
Sticking to last point.
Best value: 14.06%
Step: 49 | Mode: explore | Action: 3
BLIP2ITMClient.cosine: (480, 640, 3), Seems like there is a couch ahead.
Sticking to last point.
Best value: 14.06%
Step: 50 | Mode: explore | Action: 1
BLIP2ITMClient.cosine: (480, 640, 3), Seems like there is a couch ahead.
Sticking to last point.
Best value: 14.06%
Step: 51 | Mode: explore | Action: 3
BLIP2ITMClient.cosine: (480, 640, 3), Seems like there is a couch ahead.
Sticking to last point.
Best value: 14.06%
Step: 52 | Mode: explore | Action: 1
BLIP2ITMClient.cosine: (480, 640, 3), Seems like there is a couch ahead.
Sticking to last point.
Best value: 14.06%
Step: 53 | Mode: explore | Action: 1
BLIP2ITMClient.cosine: (480, 640, 3), Seems like there is a couch ahead.
Sticking to last point.
Best value: 14.06%
Step: 54 | Mode: explore | Action: 1
BLIP2ITMClient.cosine: (480, 640, 3), Seems like there is a couch ahead.
Sticking to last point.
Best value: 14.04%
Step: 55 | Mode: explore | Action: 1
BLIP2ITMClient.cosine: (480, 640, 3), Seems like there is a couch ahead.
Sticking to last point.
Best value: 13.97%
Step: 56 | Mode: explore | Action: 1
BLIP2ITMClient.cosine: (480, 640, 3), Seems like there is a couch ahead.
Sticking to last point.
Best value: 13.88%
Step: 57 | Mode: explore | Action: 1
BLIP2ITMClient.cosine: (480, 640, 3), Seems like there is a couch ahead.
Best value: 10.89%
Step: 58 | Mode: explore | Action: 1
BLIP2ITMClient.cosine: (480, 640, 3), Seems like there is a couch ahead.
Sticking to last point.
Best value: 10.43%
Step: 59 | Mode: explore | Action: 1
BLIP2ITMClient.cosine: (480, 640, 3), Seems like there is a couch ahead.
Sticking to last point.
Best value: 11.24%
Step: 60 | Mode: explore | Action: 1
BLIP2ITMClient.cosine: (480, 640, 3), Seems like there is a couch ahead.
Sticking to last point.
Best value: 11.47%
Step: 61 | Mode: explore | Action: 1
BLIP2ITMClient.cosine: (480, 640, 3), Seems like there is a couch ahead.
Sticking to last point.
Best value: 11.76%
Step: 62 | Mode: explore | Action: 1
BLIP2ITMClient.cosine: (480, 640, 3), Seems like there is a couch ahead.
Sticking to last point.
Best value: 12.00%
Step: 63 | Mode: explore | Action: 2
BLIP2ITMClient.cosine: (480, 640, 3), Seems like there is a couch ahead.
Sticking to last point.
Best value: 12.00%
Step: 64 | Mode: explore | Action: 1
BLIP2ITMClient.cosine: (480, 640, 3), Seems like there is a couch ahead.
Sticking to last point.
Best value: 12.00%
Step: 65 | Mode: explore | Action: 1
BLIP2ITMClient.cosine: (480, 640, 3), Seems like there is a couch ahead.
Sticking to last point.
Best value: 12.00%
Step: 66 | Mode: explore | Action: 1
BLIP2ITMClient.cosine: (480, 640, 3), Seems like there is a couch ahead.
Sticking to last point.
Best value: 12.00%
Step: 67 | Mode: explore | Action: 1
BLIP2ITMClient.cosine: (480, 640, 3), Seems like there is a couch ahead.
Sticking to last point.
 80%|████████  | 24/30 [17:04<03:11, 31.88s/it]Best value: 12.00%
Step: 68 | Mode: explore | Action: 1
BLIP2ITMClient.cosine: (480, 640, 3), Seems like there is a couch ahead.
Sticking to last point.
Best value: 12.00%
Step: 69 | Mode: explore | Action: 3
BLIP2ITMClient.cosine: (480, 640, 3), Seems like there is a couch ahead.
Sticking to last point.
Best value: 12.00%
Step: 70 | Mode: explore | Action: 1
BLIP2ITMClient.cosine: (480, 640, 3), Seems like there is a couch ahead.
Sticking to last point.
Best value: 12.00%
Step: 71 | Mode: explore | Action: 1
BLIP2ITMClient.cosine: (480, 640, 3), Seems like there is a couch ahead.
Sticking to last point.
Best value: 12.00%
Step: 72 | Mode: explore | Action: 1
BLIP2ITMClient.cosine: (480, 640, 3), Seems like there is a couch ahead.
Sticking to last point.
Best value: 12.00%
Step: 73 | Mode: explore | Action: 3
BLIP2ITMClient.cosine: (480, 640, 3), Seems like there is a couch ahead.
Sticking to last point.
Best value: 13.59%
Step: 74 | Mode: explore | Action: 1
BLIP2ITMClient.cosine: (480, 640, 3), Seems like there is a couch ahead.
Step: 75 | Mode: navigate | Action: 2
BLIP2ITMClient.cosine: (480, 640, 3), Seems like there is a couch ahead.
Step: 76 | Mode: navigate | Action: 1
BLIP2ITMClient.cosine: (480, 640, 3), Seems like there is a couch ahead.
Step: 77 | Mode: navigate | Action: 3
BLIP2ITMClient.cosine: (480, 640, 3), Seems like there is a couch ahead.
Step: 78 | Mode: navigate | Action: 1
BLIP2ITMClient.cosine: (480, 640, 3), Seems like there is a couch ahead.
Step: 79 | Mode: navigate | Action: 3
BLIP2ITMClient.cosine: (480, 640, 3), Seems like there is a couch ahead.
Step: 80 | Mode: navigate | Action: 3
BLIP2ITMClient.cosine: (480, 640, 3), Seems like there is a couch ahead.
Step: 81 | Mode: navigate | Action: 2
BLIP2ITMClient.cosine: (480, 640, 3), Seems like there is a couch ahead.
Step: 82 | Mode: navigate | Action: 1
BLIP2ITMClient.cosine: (480, 640, 3), Seems like there is a couch ahead.
Step: 83 | Mode: navigate | Action: 3
BLIP2ITMClient.cosine: (480, 640, 3), Seems like there is a couch ahead.
Step: 84 | Mode: navigate | Action: 1
BLIP2ITMClient.cosine: (480, 640, 3), Seems like there is a couch ahead.
Step: 85 | Mode: navigate | Action: 1
BLIP2ITMClient.cosine: (480, 640, 3), Seems like there is a couch ahead.
Step: 86 | Mode: navigate | Action: 1
BLIP2ITMClient.cosine: (480, 640, 3), Seems like there is a couch ahead.
Step: 87 | Mode: navigate | Action: 2
BLIP2ITMClient.cosine: (480, 640, 3), Seems like there is a couch ahead.
Step: 88 | Mode: navigate | Action: 1
BLIP2ITMClient.cosine: (480, 640, 3), Seems like there is a couch ahead.
Step: 89 | Mode: navigate | Action: 3
BLIP2ITMClient.cosine: (480, 640, 3), Seems like there is a couch ahead.
Step: 90 | Mode: navigate | Action: 3
BLIP2ITMClient.cosine: (480, 640, 3), Seems like there is a couch ahead.
Step: 91 | Mode: navigate | Action: 1
BLIP2ITMClient.cosine: (480, 640, 3), Seems like there is a couch ahead.
Step: 92 | Mode: navigate | Action: 3
BLIP2ITMClient.cosine: (480, 640, 3), Seems like there is a couch ahead.
Step: 93 | Mode: navigate | Action: 1
BLIP2ITMClient.cosine: (480, 640, 3), Seems like there is a couch ahead.
Step: 94 | Mode: navigate | Action: 2
BLIP2ITMClient.cosine: (480, 640, 3), Seems like there is a couch ahead.
Step: 95 | Mode: navigate | Action: 2
BLIP2ITMClient.cosine: (480, 640, 3), Seems like there is a couch ahead.
Step: 96 | Mode: navigate | Action: 2
BLIP2ITMClient.cosine: (480, 640, 3), Seems like there is a couch ahead.
Step: 97 | Mode: navigate | Action: 2
BLIP2ITMClient.cosine: (480, 640, 3), Seems like there is a couch ahead.
Step: 98 | Mode: navigate | Action: 1
BLIP2ITMClient.cosine: (480, 640, 3), Seems like there is a couch ahead.
Step: 99 | Mode: navigate | Action: 3
BLIP2ITMClient.cosine: (480, 640, 3), Seems like there is a couch ahead.
Step: 100 | Mode: navigate | Action: 3
BLIP2ITMClient.cosine: (480, 640, 3), Seems like there is a couch ahead.
Step: 101 | Mode: navigate | Action: 1
BLIP2ITMClient.cosine: (480, 640, 3), Seems like there is a couch ahead.
Step: 102 | Mode: navigate | Action: 1
BLIP2ITMClient.cosine: (480, 640, 3), Seems like there is a couch ahead.
Step: 103 | Mode: navigate | Action: 1
BLIP2ITMClient.cosine: (480, 640, 3), Seems like there is a couch ahead.
Step: 104 | Mode: navigate | Action: 2
BLIP2ITMClient.cosine: (480, 640, 3), Seems like there is a couch ahead.
Step: 105 | Mode: navigate | Action: 1
BLIP2ITMClient.cosine: (480, 640, 3), Seems like there is a couch ahead.
Step: 106 | Mode: navigate | Action: 1
BLIP2ITMClient.cosine: (480, 640, 3), Seems like there is a couch ahead.
Step: 107 | Mode: navigate | Action: 1
BLIP2ITMClient.cosine: (480, 640, 3), Seems like there is a couch ahead.
Step: 108 | Mode: navigate | Action: 1
BLIP2ITMClient.cosine: (480, 640, 3), Seems like there is a couch ahead.
Step: 109 | Mode: navigate | Action: 1
BLIP2ITMClient.cosine: (480, 640, 3), Seems like there is a couch ahead.
Step: 110 | Mode: navigate | Action: 1
BLIP2ITMClient.cosine: (480, 640, 3), Seems like there is a couch ahead.
Step: 111 | Mode: navigate | Action: 3
BLIP2ITMClient.cosine: (480, 640, 3), Seems like there is a couch ahead.
Step: 112 | Mode: navigate | Action: 1
BLIP2ITMClient.cosine: (480, 640, 3), Seems like there is a couch ahead.
Step: 113 | Mode: navigate | Action: 1
BLIP2ITMClient.cosine: (480, 640, 3), Seems like there is a couch ahead.
Step: 114 | Mode: navigate | Action: 1
BLIP2ITMClient.cosine: (480, 640, 3), Seems like there is a couch ahead.
Step: 115 | Mode: navigate | Action: 0
Success rate: 45.83% (11 out of 24)
Logging episode 0003 to results/pilot/vlfm_original_jsons/3_wcojb4TFT35.json
BLIP2ITMClient.cosine: (480, 640, 3), Seems like there is a chair ahead.
Step: 0 | Mode: initialize | Action: 2
BLIP2ITMClient.cosine: (480, 640, 3), Seems like there is a chair ahead.
Step: 1 | Mode: initialize | Action: 2
BLIP2ITMClient.cosine: (480, 640, 3), Seems like there is a chair ahead.
Step: 2 | Mode: initialize | Action: 2
BLIP2ITMClient.cosine: (480, 640, 3), Seems like there is a chair ahead.
Step: 3 | Mode: initialize | Action: 2
BLIP2ITMClient.cosine: (480, 640, 3), Seems like there is a chair ahead.
Step: 4 | Mode: initialize | Action: 2
BLIP2ITMClient.cosine: (480, 640, 3), Seems like there is a chair ahead.
Step: 5 | Mode: initialize | Action: 2
BLIP2ITMClient.cosine: (480, 640, 3), Seems like there is a chair ahead.
Step: 6 | Mode: initialize | Action: 2
BLIP2ITMClient.cosine: (480, 640, 3), Seems like there is a chair ahead.
Step: 7 | Mode: initialize | Action: 2
BLIP2ITMClient.cosine: (480, 640, 3), Seems like there is a chair ahead.
Step: 8 | Mode: initialize | Action: 2
BLIP2ITMClient.cosine: (480, 640, 3), Seems like there is a chair ahead.
Step: 9 | Mode: initialize | Action: 2
BLIP2ITMClient.cosine: (480, 640, 3), Seems like there is a chair ahead.
Step: 10 | Mode: initialize | Action: 2
BLIP2ITMClient.cosine: (480, 640, 3), Seems like there is a chair ahead.
Step: 11 | Mode: initialize | Action: 2
BLIP2ITMClient.cosine: (480, 640, 3), Seems like there is a chair ahead.
Best value: 12.62%
Step: 12 | Mode: explore | Action: 3
BLIP2ITMClient.cosine: (480, 640, 3), Seems like there is a chair ahead.
Sticking to last point.
Best value: 12.62%
Step: 13 | Mode: explore | Action: 1
BLIP2ITMClient.cosine: (480, 640, 3), Seems like there is a chair ahead.
Sticking to last point.
Best value: 12.62%
Step: 14 | Mode: explore | Action: 3
BLIP2ITMClient.cosine: (480, 640, 3), Seems like there is a chair ahead.
Sticking to last point.
Best value: 12.62%
Step: 15 | Mode: explore | Action: 3
BLIP2ITMClient.cosine: (480, 640, 3), Seems like there is a chair ahead.
Sticking to last point.
Best value: 12.24%
Step: 16 | Mode: explore | Action: 1
BLIP2ITMClient.cosine: (480, 640, 3), Seems like there is a chair ahead.
Sticking to last point.
Best value: 11.90%
Step: 17 | Mode: explore | Action: 1
BLIP2ITMClient.cosine: (480, 640, 3), Seems like there is a chair ahead.
Sticking to last point.
Best value: 11.90%
Step: 18 | Mode: explore | Action: 3
BLIP2ITMClient.cosine: (480, 640, 3), Seems like there is a chair ahead.
Sticking to last point.
Best value: 12.91%
Step: 19 | Mode: explore | Action: 1
BLIP2ITMClient.cosine: (480, 640, 3), Seems like there is a chair ahead.
Best value: 11.85%
Step: 20 | Mode: explore | Action: 1
BLIP2ITMClient.cosine: (480, 640, 3), Seems like there is a chair ahead.
Sticking to last point.
Best value: 11.86%
Step: 21 | Mode: explore | Action: 1
BLIP2ITMClient.cosine: (480, 640, 3), Seems like there is a chair ahead.
Sticking to last point.
Best value: 11.72%
Step: 22 | Mode: explore | Action: 1
BLIP2ITMClient.cosine: (480, 640, 3), Seems like there is a chair ahead.
Sticking to last point.
Best value: 11.20%
Step: 23 | Mode: explore | Action: 1
BLIP2ITMClient.cosine: (480, 640, 3), Seems like there is a chair ahead.
Sticking to last point.
Best value: 11.12%
Step: 24 | Mode: explore | Action: 1
BLIP2ITMClient.cosine: (480, 640, 3), Seems like there is a chair ahead.
Sticking to last point.
Best value: 10.52%
Step: 25 | Mode: explore | Action: 1
BLIP2ITMClient.cosine: (480, 640, 3), Seems like there is a chair ahead.
Sticking to last point.
Best value: 10.39%
Step: 26 | Mode: explore | Action: 1
BLIP2ITMClient.cosine: (480, 640, 3), Seems like there is a chair ahead.
Sticking to last point.
Best value: 10.16%
Step: 27 | Mode: explore | Action: 1
BLIP2ITMClient.cosine: (480, 640, 3), Seems like there is a chair ahead.
Sticking to last point.
Best value: 10.41%
Step: 28 | Mode: explore | Action: 1
BLIP2ITMClient.cosine: (480, 640, 3), Seems like there is a chair ahead.
Sticking to last point.
Best value: 10.69%
Step: 29 | Mode: explore | Action: 3
BLIP2ITMClient.cosine: (480, 640, 3), Seems like there is a chair ahead.
Sticking to last point.
Best value: 10.80%
Step: 30 | Mode: explore | Action: 3
BLIP2ITMClient.cosine: (480, 640, 3), Seems like there is a chair ahead.
Sticking to last point.
Best value: 9.88%
Step: 31 | Mode: explore | Action: 2
BLIP2ITMClient.cosine: (480, 640, 3), Seems like there is a chair ahead.
Sticking to last point.
Best value: 10.18%
Step: 32 | Mode: explore | Action: 1
BLIP2ITMClient.cosine: (480, 640, 3), Seems like there is a chair ahead.
Sticking to last point.
Best value: 10.52%
Step: 33 | Mode: explore | Action: 2
BLIP2ITMClient.cosine: (480, 640, 3), Seems like there is a chair ahead.
Sticking to last point.
Best value: 10.52%
Step: 34 | Mode: explore | Action: 1
BLIP2ITMClient.cosine: (480, 640, 3), Seems like there is a chair ahead.
Sticking to last point.
Best value: 10.52%
Step: 35 | Mode: explore | Action: 3
BLIP2ITMClient.cosine: (480, 640, 3), Seems like there is a chair ahead.
Sticking to last point.
Best value: 9.82%
Step: 36 | Mode: explore | Action: 3
BLIP2ITMClient.cosine: (480, 640, 3), Seems like there is a chair ahead.
Sticking to last point.
Best value: 9.65%
Step: 37 | Mode: explore | Action: 1
BLIP2ITMClient.cosine: (480, 640, 3), Seems like there is a chair ahead.
Sticking to last point.
Best value: 9.65%
Step: 38 | Mode: explore | Action: 3
BLIP2ITMClient.cosine: (480, 640, 3), Seems like there is a chair ahead.
Sticking to last point.
Best value: 9.63%
Step: 39 | Mode: explore | Action: 1
BLIP2ITMClient.cosine: (480, 640, 3), Seems like there is a chair ahead.
Sticking to last point.
Best value: 9.51%
Step: 40 | Mode: explore | Action: 1
BLIP2ITMClient.cosine: (480, 640, 3), Seems like there is a chair ahead.
Sticking to last point.
Best value: 9.47%
Step: 41 | Mode: explore | Action: 1
BLIP2ITMClient.cosine: (480, 640, 3), Seems like there is a chair ahead.
Sticking to last point.
Best value: 9.47%
Step: 42 | Mode: explore | Action: 3
BLIP2ITMClient.cosine: (480, 640, 3), Seems like there is a chair ahead.
Sticking to last point.
Best value: 10.45%
Step: 43 | Mode: explore | Action: 3
BLIP2ITMClient.cosine: (480, 640, 3), Seems like there is a chair ahead.
Best value: 11.45%
Step: 44 | Mode: explore | Action: 3
BLIP2ITMClient.cosine: (480, 640, 3), Seems like there is a chair ahead.
Sticking to last point.
Best value: 11.45%
Step: 45 | Mode: explore | Action: 3
BLIP2ITMClient.cosine: (480, 640, 3), Seems like there is a chair ahead.
Sticking to last point.
Best value: 11.45%
Step: 46 | Mode: explore | Action: 3
BLIP2ITMClient.cosine: (480, 640, 3), Seems like there is a chair ahead.
Sticking to last point.
Best value: 11.45%
Step: 47 | Mode: explore | Action: 3
BLIP2ITMClient.cosine: (480, 640, 3), Seems like there is a chair ahead.
Sticking to last point.
Best value: 11.40%
Step: 48 | Mode: explore | Action: 1
BLIP2ITMClient.cosine: (480, 640, 3), Seems like there is a chair ahead.
Sticking to last point.
Best value: 11.07%
Step: 49 | Mode: explore | Action: 1
BLIP2ITMClient.cosine: (480, 640, 3), Seems like there is a chair ahead.
Sticking to last point.
Best value: 11.06%
Step: 50 | Mode: explore | Action: 1
BLIP2ITMClient.cosine: (480, 640, 3), Seems like there is a chair ahead.
Sticking to last point.
Best value: 11.08%
Step: 51 | Mode: explore | Action: 3
BLIP2ITMClient.cosine: (480, 640, 3), Seems like there is a chair ahead.
Sticking to last point.
Best value: 10.68%
Step: 52 | Mode: explore | Action: 1
BLIP2ITMClient.cosine: (480, 640, 3), Seems like there is a chair ahead.
Sticking to last point.
Best value: 10.39%
Step: 53 | Mode: explore | Action: 3
BLIP2ITMClient.cosine: (480, 640, 3), Seems like there is a chair ahead.
Sticking to last point.
Best value: 10.60%
Step: 54 | Mode: explore | Action: 1
BLIP2ITMClient.cosine: (480, 640, 3), Seems like there is a chair ahead.
Sticking to last point.
Best value: 10.90%
Step: 55 | Mode: explore | Action: 1
BLIP2ITMClient.cosine: (480, 640, 3), Seems like there is a chair ahead.
Sticking to last point.
Best value: 10.81%
Step: 56 | Mode: explore | Action: 2
BLIP2ITMClient.cosine: (480, 640, 3), Seems like there is a chair ahead.
Sticking to last point.
Best value: 11.61%
Step: 57 | Mode: explore | Action: 1
BLIP2ITMClient.cosine: (480, 640, 3), Seems like there is a chair ahead.
Sticking to last point.
Best value: 11.86%
Step: 58 | Mode: explore | Action: 2
BLIP2ITMClient.cosine: (480, 640, 3), Seems like there is a chair ahead.
Best value: 11.45%
Step: 59 | Mode: explore | Action: 3
BLIP2ITMClient.cosine: (480, 640, 3), Seems like there is a chair ahead.
Sticking to last point.
Best value: 11.45%
Step: 60 | Mode: explore | Action: 1
BLIP2ITMClient.cosine: (480, 640, 3), Seems like there is a chair ahead.
Sticking to last point.
Best value: 11.45%
Step: 61 | Mode: explore | Action: 3
BLIP2ITMClient.cosine: (480, 640, 3), Seems like there is a chair ahead.
Sticking to last point.
Best value: 11.45%
Step: 62 | Mode: explore | Action: 1
BLIP2ITMClient.cosine: (480, 640, 3), Seems like there is a chair ahead.
Sticking to last point.
Best value: 11.45%
Step: 63 | Mode: explore | Action: 3
BLIP2ITMClient.cosine: (480, 640, 3), Seems like there is a chair ahead.
Sticking to last point.
Best value: 11.45%
Step: 64 | Mode: explore | Action: 1
BLIP2ITMClient.cosine: (480, 640, 3), Seems like there is a chair ahead.
Sticking to last point.
Best value: 11.45%
Step: 65 | Mode: explore | Action: 2
BLIP2ITMClient.cosine: (480, 640, 3), Seems like there is a chair ahead.
Sticking to last point.
Best value: 11.45%
Step: 66 | Mode: explore | Action: 2
BLIP2ITMClient.cosine: (480, 640, 3), Seems like there is a chair ahead.
Sticking to last point.
Best value: 11.45%
Step: 67 | Mode: explore | Action: 2
BLIP2ITMClient.cosine: (480, 640, 3), Seems like there is a chair ahead.
Sticking to last point.
Best value: 11.45%
Step: 68 | Mode: explore | Action: 1
BLIP2ITMClient.cosine: (480, 640, 3), Seems like there is a chair ahead.
Sticking to last point.
Best value: 11.45%
Step: 69 | Mode: explore | Action: 1
BLIP2ITMClient.cosine: (480, 640, 3), Seems like there is a chair ahead.
Sticking to last point.
Best value: 11.45%
Step: 70 | Mode: explore | Action: 1
BLIP2ITMClient.cosine: (480, 640, 3), Seems like there is a chair ahead.
Best value: 10.95%
Step: 71 | Mode: explore | Action: 1
BLIP2ITMClient.cosine: (480, 640, 3), Seems like there is a chair ahead.
Sticking to last point.
Best value: 11.15%
Step: 72 | Mode: explore | Action: 3
BLIP2ITMClient.cosine: (480, 640, 3), Seems like there is a chair ahead.
Sticking to last point.
Best value: 11.73%
Step: 73 | Mode: explore | Action: 3
BLIP2ITMClient.cosine: (480, 640, 3), Seems like there is a chair ahead.
Sticking to last point.
Best value: 10.88%
Step: 74 | Mode: explore | Action: 2
BLIP2ITMClient.cosine: (480, 640, 3), Seems like there is a chair ahead.
Sticking to last point.
Best value: 11.15%
Step: 75 | Mode: explore | Action: 1
BLIP2ITMClient.cosine: (480, 640, 3), Seems like there is a chair ahead.
Sticking to last point.
Best value: 11.34%
Step: 76 | Mode: explore | Action: 2
BLIP2ITMClient.cosine: (480, 640, 3), Seems like there is a chair ahead.
Sticking to last point.
Best value: 11.34%
Step: 77 | Mode: explore | Action: 1
BLIP2ITMClient.cosine: (480, 640, 3), Seems like there is a chair ahead.
Sticking to last point.
Best value: 11.34%
Step: 78 | Mode: explore | Action: 2
BLIP2ITMClient.cosine: (480, 640, 3), Seems like there is a chair ahead.
Sticking to last point.
Best value: 11.34%
Step: 79 | Mode: explore | Action: 1
BLIP2ITMClient.cosine: (480, 640, 3), Seems like there is a chair ahead.
Sticking to last point.
Best value: 11.34%
Step: 80 | Mode: explore | Action: 3
BLIP2ITMClient.cosine: (480, 640, 3), Seems like there is a chair ahead.
Sticking to last point.
Best value: 11.34%
Step: 81 | Mode: explore | Action: 1
BLIP2ITMClient.cosine: (480, 640, 3), Seems like there is a chair ahead.
Sticking to last point.
Best value: 11.34%
Step: 82 | Mode: explore | Action: 3
BLIP2ITMClient.cosine: (480, 640, 3), Seems like there is a chair ahead.
Sticking to last point.
Best value: 11.34%
Step: 83 | Mode: explore | Action: 3
BLIP2ITMClient.cosine: (480, 640, 3), Seems like there is a chair ahead.
Sticking to last point.
Best value: 11.16%
Step: 84 | Mode: explore | Action: 1
BLIP2ITMClient.cosine: (480, 640, 3), Seems like there is a chair ahead.
Sticking to last point.
Best value: 11.11%
Step: 85 | Mode: explore | Action: 1
BLIP2ITMClient.cosine: (480, 640, 3), Seems like there is a chair ahead.
Sticking to last point.
Best value: 11.08%
Step: 86 | Mode: explore | Action: 2
BLIP2ITMClient.cosine: (480, 640, 3), Seems like there is a chair ahead.
Sticking to last point.
Best value: 11.08%
Step: 87 | Mode: explore | Action: 2
BLIP2ITMClient.cosine: (480, 640, 3), Seems like there is a chair ahead.
Sticking to last point.
Best value: 11.08%
Step: 88 | Mode: explore | Action: 1
BLIP2ITMClient.cosine: (480, 640, 3), Seems like there is a chair ahead.
Sticking to last point.
Best value: 11.08%
Step: 89 | Mode: explore | Action: 2
BLIP2ITMClient.cosine: (480, 640, 3), Seems like there is a chair ahead.
Sticking to last point.
Best value: 11.08%
Step: 90 | Mode: explore | Action: 1
BLIP2ITMClient.cosine: (480, 640, 3), Seems like there is a chair ahead.
Sticking to last point.
Best value: 11.08%
Step: 91 | Mode: explore | Action: 3
BLIP2ITMClient.cosine: (480, 640, 3), Seems like there is a chair ahead.
Sticking to last point.
Best value: 11.08%
Step: 92 | Mode: explore | Action: 1
BLIP2ITMClient.cosine: (480, 640, 3), Seems like there is a chair ahead.
Sticking to last point.
Best value: 11.08%
Step: 93 | Mode: explore | Action: 3
BLIP2ITMClient.cosine: (480, 640, 3), Seems like there is a chair ahead.
Sticking to last point.
Best value: 11.08%
Step: 94 | Mode: explore | Action: 3
BLIP2ITMClient.cosine: (480, 640, 3), Seems like there is a chair ahead.
Sticking to last point.
Best value: 11.08%
Step: 95 | Mode: explore | Action: 1
BLIP2ITMClient.cosine: (480, 640, 3), Seems like there is a chair ahead.
Sticking to last point.
Best value: 11.08%
Step: 96 | Mode: explore | Action: 1
BLIP2ITMClient.cosine: (480, 640, 3), Seems like there is a chair ahead.
Sticking to last point.
Best value: 11.08%
Step: 97 | Mode: explore | Action: 2
BLIP2ITMClient.cosine: (480, 640, 3), Seems like there is a chair ahead.
Sticking to last point.
Best value: 11.08%
Step: 98 | Mode: explore | Action: 1
BLIP2ITMClient.cosine: (480, 640, 3), Seems like there is a chair ahead.
Sticking to last point.
Best value: 11.08%
Step: 99 | Mode: explore | Action: 2
BLIP2ITMClient.cosine: (480, 640, 3), Seems like there is a chair ahead.
Sticking to last point.
Best value: 11.08%
Step: 100 | Mode: explore | Action: 1
BLIP2ITMClient.cosine: (480, 640, 3), Seems like there is a chair ahead.
Sticking to last point.
Best value: 11.08%
Step: 101 | Mode: explore | Action: 2
BLIP2ITMClient.cosine: (480, 640, 3), Seems like there is a chair ahead.
Sticking to last point.
Best value: 11.08%
Step: 102 | Mode: explore | Action: 1
BLIP2ITMClient.cosine: (480, 640, 3), Seems like there is a chair ahead.
Sticking to last point.
Best value: 11.08%
Step: 103 | Mode: explore | Action: 3
BLIP2ITMClient.cosine: (480, 640, 3), Seems like there is a chair ahead.
Sticking to last point.
Best value: 11.08%
Step: 104 | Mode: explore | Action: 3
BLIP2ITMClient.cosine: (480, 640, 3), Seems like there is a chair ahead.
Sticking to last point.
Best value: 11.08%
Step: 105 | Mode: explore | Action: 3
BLIP2ITMClient.cosine: (480, 640, 3), Seems like there is a chair ahead.
Sticking to last point.
Best value: 11.08%
Step: 106 | Mode: explore | Action: 3
BLIP2ITMClient.cosine: (480, 640, 3), Seems like there is a chair ahead.
Sticking to last point.
Best value: 11.15%
Step: 107 | Mode: explore | Action: 3
BLIP2ITMClient.cosine: (480, 640, 3), Seems like there is a chair ahead.
Best value: 10.79%
Step: 108 | Mode: explore | Action: 2
BLIP2ITMClient.cosine: (480, 640, 3), Seems like there is a chair ahead.
Sticking to last point.
Best value: 10.79%
Step: 109 | Mode: explore | Action: 2
BLIP2ITMClient.cosine: (480, 640, 3), Seems like there is a chair ahead.
Sticking to last point.
Best value: 10.79%
Step: 110 | Mode: explore | Action: 2
BLIP2ITMClient.cosine: (480, 640, 3), Seems like there is a chair ahead.
Sticking to last point.
Best value: 10.76%
Step: 111 | Mode: explore | Action: 2
BLIP2ITMClient.cosine: (480, 640, 3), Seems like there is a chair ahead.
Sticking to last point.
Best value: 10.95%
Step: 112 | Mode: explore | Action: 1
BLIP2ITMClient.cosine: (480, 640, 3), Seems like there is a chair ahead.
Sticking to last point.
Best value: 12.05%
Step: 113 | Mode: explore | Action: 2
BLIP2ITMClient.cosine: (480, 640, 3), Seems like there is a chair ahead.
Sticking to last point.
Best value: 11.68%
Step: 114 | Mode: explore | Action: 1
BLIP2ITMClient.cosine: (480, 640, 3), Seems like there is a chair ahead.
Sticking to last point.
Best value: 11.73%
Step: 115 | Mode: explore | Action: 1
BLIP2ITMClient.cosine: (480, 640, 3), Seems like there is a chair ahead.
Sticking to last point.
Best value: 12.04%
Step: 116 | Mode: explore | Action: 3
BLIP2ITMClient.cosine: (480, 640, 3), Seems like there is a chair ahead.
Best value: 11.70%
Step: 117 | Mode: explore | Action: 3
BLIP2ITMClient.cosine: (480, 640, 3), Seems like there is a chair ahead.
Best value: 11.56%
Step: 118 | Mode: explore | Action: 2
BLIP2ITMClient.cosine: (480, 640, 3), Seems like there is a chair ahead.
Sticking to last point.
Best value: 11.16%
Step: 119 | Mode: explore | Action: 1
BLIP2ITMClient.cosine: (480, 640, 3), Seems like there is a chair ahead.
Sticking to last point.
Best value: 11.18%
Step: 120 | Mode: explore | Action: 3
BLIP2ITMClient.cosine: (480, 640, 3), Seems like there is a chair ahead.
Sticking to last point.
Best value: 11.22%
Step: 121 | Mode: explore | Action: 3
BLIP2ITMClient.cosine: (480, 640, 3), Seems like there is a chair ahead.
Sticking to last point.
Best value: 13.32%
Step: 122 | Mode: explore | Action: 3
BLIP2ITMClient.cosine: (480, 640, 3), Seems like there is a chair ahead.
Sticking to last point.
Best value: 13.20%
Step: 123 | Mode: explore | Action: 3
BLIP2ITMClient.cosine: (480, 640, 3), Seems like there is a chair ahead.
Sticking to last point.
Best value: 13.20%
Step: 124 | Mode: explore | Action: 2
BLIP2ITMClient.cosine: (480, 640, 3), Seems like there is a chair ahead.
Sticking to last point.
Best value: 13.20%
Step: 125 | Mode: explore | Action: 2
BLIP2ITMClient.cosine: (480, 640, 3), Seems like there is a chair ahead.
Sticking to last point.
Best value: 14.56%
Step: 126 | Mode: explore | Action: 2
BLIP2ITMClient.cosine: (480, 640, 3), Seems like there is a chair ahead.
Best value: 12.57%
Step: 127 | Mode: explore | Action: 1
BLIP2ITMClient.cosine: (480, 640, 3), Seems like there is a chair ahead.
Best value: 10.29%
Step: 128 | Mode: explore | Action: 2
BLIP2ITMClient.cosine: (480, 640, 3), Seems like there is a chair ahead.
Sticking to last point.
Best value: 10.29%
Step: 129 | Mode: explore | Action: 2
BLIP2ITMClient.cosine: (480, 640, 3), Seems like there is a chair ahead.
Sticking to last point.
Best value: 10.29%
Step: 130 | Mode: explore | Action: 2
BLIP2ITMClient.cosine: (480, 640, 3), Seems like there is a chair ahead.
Sticking to last point.
Best value: 10.27%
Step: 131 | Mode: explore | Action: 1
BLIP2ITMClient.cosine: (480, 640, 3), Seems like there is a chair ahead.
Sticking to last point.
Best value: 10.27%
Step: 132 | Mode: explore | Action: 2
BLIP2ITMClient.cosine: (480, 640, 3), Seems like there is a chair ahead.
Sticking to last point.
Best value: 10.21%
Step: 133 | Mode: explore | Action: 1
BLIP2ITMClient.cosine: (480, 640, 3), Seems like there is a chair ahead.
Sticking to last point.
Best value: 10.21%
Step: 134 | Mode: explore | Action: 1
BLIP2ITMClient.cosine: (480, 640, 3), Seems like there is a chair ahead.
Sticking to last point.
Best value: 10.21%
Step: 135 | Mode: explore | Action: 2
BLIP2ITMClient.cosine: (480, 640, 3), Seems like there is a chair ahead.
Sticking to last point.
Best value: 10.21%
Step: 136 | Mode: explore | Action: 1
BLIP2ITMClient.cosine: (480, 640, 3), Seems like there is a chair ahead.
Sticking to last point.
Best value: 10.21%
Step: 137 | Mode: explore | Action: 1
BLIP2ITMClient.cosine: (480, 640, 3), Seems like there is a chair ahead.
Sticking to last point.
Best value: 10.25%
Step: 138 | Mode: explore | Action: 1
BLIP2ITMClient.cosine: (480, 640, 3), Seems like there is a chair ahead.
Sticking to last point.
Best value: 10.25%
Step: 139 | Mode: explore | Action: 3
BLIP2ITMClient.cosine: (480, 640, 3), Seems like there is a chair ahead.
Sticking to last point.
Best value: 10.17%
Step: 140 | Mode: explore | Action: 1
BLIP2ITMClient.cosine: (480, 640, 3), Seems like there is a chair ahead.
Sticking to last point.
Best value: 10.11%
Step: 141 | Mode: explore | Action: 2
BLIP2ITMClient.cosine: (480, 640, 3), Seems like there is a chair ahead.
Sticking to last point.
Best value: 10.13%
Step: 142 | Mode: explore | Action: 2
BLIP2ITMClient.cosine: (480, 640, 3), Seems like there is a chair ahead.
Sticking to last point.
Best value: 10.13%
Step: 143 | Mode: explore | Action: 1
BLIP2ITMClient.cosine: (480, 640, 3), Seems like there is a chair ahead.
Sticking to last point.
Best value: 10.13%
Step: 144 | Mode: explore | Action: 3
BLIP2ITMClient.cosine: (480, 640, 3), Seems like there is a chair ahead.
Sticking to last point.
Best value: 10.13%
Step: 145 | Mode: explore | Action: 3
BLIP2ITMClient.cosine: (480, 640, 3), Seems like there is a chair ahead.
Sticking to last point.
Best value: 10.21%
Step: 146 | Mode: explore | Action: 3
BLIP2ITMClient.cosine: (480, 640, 3), Seems like there is a chair ahead.
Best value: 9.70%
Step: 147 | Mode: explore | Action: 2
BLIP2ITMClient.cosine: (480, 640, 3), Seems like there is a chair ahead.
Sticking to last point.
Best value: 9.70%
Step: 148 | Mode: explore | Action: 2
BLIP2ITMClient.cosine: (480, 640, 3), Seems like there is a chair ahead.
Sticking to last point.
Best value: 9.70%
Step: 149 | Mode: explore | Action: 2
BLIP2ITMClient.cosine: (480, 640, 3), Seems like there is a chair ahead.
Sticking to last point.
Best value: 9.70%
Step: 150 | Mode: explore | Action: 3
BLIP2ITMClient.cosine: (480, 640, 3), Seems like there is a chair ahead.
Sticking to last point.
Best value: 9.70%
Step: 151 | Mode: explore | Action: 1
BLIP2ITMClient.cosine: (480, 640, 3), Seems like there is a chair ahead.
Sticking to last point.
Best value: 9.70%
Step: 152 | Mode: explore | Action: 3
BLIP2ITMClient.cosine: (480, 640, 3), Seems like there is a chair ahead.
Sticking to last point.
Best value: 9.70%
Step: 153 | Mode: explore | Action: 1
BLIP2ITMClient.cosine: (480, 640, 3), Seems like there is a chair ahead.
Sticking to last point.
Best value: 9.70%
Step: 154 | Mode: explore | Action: 2
BLIP2ITMClient.cosine: (480, 640, 3), Seems like there is a chair ahead.
Sticking to last point.
Best value: 9.70%
Step: 155 | Mode: explore | Action: 2
BLIP2ITMClient.cosine: (480, 640, 3), Seems like there is a chair ahead.
Sticking to last point.
Best value: 9.70%
Step: 156 | Mode: explore | Action: 1
BLIP2ITMClient.cosine: (480, 640, 3), Seems like there is a chair ahead.
Sticking to last point.
Best value: 9.70%
Step: 157 | Mode: explore | Action: 2
BLIP2ITMClient.cosine: (480, 640, 3), Seems like there is a chair ahead.
Sticking to last point.
Best value: 9.70%
Step: 158 | Mode: explore | Action: 1
BLIP2ITMClient.cosine: (480, 640, 3), Seems like there is a chair ahead.
Sticking to last point.
Best value: 9.70%
Step: 159 | Mode: explore | Action: 1
BLIP2ITMClient.cosine: (480, 640, 3), Seems like there is a chair ahead.
Sticking to last point.
Best value: 9.70%
Step: 160 | Mode: explore | Action: 1
BLIP2ITMClient.cosine: (480, 640, 3), Seems like there is a chair ahead.
Sticking to last point.
Best value: 9.70%
Step: 161 | Mode: explore | Action: 1
BLIP2ITMClient.cosine: (480, 640, 3), Seems like there is a chair ahead.
Sticking to last point.
Best value: 9.70%
Step: 162 | Mode: explore | Action: 1
BLIP2ITMClient.cosine: (480, 640, 3), Seems like there is a chair ahead.
Sticking to last point.
Best value: 9.70%
Step: 163 | Mode: explore | Action: 1
BLIP2ITMClient.cosine: (480, 640, 3), Seems like there is a chair ahead.
Sticking to last point.
Best value: 9.70%
Step: 164 | Mode: explore | Action: 1
BLIP2ITMClient.cosine: (480, 640, 3), Seems like there is a chair ahead.
Sticking to last point.
Best value: 9.70%
Step: 165 | Mode: explore | Action: 1
BLIP2ITMClient.cosine: (480, 640, 3), Seems like there is a chair ahead.
Sticking to last point.
Best value: 9.70%
Step: 166 | Mode: explore | Action: 1
BLIP2ITMClient.cosine: (480, 640, 3), Seems like there is a chair ahead.
Sticking to last point.
Best value: 9.70%
Step: 167 | Mode: explore | Action: 2
BLIP2ITMClient.cosine: (480, 640, 3), Seems like there is a chair ahead.
Sticking to last point.
Best value: 9.70%
Step: 168 | Mode: explore | Action: 1
BLIP2ITMClient.cosine: (480, 640, 3), Seems like there is a chair ahead.
Sticking to last point.
Best value: 9.70%
Step: 169 | Mode: explore | Action: 1
BLIP2ITMClient.cosine: (480, 640, 3), Seems like there is a chair ahead.
Sticking to last point.
Best value: 9.70%
Step: 170 | Mode: explore | Action: 2
BLIP2ITMClient.cosine: (480, 640, 3), Seems like there is a chair ahead.
Sticking to last point.
Best value: 9.70%
Step: 171 | Mode: explore | Action: 1
BLIP2ITMClient.cosine: (480, 640, 3), Seems like there is a chair ahead.
Sticking to last point.
Best value: 9.70%
Step: 172 | Mode: explore | Action: 2
BLIP2ITMClient.cosine: (480, 640, 3), Seems like there is a chair ahead.
Sticking to last point.
Best value: 9.70%
Step: 173 | Mode: explore | Action: 1
BLIP2ITMClient.cosine: (480, 640, 3), Seems like there is a chair ahead.
Sticking to last point.
Best value: 9.70%
Step: 174 | Mode: explore | Action: 1
BLIP2ITMClient.cosine: (480, 640, 3), Seems like there is a chair ahead.
Sticking to last point.
Best value: 9.70%
Step: 175 | Mode: explore | Action: 3
BLIP2ITMClient.cosine: (480, 640, 3), Seems like there is a chair ahead.
Sticking to last point.
Best value: 9.70%
Step: 176 | Mode: explore | Action: 3
BLIP2ITMClient.cosine: (480, 640, 3), Seems like there is a chair ahead.
Sticking to last point.
Best value: 9.82%
Step: 177 | Mode: explore | Action: 1
BLIP2ITMClient.cosine: (480, 640, 3), Seems like there is a chair ahead.
Sticking to last point.
Best value: 9.89%
Step: 178 | Mode: explore | Action: 1
BLIP2ITMClient.cosine: (480, 640, 3), Seems like there is a chair ahead.
Sticking to last point.
Best value: 9.87%
Step: 179 | Mode: explore | Action: 1
BLIP2ITMClient.cosine: (480, 640, 3), Seems like there is a chair ahead.
Sticking to last point.
Best value: 9.67%
Step: 180 | Mode: explore | Action: 1
BLIP2ITMClient.cosine: (480, 640, 3), Seems like there is a chair ahead.
Sticking to last point.
Best value: 9.67%
Step: 181 | Mode: explore | Action: 1
BLIP2ITMClient.cosine: (480, 640, 3), Seems like there is a chair ahead.
Sticking to last point.
Best value: 10.45%
Step: 182 | Mode: explore | Action: 1
BLIP2ITMClient.cosine: (480, 640, 3), Seems like there is a chair ahead.
Sticking to last point.
Best value: 10.45%
Step: 183 | Mode: explore | Action: 3
BLIP2ITMClient.cosine: (480, 640, 3), Seems like there is a chair ahead.
Sticking to last point.
Best value: 10.08%
Step: 184 | Mode: explore | Action: 1
BLIP2ITMClient.cosine: (480, 640, 3), Seems like there is a chair ahead.
Sticking to last point.
Best value: 9.71%
Step: 185 | Mode: explore | Action: 1
BLIP2ITMClient.cosine: (480, 640, 3), Seems like there is a chair ahead.
Sticking to last point.
Best value: 9.37%
Step: 186 | Mode: explore | Action: 1
BLIP2ITMClient.cosine: (480, 640, 3), Seems like there is a chair ahead.
Sticking to last point.
Best value: 9.82%
Step: 187 | Mode: explore | Action: 1
BLIP2ITMClient.cosine: (480, 640, 3), Seems like there is a chair ahead.
Sticking to last point.
Best value: 9.85%
Step: 188 | Mode: explore | Action: 1
BLIP2ITMClient.cosine: (480, 640, 3), Seems like there is a chair ahead.
Sticking to last point.
Best value: 9.98%
Step: 189 | Mode: explore | Action: 1
BLIP2ITMClient.cosine: (480, 640, 3), Seems like there is a chair ahead.
Sticking to last point.
Best value: 9.95%
Step: 190 | Mode: explore | Action: 1
BLIP2ITMClient.cosine: (480, 640, 3), Seems like there is a chair ahead.
Sticking to last point.
Best value: 9.95%
Step: 191 | Mode: explore | Action: 3
BLIP2ITMClient.cosine: (480, 640, 3), Seems like there is a chair ahead.
Best value: 10.04%
Step: 192 | Mode: explore | Action: 2
BLIP2ITMClient.cosine: (480, 640, 3), Seems like there is a chair ahead.
Sticking to last point.
Best value: 10.04%
Step: 193 | Mode: explore | Action: 2
BLIP2ITMClient.cosine: (480, 640, 3), Seems like there is a chair ahead.
Sticking to last point.
Best value: 10.00%
Step: 194 | Mode: explore | Action: 2
BLIP2ITMClient.cosine: (480, 640, 3), Seems like there is a chair ahead.
Sticking to last point.
Best value: 11.35%
Step: 195 | Mode: explore | Action: 1
BLIP2ITMClient.cosine: (480, 640, 3), Seems like there is a chair ahead.
Best value: 11.35%
Step: 196 | Mode: explore | Action: 2
BLIP2ITMClient.cosine: (480, 640, 3), Seems like there is a chair ahead.
Best value: 10.03%
Step: 197 | Mode: explore | Action: 3
BLIP2ITMClient.cosine: (480, 640, 3), Seems like there is a chair ahead.
Sticking to last point.
Best value: 10.03%
Step: 198 | Mode: explore | Action: 3
BLIP2ITMClient.cosine: (480, 640, 3), Seems like there is a chair ahead.
Sticking to last point.
Best value: 10.03%
Step: 199 | Mode: explore | Action: 3
BLIP2ITMClient.cosine: (480, 640, 3), Seems like there is a chair ahead.
Sticking to last point.
Best value: 10.03%
Step: 200 | Mode: explore | Action: 1
BLIP2ITMClient.cosine: (480, 640, 3), Seems like there is a chair ahead.
Sticking to last point.
Best value: 10.03%
Step: 201 | Mode: explore | Action: 1
BLIP2ITMClient.cosine: (480, 640, 3), Seems like there is a chair ahead.
Sticking to last point.
Best value: 10.03%
Step: 202 | Mode: explore | Action: 1
BLIP2ITMClient.cosine: (480, 640, 3), Seems like there is a chair ahead.
Sticking to last point.
Best value: 10.03%
Step: 203 | Mode: explore | Action: 1
BLIP2ITMClient.cosine: (480, 640, 3), Seems like there is a chair ahead.
Sticking to last point.
Best value: 10.03%
Step: 204 | Mode: explore | Action: 1
BLIP2ITMClient.cosine: (480, 640, 3), Seems like there is a chair ahead.
Sticking to last point.
Best value: 10.03%
Step: 205 | Mode: explore | Action: 1
BLIP2ITMClient.cosine: (480, 640, 3), Seems like there is a chair ahead.
Sticking to last point.
Best value: 10.03%
Step: 206 | Mode: explore | Action: 1
BLIP2ITMClient.cosine: (480, 640, 3), Seems like there is a chair ahead.
Sticking to last point.
Best value: 10.03%
Step: 207 | Mode: explore | Action: 3
BLIP2ITMClient.cosine: (480, 640, 3), Seems like there is a chair ahead.
Sticking to last point.
Best value: 10.03%
Step: 208 | Mode: explore | Action: 3
BLIP2ITMClient.cosine: (480, 640, 3), Seems like there is a chair ahead.
Sticking to last point.
Best value: 10.03%
Step: 209 | Mode: explore | Action: 3
BLIP2ITMClient.cosine: (480, 640, 3), Seems like there is a chair ahead.
Sticking to last point.
Best value: 10.03%
Step: 210 | Mode: explore | Action: 3
BLIP2ITMClient.cosine: (480, 640, 3), Seems like there is a chair ahead.
Sticking to last point.
Best value: 10.03%
Step: 211 | Mode: explore | Action: 3
BLIP2ITMClient.cosine: (480, 640, 3), Seems like there is a chair ahead.
Sticking to last point.
Best value: 10.03%
Step: 212 | Mode: explore | Action: 3
BLIP2ITMClient.cosine: (480, 640, 3), Seems like there is a chair ahead.
Sticking to last point.
Best value: 10.03%
Step: 213 | Mode: explore | Action: 1
BLIP2ITMClient.cosine: (480, 640, 3), Seems like there is a chair ahead.
Sticking to last point.
Best value: 10.03%
Step: 214 | Mode: explore | Action: 1
BLIP2ITMClient.cosine: (480, 640, 3), Seems like there is a chair ahead.
Sticking to last point.
Best value: 10.03%
Step: 215 | Mode: explore | Action: 1
BLIP2ITMClient.cosine: (480, 640, 3), Seems like there is a chair ahead.
Sticking to last point.
Best value: 10.03%
Step: 216 | Mode: explore | Action: 1
BLIP2ITMClient.cosine: (480, 640, 3), Seems like there is a chair ahead.
Sticking to last point.
Best value: 10.03%
Step: 217 | Mode: explore | Action: 2
BLIP2ITMClient.cosine: (480, 640, 3), Seems like there is a chair ahead.
Sticking to last point.
Best value: 10.03%
Step: 218 | Mode: explore | Action: 1
BLIP2ITMClient.cosine: (480, 640, 3), Seems like there is a chair ahead.
Sticking to last point.
Best value: 10.03%
Step: 219 | Mode: explore | Action: 1
BLIP2ITMClient.cosine: (480, 640, 3), Seems like there is a chair ahead.
Sticking to last point.
Best value: 10.03%
Step: 220 | Mode: explore | Action: 1
BLIP2ITMClient.cosine: (480, 640, 3), Seems like there is a chair ahead.
Sticking to last point.
Best value: 10.03%
Step: 221 | Mode: explore | Action: 2
BLIP2ITMClient.cosine: (480, 640, 3), Seems like there is a chair ahead.
Sticking to last point.
Best value: 16.63%
Step: 222 | Mode: explore | Action: 2
BLIP2ITMClient.cosine: (480, 640, 3), Seems like there is a chair ahead.
Best value: 12.23%
Step: 223 | Mode: explore | Action: 2
BLIP2ITMClient.cosine: (480, 640, 3), Seems like there is a chair ahead.
Sticking to last point.
Best value: 11.46%
Step: 224 | Mode: explore | Action: 1
BLIP2ITMClient.cosine: (480, 640, 3), Seems like there is a chair ahead.
Best value: 12.02%
Step: 225 | Mode: explore | Action: 2
BLIP2ITMClient.cosine: (480, 640, 3), Seems like there is a chair ahead.
Sticking to last point.
Best value: 12.02%
Step: 226 | Mode: explore | Action: 2
BLIP2ITMClient.cosine: (480, 640, 3), Seems like there is a chair ahead.
Sticking to last point.
Best value: 12.02%
Step: 227 | Mode: explore | Action: 2
BLIP2ITMClient.cosine: (480, 640, 3), Seems like there is a chair ahead.
Sticking to last point.
Best value: 12.02%
Step: 228 | Mode: explore | Action: 2
BLIP2ITMClient.cosine: (480, 640, 3), Seems like there is a chair ahead.
Sticking to last point.
Best value: 12.02%
Step: 229 | Mode: explore | Action: 1
BLIP2ITMClient.cosine: (480, 640, 3), Seems like there is a chair ahead.
Sticking to last point.
Best value: 12.02%
Step: 230 | Mode: explore | Action: 3
BLIP2ITMClient.cosine: (480, 640, 3), Seems like there is a chair ahead.
Sticking to last point.
Best value: 12.02%
Step: 231 | Mode: explore | Action: 1
BLIP2ITMClient.cosine: (480, 640, 3), Seems like there is a chair ahead.
Sticking to last point.
Best value: 12.02%
Step: 232 | Mode: explore | Action: 1
BLIP2ITMClient.cosine: (480, 640, 3), Seems like there is a chair ahead.
Sticking to last point.
Best value: 12.02%
Step: 233 | Mode: explore | Action: 1
BLIP2ITMClient.cosine: (480, 640, 3), Seems like there is a chair ahead.
Sticking to last point.
Best value: 12.02%
Step: 234 | Mode: explore | Action: 3
BLIP2ITMClient.cosine: (480, 640, 3), Seems like there is a chair ahead.
Sticking to last point.
Best value: 12.02%
Step: 235 | Mode: explore | Action: 1
BLIP2ITMClient.cosine: (480, 640, 3), Seems like there is a chair ahead.
Sticking to last point.
Best value: 12.02%
Step: 236 | Mode: explore | Action: 1
BLIP2ITMClient.cosine: (480, 640, 3), Seems like there is a chair ahead.
Sticking to last point.
Best value: 12.02%
Step: 237 | Mode: explore | Action: 3
BLIP2ITMClient.cosine: (480, 640, 3), Seems like there is a chair ahead.
Sticking to last point.
Best value: 11.40%
Step: 238 | Mode: explore | Action: 1
BLIP2ITMClient.cosine: (480, 640, 3), Seems like there is a chair ahead.
Sticking to last point.
Best value: 12.07%
Step: 239 | Mode: explore | Action: 1
BLIP2ITMClient.cosine: (480, 640, 3), Seems like there is a chair ahead.
Sticking to last point.
Best value: 12.16%
Step: 240 | Mode: explore | Action: 3
BLIP2ITMClient.cosine: (480, 640, 3), Seems like there is a chair ahead.
Sticking to last point.
Best value: 13.59%
Step: 241 | Mode: explore | Action: 1
BLIP2ITMClient.cosine: (480, 640, 3), Seems like there is a chair ahead.
Best value: 11.97%
Step: 242 | Mode: explore | Action: 1
BLIP2ITMClient.cosine: (480, 640, 3), Seems like there is a chair ahead.
Best value: 11.62%
Step: 243 | Mode: explore | Action: 3
BLIP2ITMClient.cosine: (480, 640, 3), Seems like there is a chair ahead.
Sticking to last point.
Best value: 11.62%
Step: 244 | Mode: explore | Action: 2
BLIP2ITMClient.cosine: (480, 640, 3), Seems like there is a chair ahead.
Sticking to last point.
Best value: 11.62%
Step: 245 | Mode: explore | Action: 1
BLIP2ITMClient.cosine: (480, 640, 3), Seems like there is a chair ahead.
Sticking to last point.
Best value: 11.62%
Step: 246 | Mode: explore | Action: 2
BLIP2ITMClient.cosine: (480, 640, 3), Seems like there is a chair ahead.
Sticking to last point.
Best value: 11.62%
Step: 247 | Mode: explore | Action: 1
BLIP2ITMClient.cosine: (480, 640, 3), Seems like there is a chair ahead.
Sticking to last point.
Best value: 11.62%
Step: 248 | Mode: explore | Action: 1
BLIP2ITMClient.cosine: (480, 640, 3), Seems like there is a chair ahead.
Sticking to last point.
Best value: 11.62%
Step: 249 | Mode: explore | Action: 1
BLIP2ITMClient.cosine: (480, 640, 3), Seems like there is a chair ahead.
Sticking to last point.
Best value: 11.62%
Step: 250 | Mode: explore | Action: 2
BLIP2ITMClient.cosine: (480, 640, 3), Seems like there is a chair ahead.
Sticking to last point.
Best value: 11.62%
Step: 251 | Mode: explore | Action: 1
BLIP2ITMClient.cosine: (480, 640, 3), Seems like there is a chair ahead.
Sticking to last point.
Best value: 11.62%
Step: 252 | Mode: explore | Action: 2
BLIP2ITMClient.cosine: (480, 640, 3), Seems like there is a chair ahead.
Sticking to last point.
Best value: 11.62%
Step: 253 | Mode: explore | Action: 1
BLIP2ITMClient.cosine: (480, 640, 3), Seems like there is a chair ahead.
Sticking to last point.
Best value: 11.62%
Step: 254 | Mode: explore | Action: 3
BLIP2ITMClient.cosine: (480, 640, 3), Seems like there is a chair ahead.
Sticking to last point.
Best value: 11.62%
Step: 255 | Mode: explore | Action: 3
BLIP2ITMClient.cosine: (480, 640, 3), Seems like there is a chair ahead.
Sticking to last point.
Best value: 11.62%
Step: 256 | Mode: explore | Action: 3
BLIP2ITMClient.cosine: (480, 640, 3), Seems like there is a chair ahead.
Sticking to last point.
Best value: 11.62%
Step: 257 | Mode: explore | Action: 1
BLIP2ITMClient.cosine: (480, 640, 3), Seems like there is a chair ahead.
Sticking to last point.
Best value: 11.62%
Step: 258 | Mode: explore | Action: 2
BLIP2ITMClient.cosine: (480, 640, 3), Seems like there is a chair ahead.
Sticking to last point.
Best value: 11.62%
Step: 259 | Mode: explore | Action: 2
BLIP2ITMClient.cosine: (480, 640, 3), Seems like there is a chair ahead.
Sticking to last point.
Best value: 11.62%
Step: 260 | Mode: explore | Action: 1
BLIP2ITMClient.cosine: (480, 640, 3), Seems like there is a chair ahead.
Sticking to last point.
Best value: 11.62%
Step: 261 | Mode: explore | Action: 3
BLIP2ITMClient.cosine: (480, 640, 3), Seems like there is a chair ahead.
Sticking to last point.
Best value: 11.62%
Step: 262 | Mode: explore | Action: 1
BLIP2ITMClient.cosine: (480, 640, 3), Seems like there is a chair ahead.
Sticking to last point.
Best value: 11.62%
Step: 263 | Mode: explore | Action: 3
BLIP2ITMClient.cosine: (480, 640, 3), Seems like there is a chair ahead.
Sticking to last point.
Best value: 11.62%
Step: 264 | Mode: explore | Action: 1
BLIP2ITMClient.cosine: (480, 640, 3), Seems like there is a chair ahead.
Sticking to last point.
Best value: 11.62%
Step: 265 | Mode: explore | Action: 1
BLIP2ITMClient.cosine: (480, 640, 3), Seems like there is a chair ahead.
Sticking to last point.
Best value: 11.62%
Step: 266 | Mode: explore | Action: 3
BLIP2ITMClient.cosine: (480, 640, 3), Seems like there is a chair ahead.
Sticking to last point.
Best value: 11.62%
Step: 267 | Mode: explore | Action: 3
BLIP2ITMClient.cosine: (480, 640, 3), Seems like there is a chair ahead.
Sticking to last point.
Best value: 11.62%
Step: 268 | Mode: explore | Action: 3
BLIP2ITMClient.cosine: (480, 640, 3), Seems like there is a chair ahead.
Sticking to last point.
Best value: 11.62%
Step: 269 | Mode: explore | Action: 3
BLIP2ITMClient.cosine: (480, 640, 3), Seems like there is a chair ahead.
Sticking to last point.
Best value: 11.62%
Step: 270 | Mode: explore | Action: 3
BLIP2ITMClient.cosine: (480, 640, 3), Seems like there is a chair ahead.
Sticking to last point.
Best value: 11.62%
Step: 271 | Mode: explore | Action: 3
BLIP2ITMClient.cosine: (480, 640, 3), Seems like there is a chair ahead.
Sticking to last point.
Best value: 11.62%
Step: 272 | Mode: explore | Action: 1
BLIP2ITMClient.cosine: (480, 640, 3), Seems like there is a chair ahead.
Sticking to last point.
Best value: 11.62%
Step: 273 | Mode: explore | Action: 2
BLIP2ITMClient.cosine: (480, 640, 3), Seems like there is a chair ahead.
Sticking to last point.
Best value: 11.62%
Step: 274 | Mode: explore | Action: 1
BLIP2ITMClient.cosine: (480, 640, 3), Seems like there is a chair ahead.
Sticking to last point.
Best value: 11.62%
Step: 275 | Mode: explore | Action: 1
BLIP2ITMClient.cosine: (480, 640, 3), Seems like there is a chair ahead.
Sticking to last point.
Best value: 11.62%
Step: 276 | Mode: explore | Action: 1
BLIP2ITMClient.cosine: (480, 640, 3), Seems like there is a chair ahead.
Sticking to last point.
Best value: 11.62%
Step: 277 | Mode: explore | Action: 1
BLIP2ITMClient.cosine: (480, 640, 3), Seems like there is a chair ahead.
Sticking to last point.
Best value: 11.62%
Step: 278 | Mode: explore | Action: 3
BLIP2ITMClient.cosine: (480, 640, 3), Seems like there is a chair ahead.
Sticking to last point.
Best value: 11.62%
Step: 279 | Mode: explore | Action: 1
BLIP2ITMClient.cosine: (480, 640, 3), Seems like there is a chair ahead.
Sticking to last point.
Best value: 11.62%
Step: 280 | Mode: explore | Action: 1
BLIP2ITMClient.cosine: (480, 640, 3), Seems like there is a chair ahead.
Sticking to last point.
Best value: 11.62%
Step: 281 | Mode: explore | Action: 1
BLIP2ITMClient.cosine: (480, 640, 3), Seems like there is a chair ahead.
Sticking to last point.
Best value: 11.62%
Step: 282 | Mode: explore | Action: 1
BLIP2ITMClient.cosine: (480, 640, 3), Seems like there is a chair ahead.
Sticking to last point.
Best value: 11.62%
Step: 283 | Mode: explore | Action: 2
BLIP2ITMClient.cosine: (480, 640, 3), Seems like there is a chair ahead.
Sticking to last point.
Best value: 11.62%
Step: 284 | Mode: explore | Action: 1
BLIP2ITMClient.cosine: (480, 640, 3), Seems like there is a chair ahead.
Sticking to last point.
Best value: 11.62%
Step: 285 | Mode: explore | Action: 1
BLIP2ITMClient.cosine: (480, 640, 3), Seems like there is a chair ahead.
Sticking to last point.
Best value: 11.62%
Step: 286 | Mode: explore | Action: 2
BLIP2ITMClient.cosine: (480, 640, 3), Seems like there is a chair ahead.
Sticking to last point.
Best value: 11.62%
Step: 287 | Mode: explore | Action: 1
BLIP2ITMClient.cosine: (480, 640, 3), Seems like there is a chair ahead.
Sticking to last point.
Best value: 11.62%
 83%|████████▎ | 25/30 [18:35<04:08, 49.77s/it] 87%|████████▋ | 26/30 [18:52<02:38, 39.70s/it]Step: 288 | Mode: explore | Action: 1
BLIP2ITMClient.cosine: (480, 640, 3), Seems like there is a chair ahead.
Sticking to last point.
Best value: 11.62%
Step: 289 | Mode: explore | Action: 1
BLIP2ITMClient.cosine: (480, 640, 3), Seems like there is a chair ahead.
Sticking to last point.
Best value: 11.62%
Step: 290 | Mode: explore | Action: 2
BLIP2ITMClient.cosine: (480, 640, 3), Seems like there is a chair ahead.
Sticking to last point.
Best value: 11.62%
Step: 291 | Mode: explore | Action: 1
BLIP2ITMClient.cosine: (480, 640, 3), Seems like there is a chair ahead.
Sticking to last point.
Best value: 11.62%
Step: 292 | Mode: explore | Action: 1
BLIP2ITMClient.cosine: (480, 640, 3), Seems like there is a chair ahead.
Sticking to last point.
Best value: 11.62%
Step: 293 | Mode: explore | Action: 2
BLIP2ITMClient.cosine: (480, 640, 3), Seems like there is a chair ahead.
Step: 294 | Mode: navigate | Action: 1
BLIP2ITMClient.cosine: (480, 640, 3), Seems like there is a chair ahead.
Step: 295 | Mode: navigate | Action: 2
BLIP2ITMClient.cosine: (480, 640, 3), Seems like there is a chair ahead.
Step: 296 | Mode: navigate | Action: 1
BLIP2ITMClient.cosine: (480, 640, 3), Seems like there is a chair ahead.
Step: 297 | Mode: navigate | Action: 2
BLIP2ITMClient.cosine: (480, 640, 3), Seems like there is a chair ahead.
Step: 298 | Mode: navigate | Action: 1
BLIP2ITMClient.cosine: (480, 640, 3), Seems like there is a chair ahead.
Step: 299 | Mode: navigate | Action: 3
BLIP2ITMClient.cosine: (480, 640, 3), Seems like there is a chair ahead.
Step: 300 | Mode: navigate | Action: 1
BLIP2ITMClient.cosine: (480, 640, 3), Seems like there is a chair ahead.
Step: 301 | Mode: navigate | Action: 1
BLIP2ITMClient.cosine: (480, 640, 3), Seems like there is a chair ahead.
Step: 302 | Mode: navigate | Action: 0
Success rate: 48.00% (12 out of 25)
Logging episode 0013 to results/pilot/vlfm_original_jsons/13_wcojb4TFT35.json
BLIP2ITMClient.cosine: (480, 640, 3), Seems like there is a bed ahead.
Step: 0 | Mode: initialize | Action: 2
BLIP2ITMClient.cosine: (480, 640, 3), Seems like there is a bed ahead.
Step: 1 | Mode: initialize | Action: 2
BLIP2ITMClient.cosine: (480, 640, 3), Seems like there is a bed ahead.
Step: 2 | Mode: initialize | Action: 2
BLIP2ITMClient.cosine: (480, 640, 3), Seems like there is a bed ahead.
Step: 3 | Mode: initialize | Action: 2
BLIP2ITMClient.cosine: (480, 640, 3), Seems like there is a bed ahead.
Step: 4 | Mode: initialize | Action: 2
BLIP2ITMClient.cosine: (480, 640, 3), Seems like there is a bed ahead.
Step: 5 | Mode: initialize | Action: 2
BLIP2ITMClient.cosine: (480, 640, 3), Seems like there is a bed ahead.
Step: 6 | Mode: initialize | Action: 2
BLIP2ITMClient.cosine: (480, 640, 3), Seems like there is a bed ahead.
Step: 7 | Mode: initialize | Action: 2
BLIP2ITMClient.cosine: (480, 640, 3), Seems like there is a bed ahead.
Step: 8 | Mode: initialize | Action: 2
BLIP2ITMClient.cosine: (480, 640, 3), Seems like there is a bed ahead.
Step: 9 | Mode: initialize | Action: 2
BLIP2ITMClient.cosine: (480, 640, 3), Seems like there is a bed ahead.
Step: 10 | Mode: initialize | Action: 2
BLIP2ITMClient.cosine: (480, 640, 3), Seems like there is a bed ahead.
Step: 11 | Mode: initialize | Action: 2
BLIP2ITMClient.cosine: (480, 640, 3), Seems like there is a bed ahead.
Best value: 15.00%
Step: 12 | Mode: explore | Action: 2
BLIP2ITMClient.cosine: (480, 640, 3), Seems like there is a bed ahead.
Sticking to last point.
Best value: 15.00%
Step: 13 | Mode: explore | Action: 2
BLIP2ITMClient.cosine: (480, 640, 3), Seems like there is a bed ahead.
Sticking to last point.
Best value: 15.00%
Step: 14 | Mode: explore | Action: 1
BLIP2ITMClient.cosine: (480, 640, 3), Seems like there is a bed ahead.
Sticking to last point.
Best value: 15.00%
Step: 15 | Mode: explore | Action: 2
BLIP2ITMClient.cosine: (480, 640, 3), Seems like there is a bed ahead.
Sticking to last point.
Best value: 14.97%
Step: 16 | Mode: explore | Action: 1
BLIP2ITMClient.cosine: (480, 640, 3), Seems like there is a bed ahead.
Sticking to last point.
Best value: 14.91%
Step: 17 | Mode: explore | Action: 2
BLIP2ITMClient.cosine: (480, 640, 3), Seems like there is a bed ahead.
Sticking to last point.
Best value: 14.54%
Step: 18 | Mode: explore | Action: 1
BLIP2ITMClient.cosine: (480, 640, 3), Seems like there is a bed ahead.
Sticking to last point.
Best value: 14.73%
Step: 19 | Mode: explore | Action: 2
BLIP2ITMClient.cosine: (480, 640, 3), Seems like there is a bed ahead.
Sticking to last point.
Best value: 16.10%
Step: 20 | Mode: explore | Action: 1
BLIP2ITMClient.cosine: (480, 640, 3), Seems like there is a bed ahead.
Step: 21 | Mode: navigate | Action: 2
BLIP2ITMClient.cosine: (480, 640, 3), Seems like there is a bed ahead.
Step: 22 | Mode: navigate | Action: 3
BLIP2ITMClient.cosine: (480, 640, 3), Seems like there is a bed ahead.
Step: 23 | Mode: navigate | Action: 1
BLIP2ITMClient.cosine: (480, 640, 3), Seems like there is a bed ahead.
Step: 24 | Mode: navigate | Action: 1
BLIP2ITMClient.cosine: (480, 640, 3), Seems like there is a bed ahead.
Step: 25 | Mode: navigate | Action: 2
BLIP2ITMClient.cosine: (480, 640, 3), Seems like there is a bed ahead.
Step: 26 | Mode: navigate | Action: 2
BLIP2ITMClient.cosine: (480, 640, 3), Seems like there is a bed ahead.
Step: 27 | Mode: navigate | Action: 1
BLIP2ITMClient.cosine: (480, 640, 3), Seems like there is a bed ahead.
Step: 28 | Mode: navigate | Action: 1
BLIP2ITMClient.cosine: (480, 640, 3), Seems like there is a bed ahead.
Step: 29 | Mode: navigate | Action: 3
BLIP2ITMClient.cosine: (480, 640, 3), Seems like there is a bed ahead.
Step: 30 | Mode: navigate | Action: 1
BLIP2ITMClient.cosine: (480, 640, 3), Seems like there is a bed ahead.
Step: 31 | Mode: navigate | Action: 2
BLIP2ITMClient.cosine: (480, 640, 3), Seems like there is a bed ahead.
Step: 32 | Mode: navigate | Action: 2
BLIP2ITMClient.cosine: (480, 640, 3), Seems like there is a bed ahead.
Step: 33 | Mode: navigate | Action: 1
BLIP2ITMClient.cosine: (480, 640, 3), Seems like there is a bed ahead.
Step: 34 | Mode: navigate | Action: 3
BLIP2ITMClient.cosine: (480, 640, 3), Seems like there is a bed ahead.
Step: 35 | Mode: navigate | Action: 1
BLIP2ITMClient.cosine: (480, 640, 3), Seems like there is a bed ahead.
Step: 36 | Mode: navigate | Action: 3
BLIP2ITMClient.cosine: (480, 640, 3), Seems like there is a bed ahead.
Step: 37 | Mode: navigate | Action: 1
BLIP2ITMClient.cosine: (480, 640, 3), Seems like there is a bed ahead.
Step: 38 | Mode: navigate | Action: 1
BLIP2ITMClient.cosine: (480, 640, 3), Seems like there is a bed ahead.
Step: 39 | Mode: navigate | Action: 3
BLIP2ITMClient.cosine: (480, 640, 3), Seems like there is a bed ahead.
Step: 40 | Mode: navigate | Action: 1
BLIP2ITMClient.cosine: (480, 640, 3), Seems like there is a bed ahead.
Step: 41 | Mode: navigate | Action: 1
BLIP2ITMClient.cosine: (480, 640, 3), Seems like there is a bed ahead.
Step: 42 | Mode: navigate | Action: 1
BLIP2ITMClient.cosine: (480, 640, 3), Seems like there is a bed ahead.
Step: 43 | Mode: navigate | Action: 1
BLIP2ITMClient.cosine: (480, 640, 3), Seems like there is a bed ahead.
Step: 44 | Mode: navigate | Action: 1
BLIP2ITMClient.cosine: (480, 640, 3), Seems like there is a bed ahead.
Step: 45 | Mode: navigate | Action: 1
BLIP2ITMClient.cosine: (480, 640, 3), Seems like there is a bed ahead.
Step: 46 | Mode: navigate | Action: 0
Success rate: 50.00% (13 out of 26)
Logging episode 0011 to results/pilot/vlfm_original_jsons/11_wcojb4TFT35.json
BLIP2ITMClient.cosine: (480, 640, 3), Seems like there is a couch ahead.
Step: 0 | Mode: initialize | Action: 2
BLIP2ITMClient.cosine: (480, 640, 3), Seems like there is a couch ahead.
Step: 1 | Mode: initialize | Action: 2
BLIP2ITMClient.cosine: (480, 640, 3), Seems like there is a couch ahead.
Step: 2 | Mode: initialize | Action: 2
BLIP2ITMClient.cosine: (480, 640, 3), Seems like there is a couch ahead.
Step: 3 | Mode: initialize | Action: 2
BLIP2ITMClient.cosine: (480, 640, 3), Seems like there is a couch ahead.
Step: 4 | Mode: initialize | Action: 2
BLIP2ITMClient.cosine: (480, 640, 3), Seems like there is a couch ahead.
 90%|█████████ | 27/30 [19:05<01:35, 31.91s/it]Step: 5 | Mode: initialize | Action: 2
BLIP2ITMClient.cosine: (480, 640, 3), Seems like there is a couch ahead.
Step: 6 | Mode: initialize | Action: 2
BLIP2ITMClient.cosine: (480, 640, 3), Seems like there is a couch ahead.
Step: 7 | Mode: initialize | Action: 2
BLIP2ITMClient.cosine: (480, 640, 3), Seems like there is a couch ahead.
Step: 8 | Mode: initialize | Action: 2
BLIP2ITMClient.cosine: (480, 640, 3), Seems like there is a couch ahead.
Step: 9 | Mode: initialize | Action: 2
BLIP2ITMClient.cosine: (480, 640, 3), Seems like there is a couch ahead.
Step: 10 | Mode: initialize | Action: 2
BLIP2ITMClient.cosine: (480, 640, 3), Seems like there is a couch ahead.
Step: 11 | Mode: initialize | Action: 2
BLIP2ITMClient.cosine: (480, 640, 3), Seems like there is a couch ahead.
Step: 12 | Mode: navigate | Action: 2
BLIP2ITMClient.cosine: (480, 640, 3), Seems like there is a couch ahead.
Step: 13 | Mode: navigate | Action: 1
BLIP2ITMClient.cosine: (480, 640, 3), Seems like there is a couch ahead.
Step: 14 | Mode: navigate | Action: 1
BLIP2ITMClient.cosine: (480, 640, 3), Seems like there is a couch ahead.
Step: 15 | Mode: navigate | Action: 2
BLIP2ITMClient.cosine: (480, 640, 3), Seems like there is a couch ahead.
Step: 16 | Mode: navigate | Action: 1
BLIP2ITMClient.cosine: (480, 640, 3), Seems like there is a couch ahead.
Step: 17 | Mode: navigate | Action: 1
BLIP2ITMClient.cosine: (480, 640, 3), Seems like there is a couch ahead.
Step: 18 | Mode: navigate | Action: 1
BLIP2ITMClient.cosine: (480, 640, 3), Seems like there is a couch ahead.
Step: 19 | Mode: navigate | Action: 1
BLIP2ITMClient.cosine: (480, 640, 3), Seems like there is a couch ahead.
Step: 20 | Mode: navigate | Action: 1
BLIP2ITMClient.cosine: (480, 640, 3), Seems like there is a couch ahead.
Step: 21 | Mode: navigate | Action: 1
BLIP2ITMClient.cosine: (480, 640, 3), Seems like there is a couch ahead.
Step: 22 | Mode: navigate | Action: 1
BLIP2ITMClient.cosine: (480, 640, 3), Seems like there is a couch ahead.
Step: 23 | Mode: navigate | Action: 3
BLIP2ITMClient.cosine: (480, 640, 3), Seems like there is a couch ahead.
Step: 24 | Mode: navigate | Action: 1
BLIP2ITMClient.cosine: (480, 640, 3), Seems like there is a couch ahead.
Step: 25 | Mode: navigate | Action: 1
BLIP2ITMClient.cosine: (480, 640, 3), Seems like there is a couch ahead.
Step: 26 | Mode: navigate | Action: 1
BLIP2ITMClient.cosine: (480, 640, 3), Seems like there is a couch ahead.
Step: 27 | Mode: navigate | Action: 1
BLIP2ITMClient.cosine: (480, 640, 3), Seems like there is a couch ahead.
Step: 28 | Mode: navigate | Action: 2
BLIP2ITMClient.cosine: (480, 640, 3), Seems like there is a couch ahead.
Step: 29 | Mode: navigate | Action: 1
BLIP2ITMClient.cosine: (480, 640, 3), Seems like there is a couch ahead.
Step: 30 | Mode: navigate | Action: 1
BLIP2ITMClient.cosine: (480, 640, 3), Seems like there is a couch ahead.
Step: 31 | Mode: navigate | Action: 1
BLIP2ITMClient.cosine: (480, 640, 3), Seems like there is a couch ahead.
Step: 32 | Mode: navigate | Action: 1
BLIP2ITMClient.cosine: (480, 640, 3), Seems like there is a couch ahead.
Step: 33 | Mode: navigate | Action: 0
Success rate: 51.85% (14 out of 27)
Logging episode 0012 to results/pilot/vlfm_original_jsons/12_wcojb4TFT35.json
BLIP2ITMClient.cosine: (480, 640, 3), Seems like there is a chair ahead.
Step: 0 | Mode: initialize | Action: 2
BLIP2ITMClient.cosine: (480, 640, 3), Seems like there is a chair ahead.
Step: 1 | Mode: initialize | Action: 2
BLIP2ITMClient.cosine: (480, 640, 3), Seems like there is a chair ahead.
Step: 2 | Mode: initialize | Action: 2
BLIP2ITMClient.cosine: (480, 640, 3), Seems like there is a chair ahead.
Step: 3 | Mode: initialize | Action: 2
BLIP2ITMClient.cosine: (480, 640, 3), Seems like there is a chair ahead.
Step: 4 | Mode: initialize | Action: 2
BLIP2ITMClient.cosine: (480, 640, 3), Seems like there is a chair ahead.
Step: 5 | Mode: initialize | Action: 2
BLIP2ITMClient.cosine: (480, 640, 3), Seems like there is a chair ahead.
Step: 6 | Mode: initialize | Action: 2
BLIP2ITMClient.cosine: (480, 640, 3), Seems like there is a chair ahead.
Step: 7 | Mode: initialize | Action: 2
BLIP2ITMClient.cosine: (480, 640, 3), Seems like there is a chair ahead.
Step: 8 | Mode: initialize | Action: 2
BLIP2ITMClient.cosine: (480, 640, 3), Seems like there is a chair ahead.
Step: 9 | Mode: initialize | Action: 2
BLIP2ITMClient.cosine: (480, 640, 3), Seems like there is a chair ahead.
Step: 10 | Mode: initialize | Action: 2
BLIP2ITMClient.cosine: (480, 640, 3), Seems like there is a chair ahead.
Step: 11 | Mode: initialize | Action: 2
BLIP2ITMClient.cosine: (480, 640, 3), Seems like there is a chair ahead.
Best value: 12.31%
Step: 12 | Mode: explore | Action: 2
BLIP2ITMClient.cosine: (480, 640, 3), Seems like there is a chair ahead.
Sticking to last point.
Best value: 12.31%
Step: 13 | Mode: explore | Action: 2
BLIP2ITMClient.cosine: (480, 640, 3), Seems like there is a chair ahead.
Sticking to last point.
Best value: 12.42%
Step: 14 | Mode: explore | Action: 1
BLIP2ITMClient.cosine: (480, 640, 3), Seems like there is a chair ahead.
Sticking to last point.
Best value: 11.62%
Step: 15 | Mode: explore | Action: 3
BLIP2ITMClient.cosine: (480, 640, 3), Seems like there is a chair ahead.
Sticking to last point.
Best value: 11.63%
Step: 16 | Mode: explore | Action: 1
BLIP2ITMClient.cosine: (480, 640, 3), Seems like there is a chair ahead.
Sticking to last point.
Best value: 11.63%
Step: 17 | Mode: explore | Action: 2
BLIP2ITMClient.cosine: (480, 640, 3), Seems like there is a chair ahead.
Sticking to last point.
Best value: 10.90%
Step: 18 | Mode: explore | Action: 1
BLIP2ITMClient.cosine: (480, 640, 3), Seems like there is a chair ahead.
Sticking to last point.
Best value: 10.78%
Step: 19 | Mode: explore | Action: 1
BLIP2ITMClient.cosine: (480, 640, 3), Seems like there is a chair ahead.
Sticking to last point.
Best value: 10.78%
Step: 20 | Mode: explore | Action: 2
BLIP2ITMClient.cosine: (480, 640, 3), Seems like there is a chair ahead.
Best value: 14.82%
Step: 21 | Mode: explore | Action: 2
BLIP2ITMClient.cosine: (480, 640, 3), Seems like there is a chair ahead.
Sticking to last point.
Best value: 14.82%
Step: 22 | Mode: explore | Action: 1
BLIP2ITMClient.cosine: (480, 640, 3), Seems like there is a chair ahead.
Sticking to last point.
Best value: 14.82%
Step: 23 | Mode: explore | Action: 1
BLIP2ITMClient.cosine: (480, 640, 3), Seems like there is a chair ahead.
Sticking to last point.
Best value: 14.82%
Step: 24 | Mode: explore | Action: 1
BLIP2ITMClient.cosine: (480, 640, 3), Seems like there is a chair ahead.
Sticking to last point.
Best value: 14.82%
Step: 25 | Mode: explore | Action: 3
BLIP2ITMClient.cosine: (480, 640, 3), Seems like there is a chair ahead.
Sticking to last point.
Best value: 14.82%
Step: 26 | Mode: explore | Action: 1
BLIP2ITMClient.cosine: (480, 640, 3), Seems like there is a chair ahead.
Sticking to last point.
Best value: 14.82%
Step: 27 | Mode: explore | Action: 1
BLIP2ITMClient.cosine: (480, 640, 3), Seems like there is a chair ahead.
Sticking to last point.
Best value: 14.82%
Step: 28 | Mode: explore | Action: 3
BLIP2ITMClient.cosine: (480, 640, 3), Seems like there is a chair ahead.
Sticking to last point.
Best value: 14.82%
Step: 29 | Mode: explore | Action: 1
BLIP2ITMClient.cosine: (480, 640, 3), Seems like there is a chair ahead.
Sticking to last point.
Best value: 14.82%
Step: 30 | Mode: explore | Action: 3
BLIP2ITMClient.cosine: (480, 640, 3), Seems like there is a chair ahead.
Sticking to last point.
Best value: 14.82%
Step: 31 | Mode: explore | Action: 1
BLIP2ITMClient.cosine: (480, 640, 3), Seems like there is a chair ahead.
Sticking to last point.
Best value: 14.82%
Step: 32 | Mode: explore | Action: 1
BLIP2ITMClient.cosine: (480, 640, 3), Seems like there is a chair ahead.
Sticking to last point.
Best value: 14.82%
Step: 33 | Mode: explore | Action: 1
BLIP2ITMClient.cosine: (480, 640, 3), Seems like there is a chair ahead.
Sticking to last point.
Best value: 14.82%
Step: 34 | Mode: explore | Action: 1
BLIP2ITMClient.cosine: (480, 640, 3), Seems like there is a chair ahead.
Sticking to last point.
Best value: 14.82%
Step: 35 | Mode: explore | Action: 1
BLIP2ITMClient.cosine: (480, 640, 3), Seems like there is a chair ahead.
Sticking to last point.
Best value: 14.82%
Step: 36 | Mode: explore | Action: 1
BLIP2ITMClient.cosine: (480, 640, 3), Seems like there is a chair ahead.
Sticking to last point.
Best value: 14.82%
Step: 37 | Mode: explore | Action: 1
BLIP2ITMClient.cosine: (480, 640, 3), Seems like there is a chair ahead.
Sticking to last point.
Best value: 14.82%
Step: 38 | Mode: explore | Action: 3
BLIP2ITMClient.cosine: (480, 640, 3), Seems like there is a chair ahead.
Sticking to last point.
Best value: 14.82%
Step: 39 | Mode: explore | Action: 1
BLIP2ITMClient.cosine: (480, 640, 3), Seems like there is a chair ahead.
Sticking to last point.
Best value: 14.82%
Step: 40 | Mode: explore | Action: 1
BLIP2ITMClient.cosine: (480, 640, 3), Seems like there is a chair ahead.
Sticking to last point.
Best value: 14.82%
Step: 41 | Mode: explore | Action: 2
BLIP2ITMClient.cosine: (480, 640, 3), Seems like there is a chair ahead.
Sticking to last point.
Best value: 14.82%
Step: 42 | Mode: explore | Action: 1
BLIP2ITMClient.cosine: (480, 640, 3), Seems like there is a chair ahead.
Sticking to last point.
Best value: 14.82%
Step: 43 | Mode: explore | Action: 1
BLIP2ITMClient.cosine: (480, 640, 3), Seems like there is a chair ahead.
Sticking to last point.
Best value: 14.82%
Step: 44 | Mode: explore | Action: 3
BLIP2ITMClient.cosine: (480, 640, 3), Seems like there is a chair ahead.
Sticking to last point.
Best value: 14.82%
Step: 45 | Mode: explore | Action: 1
BLIP2ITMClient.cosine: (480, 640, 3), Seems like there is a chair ahead.
Sticking to last point.
Best value: 14.82%
Step: 46 | Mode: explore | Action: 3
BLIP2ITMClient.cosine: (480, 640, 3), Seems like there is a chair ahead.
Best value: 15.76%
Step: 47 | Mode: explore | Action: 3
BLIP2ITMClient.cosine: (480, 640, 3), Seems like there is a chair ahead.
Best value: 14.09%
Step: 48 | Mode: explore | Action: 1
BLIP2ITMClient.cosine: (480, 640, 3), Seems like there is a chair ahead.
Sticking to last point.
Best value: 14.36%
Step: 49 | Mode: explore | Action: 2
BLIP2ITMClient.cosine: (480, 640, 3), Seems like there is a chair ahead.
Sticking to last point.
Best value: 15.67%
Step: 50 | Mode: explore | Action: 1
BLIP2ITMClient.cosine: (480, 640, 3), Seems like there is a chair ahead.
Best value: 14.17%
Step: 51 | Mode: explore | Action: 2
BLIP2ITMClient.cosine: (480, 640, 3), Seems like there is a chair ahead.
Best value: 11.96%
Step: 52 | Mode: explore | Action: 1
BLIP2ITMClient.cosine: (480, 640, 3), Seems like there is a chair ahead.
Sticking to last point.
Best value: 11.11%
Step: 53 | Mode: explore | Action: 3
BLIP2ITMClient.cosine: (480, 640, 3), Seems like there is a chair ahead.
Sticking to last point.
Best value: 11.22%
Step: 54 | Mode: explore | Action: 1
BLIP2ITMClient.cosine: (480, 640, 3), Seems like there is a chair ahead.
Sticking to last point.
Best value: 11.30%
Step: 55 | Mode: explore | Action: 3
BLIP2ITMClient.cosine: (480, 640, 3), Seems like there is a chair ahead.
Sticking to last point.
Best value: 11.30%
Step: 56 | Mode: explore | Action: 1
BLIP2ITMClient.cosine: (480, 640, 3), Seems like there is a chair ahead.
Sticking to last point.
Best value: 11.30%
Step: 57 | Mode: explore | Action: 2
BLIP2ITMClient.cosine: (480, 640, 3), Seems like there is a chair ahead.
Sticking to last point.
Best value: 11.91%
Step: 58 | Mode: explore | Action: 2
BLIP2ITMClient.cosine: (480, 640, 3), Seems like there is a chair ahead.
Sticking to last point.
Best value: 11.22%
Step: 59 | Mode: explore | Action: 1
BLIP2ITMClient.cosine: (480, 640, 3), Seems like there is a chair ahead.
Sticking to last point.
Best value: 10.84%
Step: 60 | Mode: explore | Action: 2
BLIP2ITMClient.cosine: (480, 640, 3), Seems like there is a chair ahead.
Sticking to last point.
Best value: 10.84%
Step: 61 | Mode: explore | Action: 1
BLIP2ITMClient.cosine: (480, 640, 3), Seems like there is a chair ahead.
Sticking to last point.
Best value: 10.86%
Step: 62 | Mode: explore | Action: 1
BLIP2ITMClient.cosine: (480, 640, 3), Seems like there is a chair ahead.
Sticking to last point.
Best value: 10.86%
Step: 63 | Mode: explore | Action: 3
BLIP2ITMClient.cosine: (480, 640, 3), Seems like there is a chair ahead.
Best value: 11.58%
Step: 64 | Mode: explore | Action: 1
BLIP2ITMClient.cosine: (480, 640, 3), Seems like there is a chair ahead.
Sticking to last point.
Best value: 11.58%
Step: 65 | Mode: explore | Action: 3
BLIP2ITMClient.cosine: (480, 640, 3), Seems like there is a chair ahead.
Best value: 10.82%
Step: 66 | Mode: explore | Action: 3
BLIP2ITMClient.cosine: (480, 640, 3), Seems like there is a chair ahead.
Sticking to last point.
Best value: 10.82%
Step: 67 | Mode: explore | Action: 3
BLIP2ITMClient.cosine: (480, 640, 3), Seems like there is a chair ahead.
Sticking to last point.
Best value: 10.82%
Step: 68 | Mode: explore | Action: 3
BLIP2ITMClient.cosine: (480, 640, 3), Seems like there is a chair ahead.
Sticking to last point.
Best value: 10.82%
Step: 69 | Mode: explore | Action: 3
BLIP2ITMClient.cosine: (480, 640, 3), Seems like there is a chair ahead.
Best value: 10.71%
Step: 70 | Mode: explore | Action: 1
BLIP2ITMClient.cosine: (480, 640, 3), Seems like there is a chair ahead.
Sticking to last point.
Best value: 10.71%
Step: 71 | Mode: explore | Action: 1
BLIP2ITMClient.cosine: (480, 640, 3), Seems like there is a chair ahead.
Sticking to last point.
Best value: 10.71%
Step: 72 | Mode: explore | Action: 3
BLIP2ITMClient.cosine: (480, 640, 3), Seems like there is a chair ahead.
Sticking to last point.
Best value: 10.71%
Step: 73 | Mode: explore | Action: 1
BLIP2ITMClient.cosine: (480, 640, 3), Seems like there is a chair ahead.
Sticking to last point.
Best value: 10.71%
Step: 74 | Mode: explore | Action: 2
BLIP2ITMClient.cosine: (480, 640, 3), Seems like there is a chair ahead.
Sticking to last point.
Best value: 10.71%
Step: 75 | Mode: explore | Action: 1
BLIP2ITMClient.cosine: (480, 640, 3), Seems like there is a chair ahead.
Sticking to last point.
Best value: 10.71%
Step: 76 | Mode: explore | Action: 2
BLIP2ITMClient.cosine: (480, 640, 3), Seems like there is a chair ahead.
Sticking to last point.
Best value: 10.71%
Step: 77 | Mode: explore | Action: 1
BLIP2ITMClient.cosine: (480, 640, 3), Seems like there is a chair ahead.
Sticking to last point.
Best value: 10.71%
Step: 78 | Mode: explore | Action: 2
BLIP2ITMClient.cosine: (480, 640, 3), Seems like there is a chair ahead.
Sticking to last point.
Best value: 10.71%
Step: 79 | Mode: explore | Action: 1
BLIP2ITMClient.cosine: (480, 640, 3), Seems like there is a chair ahead.
Sticking to last point.
Best value: 10.71%
Step: 80 | Mode: explore | Action: 1
BLIP2ITMClient.cosine: (480, 640, 3), Seems like there is a chair ahead.
Sticking to last point.
Best value: 10.71%
Step: 81 | Mode: explore | Action: 1
BLIP2ITMClient.cosine: (480, 640, 3), Seems like there is a chair ahead.
Sticking to last point.
Best value: 10.71%
Step: 82 | Mode: explore | Action: 3
BLIP2ITMClient.cosine: (480, 640, 3), Seems like there is a chair ahead.
Sticking to last point.
Best value: 10.71%
Step: 83 | Mode: explore | Action: 1
BLIP2ITMClient.cosine: (480, 640, 3), Seems like there is a chair ahead.
Sticking to last point.
Best value: 10.71%
Step: 84 | Mode: explore | Action: 3
BLIP2ITMClient.cosine: (480, 640, 3), Seems like there is a chair ahead.
Sticking to last point.
Best value: 10.71%
Step: 85 | Mode: explore | Action: 1
BLIP2ITMClient.cosine: (480, 640, 3), Seems like there is a chair ahead.
Sticking to last point.
Best value: 10.71%
Step: 86 | Mode: explore | Action: 1
BLIP2ITMClient.cosine: (480, 640, 3), Seems like there is a chair ahead.
Sticking to last point.
Best value: 10.71%
Step: 87 | Mode: explore | Action: 1
BLIP2ITMClient.cosine: (480, 640, 3), Seems like there is a chair ahead.
Sticking to last point.
Best value: 10.71%
Step: 88 | Mode: explore | Action: 1
BLIP2ITMClient.cosine: (480, 640, 3), Seems like there is a chair ahead.
Best value: 10.11%
Step: 89 | Mode: explore | Action: 2
 93%|█████████▎| 28/30 [19:45<01:08, 34.14s/it]BLIP2ITMClient.cosine: (480, 640, 3), Seems like there is a chair ahead.
Sticking to last point.
Best value: 10.11%
Step: 90 | Mode: explore | Action: 2
BLIP2ITMClient.cosine: (480, 640, 3), Seems like there is a chair ahead.
Sticking to last point.
Best value: 10.11%
Step: 91 | Mode: explore | Action: 2
BLIP2ITMClient.cosine: (480, 640, 3), Seems like there is a chair ahead.
Sticking to last point.
Best value: 10.11%
Step: 92 | Mode: explore | Action: 2
BLIP2ITMClient.cosine: (480, 640, 3), Seems like there is a chair ahead.
Sticking to last point.
Best value: 10.11%
Step: 93 | Mode: explore | Action: 2
BLIP2ITMClient.cosine: (480, 640, 3), Seems like there is a chair ahead.
Sticking to last point.
Best value: 10.11%
Step: 94 | Mode: explore | Action: 2
BLIP2ITMClient.cosine: (480, 640, 3), Seems like there is a chair ahead.
Sticking to last point.
Best value: 10.11%
Step: 95 | Mode: explore | Action: 1
BLIP2ITMClient.cosine: (480, 640, 3), Seems like there is a chair ahead.
Sticking to last point.
Best value: 10.11%
Step: 96 | Mode: explore | Action: 1
BLIP2ITMClient.cosine: (480, 640, 3), Seems like there is a chair ahead.
Sticking to last point.
Best value: 10.11%
Step: 97 | Mode: explore | Action: 1
BLIP2ITMClient.cosine: (480, 640, 3), Seems like there is a chair ahead.
Sticking to last point.
Best value: 10.11%
Step: 98 | Mode: explore | Action: 1
BLIP2ITMClient.cosine: (480, 640, 3), Seems like there is a chair ahead.
Sticking to last point.
Best value: 10.11%
Step: 99 | Mode: explore | Action: 2
BLIP2ITMClient.cosine: (480, 640, 3), Seems like there is a chair ahead.
Sticking to last point.
Best value: 10.11%
Step: 100 | Mode: explore | Action: 1
BLIP2ITMClient.cosine: (480, 640, 3), Seems like there is a chair ahead.
Sticking to last point.
Best value: 10.11%
Step: 101 | Mode: explore | Action: 2
BLIP2ITMClient.cosine: (480, 640, 3), Seems like there is a chair ahead.
Sticking to last point.
Best value: 10.11%
Step: 102 | Mode: explore | Action: 1
BLIP2ITMClient.cosine: (480, 640, 3), Seems like there is a chair ahead.
Sticking to last point.
Best value: 10.11%
Step: 103 | Mode: explore | Action: 1
BLIP2ITMClient.cosine: (480, 640, 3), Seems like there is a chair ahead.
Sticking to last point.
Best value: 10.11%
Step: 104 | Mode: explore | Action: 1
BLIP2ITMClient.cosine: (480, 640, 3), Seems like there is a chair ahead.
Sticking to last point.
Best value: 10.11%
Step: 105 | Mode: explore | Action: 3
BLIP2ITMClient.cosine: (480, 640, 3), Seems like there is a chair ahead.
Sticking to last point.
Best value: 10.11%
Step: 106 | Mode: explore | Action: 1
BLIP2ITMClient.cosine: (480, 640, 3), Seems like there is a chair ahead.
Sticking to last point.
Best value: 10.11%
Step: 107 | Mode: explore | Action: 3
BLIP2ITMClient.cosine: (480, 640, 3), Seems like there is a chair ahead.
Sticking to last point.
Best value: 10.21%
Step: 108 | Mode: explore | Action: 1
BLIP2ITMClient.cosine: (480, 640, 3), Seems like there is a chair ahead.
Sticking to last point.
Best value: 9.84%
Step: 109 | Mode: explore | Action: 1
BLIP2ITMClient.cosine: (480, 640, 3), Seems like there is a chair ahead.
Sticking to last point.
Best value: 9.55%
Step: 110 | Mode: explore | Action: 1
BLIP2ITMClient.cosine: (480, 640, 3), Seems like there is a chair ahead.
Sticking to last point.
Best value: 9.31%
Step: 111 | Mode: explore | Action: 1
BLIP2ITMClient.cosine: (480, 640, 3), Seems like there is a chair ahead.
Sticking to last point.
Best value: 9.23%
Step: 112 | Mode: explore | Action: 1
BLIP2ITMClient.cosine: (480, 640, 3), Seems like there is a chair ahead.
Sticking to last point.
Best value: 9.34%
Step: 113 | Mode: explore | Action: 1
BLIP2ITMClient.cosine: (480, 640, 3), Seems like there is a chair ahead.
Sticking to last point.
Best value: 9.59%
Step: 114 | Mode: explore | Action: 1
BLIP2ITMClient.cosine: (480, 640, 3), Seems like there is a chair ahead.
Sticking to last point.
Best value: 11.06%
Step: 115 | Mode: explore | Action: 1
BLIP2ITMClient.cosine: (480, 640, 3), Seems like there is a chair ahead.
Sticking to last point.
Best value: 10.37%
Step: 116 | Mode: explore | Action: 3
BLIP2ITMClient.cosine: (480, 640, 3), Seems like there is a chair ahead.
Sticking to last point.
Best value: 10.28%
Step: 117 | Mode: explore | Action: 1
BLIP2ITMClient.cosine: (480, 640, 3), Seems like there is a chair ahead.
Sticking to last point.
Best value: 10.36%
Step: 118 | Mode: explore | Action: 1
BLIP2ITMClient.cosine: (480, 640, 3), Seems like there is a chair ahead.
Sticking to last point.
Best value: 10.00%
Step: 119 | Mode: explore | Action: 1
BLIP2ITMClient.cosine: (480, 640, 3), Seems like there is a chair ahead.
Best value: 10.36%
Step: 120 | Mode: explore | Action: 3
BLIP2ITMClient.cosine: (480, 640, 3), Seems like there is a chair ahead.
Best value: 10.66%
Step: 121 | Mode: explore | Action: 1
BLIP2ITMClient.cosine: (480, 640, 3), Seems like there is a chair ahead.
Best value: 10.66%
Step: 122 | Mode: explore | Action: 1
BLIP2ITMClient.cosine: (480, 640, 3), Seems like there is a chair ahead.
Sticking to last point.
Best value: 10.66%
Step: 123 | Mode: explore | Action: 3
BLIP2ITMClient.cosine: (480, 640, 3), Seems like there is a chair ahead.
Best value: 11.55%
Step: 124 | Mode: explore | Action: 1
BLIP2ITMClient.cosine: (480, 640, 3), Seems like there is a chair ahead.
Best value: 11.45%
Step: 125 | Mode: explore | Action: 1
BLIP2ITMClient.cosine: (480, 640, 3), Seems like there is a chair ahead.
Sticking to last point.
Best value: 10.78%
Step: 126 | Mode: explore | Action: 3
BLIP2ITMClient.cosine: (480, 640, 3), Seems like there is a chair ahead.
Best value: 10.19%
Step: 127 | Mode: explore | Action: 3
BLIP2ITMClient.cosine: (480, 640, 3), Seems like there is a chair ahead.
Step: 128 | Mode: navigate | Action: 2
BLIP2ITMClient.cosine: (480, 640, 3), Seems like there is a chair ahead.
Step: 129 | Mode: navigate | Action: 1
BLIP2ITMClient.cosine: (480, 640, 3), Seems like there is a chair ahead.
Step: 130 | Mode: navigate | Action: 0
Success rate: 53.57% (15 out of 28)
Logging episode 0005 to results/pilot/vlfm_original_jsons/5_wcojb4TFT35.json
BLIP2ITMClient.cosine: (480, 640, 3), Seems like there is a bed ahead.
Step: 0 | Mode: initialize | Action: 2
BLIP2ITMClient.cosine: (480, 640, 3), Seems like there is a bed ahead.
Step: 1 | Mode: initialize | Action: 2
BLIP2ITMClient.cosine: (480, 640, 3), Seems like there is a bed ahead.
Step: 2 | Mode: initialize | Action: 2
BLIP2ITMClient.cosine: (480, 640, 3), Seems like there is a bed ahead.
Step: 3 | Mode: initialize | Action: 2
BLIP2ITMClient.cosine: (480, 640, 3), Seems like there is a bed ahead.
Step: 4 | Mode: initialize | Action: 2
BLIP2ITMClient.cosine: (480, 640, 3), Seems like there is a bed ahead.
Step: 5 | Mode: initialize | Action: 2
BLIP2ITMClient.cosine: (480, 640, 3), Seems like there is a bed ahead.
Step: 6 | Mode: initialize | Action: 2
BLIP2ITMClient.cosine: (480, 640, 3), Seems like there is a bed ahead.
Step: 7 | Mode: initialize | Action: 2
BLIP2ITMClient.cosine: (480, 640, 3), Seems like there is a bed ahead.
Step: 8 | Mode: initialize | Action: 2
BLIP2ITMClient.cosine: (480, 640, 3), Seems like there is a bed ahead.
Step: 9 | Mode: initialize | Action: 2
BLIP2ITMClient.cosine: (480, 640, 3), Seems like there is a bed ahead.
Step: 10 | Mode: initialize | Action: 2
BLIP2ITMClient.cosine: (480, 640, 3), Seems like there is a bed ahead.
Step: 11 | Mode: initialize | Action: 2
BLIP2ITMClient.cosine: (480, 640, 3), Seems like there is a bed ahead.
Best value: 11.37%
Step: 12 | Mode: explore | Action: 2
BLIP2ITMClient.cosine: (480, 640, 3), Seems like there is a bed ahead.
Sticking to last point.
Best value: 11.29%
Step: 13 | Mode: explore | Action: 3
BLIP2ITMClient.cosine: (480, 640, 3), Seems like there is a bed ahead.
Sticking to last point.
Best value: 11.29%
Step: 14 | Mode: explore | Action: 1
BLIP2ITMClient.cosine: (480, 640, 3), Seems like there is a bed ahead.
Sticking to last point.
Best value: 11.29%
Step: 15 | Mode: explore | Action: 2
BLIP2ITMClient.cosine: (480, 640, 3), Seems like there is a bed ahead.
Best value: 11.34%
Step: 16 | Mode: explore | Action: 1
BLIP2ITMClient.cosine: (480, 640, 3), Seems like there is a bed ahead.
Best value: 11.39%
Step: 17 | Mode: explore | Action: 1
BLIP2ITMClient.cosine: (480, 640, 3), Seems like there is a bed ahead.
Sticking to last point.
Best value: 11.39%
Step: 18 | Mode: explore | Action: 2
BLIP2ITMClient.cosine: (480, 640, 3), Seems like there is a bed ahead.
Sticking to last point.
Best value: 12.19%
Step: 19 | Mode: explore | Action: 1
BLIP2ITMClient.cosine: (480, 640, 3), Seems like there is a bed ahead.
Sticking to last point.
Best value: 12.19%
Step: 20 | Mode: explore | Action: 1
BLIP2ITMClient.cosine: (480, 640, 3), Seems like there is a bed ahead.
Sticking to last point.
Best value: 12.19%
Step: 21 | Mode: explore | Action: 3
BLIP2ITMClient.cosine: (480, 640, 3), Seems like there is a bed ahead.
Sticking to last point.
Best value: 12.19%
Step: 22 | Mode: explore | Action: 1
BLIP2ITMClient.cosine: (480, 640, 3), Seems like there is a bed ahead.
Sticking to last point.
Best value: 12.19%
Step: 23 | Mode: explore | Action: 3
BLIP2ITMClient.cosine: (480, 640, 3), Seems like there is a bed ahead.
Sticking to last point.
Best value: 12.19%
Step: 24 | Mode: explore | Action: 1
BLIP2ITMClient.cosine: (480, 640, 3), Seems like there is a bed ahead.
Sticking to last point.
Best value: 12.19%
Step: 25 | Mode: explore | Action: 2
BLIP2ITMClient.cosine: (480, 640, 3), Seems like there is a bed ahead.
Sticking to last point.
Best value: 12.19%
Step: 26 | Mode: explore | Action: 1
BLIP2ITMClient.cosine: (480, 640, 3), Seems like there is a bed ahead.
Sticking to last point.
Best value: 12.19%
Step: 27 | Mode: explore | Action: 3
BLIP2ITMClient.cosine: (480, 640, 3), Seems like there is a bed ahead.
Sticking to last point.
Best value: 12.19%
Step: 28 | Mode: explore | Action: 1
BLIP2ITMClient.cosine: (480, 640, 3), Seems like there is a bed ahead.
Sticking to last point.
Best value: 12.19%
Step: 29 | Mode: explore | Action: 3
BLIP2ITMClient.cosine: (480, 640, 3), Seems like there is a bed ahead.
Sticking to last point.
Best value: 12.19%
Step: 30 | Mode: explore | Action: 1
BLIP2ITMClient.cosine: (480, 640, 3), Seems like there is a bed ahead.
Sticking to last point.
Best value: 12.19%
Step: 31 | Mode: explore | Action: 2
BLIP2ITMClient.cosine: (480, 640, 3), Seems like there is a bed ahead.
Sticking to last point.
Best value: 12.19%
Step: 32 | Mode: explore | Action: 2
BLIP2ITMClient.cosine: (480, 640, 3), Seems like there is a bed ahead.
Sticking to last point.
Best value: 12.19%
Step: 33 | Mode: explore | Action: 1
BLIP2ITMClient.cosine: (480, 640, 3), Seems like there is a bed ahead.
Sticking to last point.
Best value: 12.19%
Step: 34 | Mode: explore | Action: 2
BLIP2ITMClient.cosine: (480, 640, 3), Seems like there is a bed ahead.
Sticking to last point.
Best value: 12.19%
Step: 35 | Mode: explore | Action: 1
BLIP2ITMClient.cosine: (480, 640, 3), Seems like there is a bed ahead.
Sticking to last point.
Best value: 12.19%
Step: 36 | Mode: explore | Action: 2
BLIP2ITMClient.cosine: (480, 640, 3), Seems like there is a bed ahead.
Best value: 11.23%
Step: 37 | Mode: explore | Action: 3
BLIP2ITMClient.cosine: (480, 640, 3), Seems like there is a bed ahead.
Sticking to last point.
Best value: 11.23%
Step: 38 | Mode: explore | Action: 3
BLIP2ITMClient.cosine: (480, 640, 3), Seems like there is a bed ahead.
Sticking to last point.
Best value: 11.23%
Step: 39 | Mode: explore | Action: 1
BLIP2ITMClient.cosine: (480, 640, 3), Seems like there is a bed ahead.
Sticking to last point.
Best value: 11.23%
Step: 40 | Mode: explore | Action: 3
BLIP2ITMClient.cosine: (480, 640, 3), Seems like there is a bed ahead.
Sticking to last point.
Best value: 11.49%
Step: 41 | Mode: explore | Action: 1
BLIP2ITMClient.cosine: (480, 640, 3), Seems like there is a bed ahead.
Sticking to last point.
Best value: 11.67%
Step: 42 | Mode: explore | Action: 3
BLIP2ITMClient.cosine: (480, 640, 3), Seems like there is a bed ahead.
Sticking to last point.
Best value: 11.12%
Step: 43 | Mode: explore | Action: 1
BLIP2ITMClient.cosine: (480, 640, 3), Seems like there is a bed ahead.
Sticking to last point.
Best value: 10.92%
Step: 44 | Mode: explore | Action: 2
BLIP2ITMClient.cosine: (480, 640, 3), Seems like there is a bed ahead.
Sticking to last point.
Best value: 11.27%
Step: 45 | Mode: explore | Action: 2
BLIP2ITMClient.cosine: (480, 640, 3), Seems like there is a bed ahead.
Sticking to last point.
Best value: 11.25%
Step: 46 | Mode: explore | Action: 2
BLIP2ITMClient.cosine: (480, 640, 3), Seems like there is a bed ahead.
Sticking to last point.
Best value: 11.25%
Step: 47 | Mode: explore | Action: 1
BLIP2ITMClient.cosine: (480, 640, 3), Seems like there is a bed ahead.
Sticking to last point.
Best value: 11.25%
Step: 48 | Mode: explore | Action: 2
BLIP2ITMClient.cosine: (480, 640, 3), Seems like there is a bed ahead.
Sticking to last point.
Best value: 11.25%
Step: 49 | Mode: explore | Action: 1
BLIP2ITMClient.cosine: (480, 640, 3), Seems like there is a bed ahead.
Sticking to last point.
Best value: 11.25%
Step: 50 | Mode: explore | Action: 3
BLIP2ITMClient.cosine: (480, 640, 3), Seems like there is a bed ahead.
Sticking to last point.
Best value: 11.25%
Step: 51 | Mode: explore | Action: 3
BLIP2ITMClient.cosine: (480, 640, 3), Seems like there is a bed ahead.
Sticking to last point.
Best value: 11.22%
Step: 52 | Mode: explore | Action: 1
BLIP2ITMClient.cosine: (480, 640, 3), Seems like there is a bed ahead.
Sticking to last point.
Best value: 11.22%
Step: 53 | Mode: explore | Action: 3
BLIP2ITMClient.cosine: (480, 640, 3), Seems like there is a bed ahead.
Sticking to last point.
Best value: 11.50%
Step: 54 | Mode: explore | Action: 1
BLIP2ITMClient.cosine: (480, 640, 3), Seems like there is a bed ahead.
Sticking to last point.
Best value: 11.67%
Step: 55 | Mode: explore | Action: 3
BLIP2ITMClient.cosine: (480, 640, 3), Seems like there is a bed ahead.
Sticking to last point.
Best value: 11.12%
Step: 56 | Mode: explore | Action: 1
BLIP2ITMClient.cosine: (480, 640, 3), Seems like there is a bed ahead.
Sticking to last point.
Best value: 10.92%
Step: 57 | Mode: explore | Action: 3
BLIP2ITMClient.cosine: (480, 640, 3), Seems like there is a bed ahead.
Best value: 11.32%
Step: 58 | Mode: explore | Action: 2
BLIP2ITMClient.cosine: (480, 640, 3), Seems like there is a bed ahead.
Sticking to last point.
Best value: 11.32%
Step: 59 | Mode: explore | Action: 2
BLIP2ITMClient.cosine: (480, 640, 3), Seems like there is a bed ahead.
Sticking to last point.
Best value: 11.53%
Step: 60 | Mode: explore | Action: 2
BLIP2ITMClient.cosine: (480, 640, 3), Seems like there is a bed ahead.
Sticking to last point.
Best value: 10.90%
Step: 61 | Mode: explore | Action: 1
BLIP2ITMClient.cosine: (480, 640, 3), Seems like there is a bed ahead.
Sticking to last point.
Best value: 10.70%
Step: 62 | Mode: explore | Action: 2
BLIP2ITMClient.cosine: (480, 640, 3), Seems like there is a bed ahead.
Sticking to last point.
Best value: 10.71%
Step: 63 | Mode: explore | Action: 1
BLIP2ITMClient.cosine: (480, 640, 3), Seems like there is a bed ahead.
Sticking to last point.
Best value: 10.71%
Step: 64 | Mode: explore | Action: 2
BLIP2ITMClient.cosine: (480, 640, 3), Seems like there is a bed ahead.
Sticking to last point.
Best value: 10.71%
Step: 65 | Mode: explore | Action: 1
BLIP2ITMClient.cosine: (480, 640, 3), Seems like there is a bed ahead.
Sticking to last point.
Best value: 10.71%
Step: 66 | Mode: explore | Action: 3
BLIP2ITMClient.cosine: (480, 640, 3), Seems like there is a bed ahead.
Sticking to last point.
Best value: 10.71%
Step: 67 | Mode: explore | Action: 3
BLIP2ITMClient.cosine: (480, 640, 3), Seems like there is a bed ahead.
Sticking to last point.
Best value: 10.61%
Step: 68 | Mode: explore | Action: 3
BLIP2ITMClient.cosine: (480, 640, 3), Seems like there is a bed ahead.
Sticking to last point.
Best value: 11.03%
Step: 69 | Mode: explore | Action: 1
BLIP2ITMClient.cosine: (480, 640, 3), Seems like there is a bed ahead.
Sticking to last point.
Best value: 11.34%
Step: 70 | Mode: explore | Action: 3
BLIP2ITMClient.cosine: (480, 640, 3), Seems like there is a bed ahead.
Sticking to last point.
Best value: 11.34%
Step: 71 | Mode: explore | Action: 1
BLIP2ITMClient.cosine: (480, 640, 3), Seems like there is a bed ahead.
Sticking to last point.
Best value: 11.34%
Step: 72 | Mode: explore | Action: 2
BLIP2ITMClient.cosine: (480, 640, 3), Seems like there is a bed ahead.
Sticking to last point.
Best value: 11.56%
Step: 73 | Mode: explore | Action: 2
BLIP2ITMClient.cosine: (480, 640, 3), Seems like there is a bed ahead.
Sticking to last point.
Best value: 10.91%
Step: 74 | Mode: explore | Action: 1
BLIP2ITMClient.cosine: (480, 640, 3), Seems like there is a bed ahead.
Sticking to last point.
Best value: 10.70%
Step: 75 | Mode: explore | Action: 2
BLIP2ITMClient.cosine: (480, 640, 3), Seems like there is a bed ahead.
Sticking to last point.
Best value: 10.71%
Step: 76 | Mode: explore | Action: 1
BLIP2ITMClient.cosine: (480, 640, 3), Seems like there is a bed ahead.
Sticking to last point.
Best value: 10.71%
Step: 77 | Mode: explore | Action: 2
BLIP2ITMClient.cosine: (480, 640, 3), Seems like there is a bed ahead.
Sticking to last point.
Best value: 10.71%
Step: 78 | Mode: explore | Action: 1
BLIP2ITMClient.cosine: (480, 640, 3), Seems like there is a bed ahead.
Sticking to last point.
Best value: 10.71%
Step: 79 | Mode: explore | Action: 2
BLIP2ITMClient.cosine: (480, 640, 3), Seems like there is a bed ahead.
Sticking to last point.
Best value: 10.71%
Step: 80 | Mode: explore | Action: 1
BLIP2ITMClient.cosine: (480, 640, 3), Seems like there is a bed ahead.
Sticking to last point.
Best value: 10.71%
Step: 81 | Mode: explore | Action: 3
BLIP2ITMClient.cosine: (480, 640, 3), Seems like there is a bed ahead.
Sticking to last point.
Best value: 10.71%
Step: 82 | Mode: explore | Action: 3
BLIP2ITMClient.cosine: (480, 640, 3), Seems like there is a bed ahead.
Sticking to last point.
Best value: 10.71%
Step: 83 | Mode: explore | Action: 1
BLIP2ITMClient.cosine: (480, 640, 3), Seems like there is a bed ahead.
Sticking to last point.
Best value: 10.71%
Step: 84 | Mode: explore | Action: 3
BLIP2ITMClient.cosine: (480, 640, 3), Seems like there is a bed ahead.
Sticking to last point.
Best value: 10.61%
Step: 85 | Mode: explore | Action: 1
BLIP2ITMClient.cosine: (480, 640, 3), Seems like there is a bed ahead.
Sticking to last point.
Best value: 10.56%
Step: 86 | Mode: explore | Action: 3
BLIP2ITMClient.cosine: (480, 640, 3), Seems like there is a bed ahead.
Sticking to last point.
Best value: 10.99%
Step: 87 | Mode: explore | Action: 1
BLIP2ITMClient.cosine: (480, 640, 3), Seems like there is a bed ahead.
Sticking to last point.
Best value: 11.31%
Step: 88 | Mode: explore | Action: 3
BLIP2ITMClient.cosine: (480, 640, 3), Seems like there is a bed ahead.
Sticking to last point.
Best value: 11.31%
Step: 89 | Mode: explore | Action: 1
BLIP2ITMClient.cosine: (480, 640, 3), Seems like there is a bed ahead.
Sticking to last point.
Best value: 11.31%
Step: 90 | Mode: explore | Action: 3
BLIP2ITMClient.cosine: (480, 640, 3), Seems like there is a bed ahead.
Sticking to last point.
Best value: 11.31%
Step: 91 | Mode: explore | Action: 1
BLIP2ITMClient.cosine: (480, 640, 3), Seems like there is a bed ahead.
Sticking to last point.
Best value: 11.31%
Step: 92 | Mode: explore | Action: 2
BLIP2ITMClient.cosine: (480, 640, 3), Seems like there is a bed ahead.
Sticking to last point.
Best value: 11.31%
Step: 93 | Mode: explore | Action: 2
BLIP2ITMClient.cosine: (480, 640, 3), Seems like there is a bed ahead.
Sticking to last point.
Best value: 11.45%
Step: 94 | Mode: explore | Action: 2
BLIP2ITMClient.cosine: (480, 640, 3), Seems like there is a bed ahead.
Sticking to last point.
Best value: 11.27%
Step: 95 | Mode: explore | Action: 1
BLIP2ITMClient.cosine: (480, 640, 3), Seems like there is a bed ahead.
Sticking to last point.
Best value: 11.51%
Step: 96 | Mode: explore | Action: 2
BLIP2ITMClient.cosine: (480, 640, 3), Seems like there is a bed ahead.
Sticking to last point.
Best value: 11.55%
Step: 97 | Mode: explore | Action: 1
BLIP2ITMClient.cosine: (480, 640, 3), Seems like there is a bed ahead.
Sticking to last point.
Best value: 11.62%
Step: 98 | Mode: explore | Action: 2
BLIP2ITMClient.cosine: (480, 640, 3), Seems like there is a bed ahead.
Sticking to last point.
Best value: 11.62%
Step: 99 | Mode: explore | Action: 1
BLIP2ITMClient.cosine: (480, 640, 3), Seems like there is a bed ahead.
Sticking to last point.
Best value: 11.62%
Step: 100 | Mode: explore | Action: 2
BLIP2ITMClient.cosine: (480, 640, 3), Seems like there is a bed ahead.
Sticking to last point.
Best value: 11.62%
Step: 101 | Mode: explore | Action: 1
BLIP2ITMClient.cosine: (480, 640, 3), Seems like there is a bed ahead.
Sticking to last point.
Best value: 11.62%
Step: 102 | Mode: explore | Action: 3
BLIP2ITMClient.cosine: (480, 640, 3), Seems like there is a bed ahead.
Sticking to last point.
Best value: 11.62%
Step: 103 | Mode: explore | Action: 3
BLIP2ITMClient.cosine: (480, 640, 3), Seems like there is a bed ahead.
Sticking to last point.
Best value: 11.65%
Step: 104 | Mode: explore | Action: 3
BLIP2ITMClient.cosine: (480, 640, 3), Seems like there is a bed ahead.
Sticking to last point.
Best value: 11.68%
Step: 105 | Mode: explore | Action: 3
BLIP2ITMClient.cosine: (480, 640, 3), Seems like there is a bed ahead.
Sticking to last point.
Best value: 11.63%
Step: 106 | Mode: explore | Action: 1
BLIP2ITMClient.cosine: (480, 640, 3), Seems like there is a bed ahead.
Sticking to last point.
Best value: 11.61%
Step: 107 | Mode: explore | Action: 3
BLIP2ITMClient.cosine: (480, 640, 3), Seems like there is a bed ahead.
Sticking to last point.
Best value: 11.61%
Step: 108 | Mode: explore | Action: 1
BLIP2ITMClient.cosine: (480, 640, 3), Seems like there is a bed ahead.
Sticking to last point.
Best value: 11.61%
Step: 109 | Mode: explore | Action: 2
BLIP2ITMClient.cosine: (480, 640, 3), Seems like there is a bed ahead.
Sticking to last point.
Best value: 11.61%
Step: 110 | Mode: explore | Action: 2
BLIP2ITMClient.cosine: (480, 640, 3), Seems like there is a bed ahead.
Sticking to last point.
Best value: 11.68%
Step: 111 | Mode: explore | Action: 1
BLIP2ITMClient.cosine: (480, 640, 3), Seems like there is a bed ahead.
Sticking to last point.
Best value: 11.70%
Step: 112 | Mode: explore | Action: 2
BLIP2ITMClient.cosine: (480, 640, 3), Seems like there is a bed ahead.
Sticking to last point.
Best value: 11.70%
Step: 113 | Mode: explore | Action: 1
BLIP2ITMClient.cosine: (480, 640, 3), Seems like there is a bed ahead.
Sticking to last point.
Best value: 11.70%
Step: 114 | Mode: explore | Action: 2
BLIP2ITMClient.cosine: (480, 640, 3), Seems like there is a bed ahead.
Sticking to last point.
Best value: 11.70%
Step: 115 | Mode: explore | Action: 1
BLIP2ITMClient.cosine: (480, 640, 3), Seems like there is a bed ahead.
Sticking to last point.
Best value: 11.70%
Step: 116 | Mode: explore | Action: 2
BLIP2ITMClient.cosine: (480, 640, 3), Seems like there is a bed ahead.
Sticking to last point.
Best value: 11.70%
Step: 117 | Mode: explore | Action: 1
BLIP2ITMClient.cosine: (480, 640, 3), Seems like there is a bed ahead.
Sticking to last point.
Best value: 11.70%
Step: 118 | Mode: explore | Action: 2
BLIP2ITMClient.cosine: (480, 640, 3), Seems like there is a bed ahead.
Sticking to last point.
Best value: 11.70%
Step: 119 | Mode: explore | Action: 1
BLIP2ITMClient.cosine: (480, 640, 3), Seems like there is a bed ahead.
Sticking to last point.
Best value: 11.70%
Step: 120 | Mode: explore | Action: 3
BLIP2ITMClient.cosine: (480, 640, 3), Seems like there is a bed ahead.
Sticking to last point.
Best value: 11.70%
Step: 121 | Mode: explore | Action: 3
BLIP2ITMClient.cosine: (480, 640, 3), Seems like there is a bed ahead.
Sticking to last point.
Best value: 11.70%
Step: 122 | Mode: explore | Action: 3
BLIP2ITMClient.cosine: (480, 640, 3), Seems like there is a bed ahead.
Sticking to last point.
Best value: 11.70%
Step: 123 | Mode: explore | Action: 1
BLIP2ITMClient.cosine: (480, 640, 3), Seems like there is a bed ahead.
Sticking to last point.
Best value: 11.70%
Step: 124 | Mode: explore | Action: 3
BLIP2ITMClient.cosine: (480, 640, 3), Seems like there is a bed ahead.
Sticking to last point.
Best value: 10.99%
Step: 125 | Mode: explore | Action: 1
BLIP2ITMClient.cosine: (480, 640, 3), Seems like there is a bed ahead.
Sticking to last point.
Best value: 10.65%
Step: 126 | Mode: explore | Action: 3
BLIP2ITMClient.cosine: (480, 640, 3), Seems like there is a bed ahead.
Sticking to last point.
Best value: 10.86%
Step: 127 | Mode: explore | Action: 1
BLIP2ITMClient.cosine: (480, 640, 3), Seems like there is a bed ahead.
Sticking to last point.
Best value: 11.02%
Step: 128 | Mode: explore | Action: 3
BLIP2ITMClient.cosine: (480, 640, 3), Seems like there is a bed ahead.
Sticking to last point.
Best value: 11.02%
Step: 129 | Mode: explore | Action: 1
BLIP2ITMClient.cosine: (480, 640, 3), Seems like there is a bed ahead.
Sticking to last point.
Best value: 11.02%
Step: 130 | Mode: explore | Action: 3
BLIP2ITMClient.cosine: (480, 640, 3), Seems like there is a bed ahead.
Sticking to last point.
Best value: 11.02%
Step: 131 | Mode: explore | Action: 1
BLIP2ITMClient.cosine: (480, 640, 3), Seems like there is a bed ahead.
Sticking to last point.
Best value: 11.02%
Step: 132 | Mode: explore | Action: 2
BLIP2ITMClient.cosine: (480, 640, 3), Seems like there is a bed ahead.
Sticking to last point.
Best value: 11.02%
Step: 133 | Mode: explore | Action: 2
BLIP2ITMClient.cosine: (480, 640, 3), Seems like there is a bed ahead.
Sticking to last point.
Best value: 10.94%
Step: 134 | Mode: explore | Action: 1
BLIP2ITMClient.cosine: (480, 640, 3), Seems like there is a bed ahead.
Sticking to last point.
Best value: 10.93%
Step: 135 | Mode: explore | Action: 2
BLIP2ITMClient.cosine: (480, 640, 3), Seems like there is a bed ahead.
Sticking to last point.
Best value: 11.43%
Step: 136 | Mode: explore | Action: 1
BLIP2ITMClient.cosine: (480, 640, 3), Seems like there is a bed ahead.
Sticking to last point.
Best value: 11.59%
Step: 137 | Mode: explore | Action: 2
BLIP2ITMClient.cosine: (480, 640, 3), Seems like there is a bed ahead.
Sticking to last point.
Best value: 11.55%
Step: 138 | Mode: explore | Action: 1
BLIP2ITMClient.cosine: (480, 640, 3), Seems like there is a bed ahead.
Sticking to last point.
Best value: 11.45%
Step: 139 | Mode: explore | Action: 2
BLIP2ITMClient.cosine: (480, 640, 3), Seems like there is a bed ahead.
Sticking to last point.
Best value: 11.45%
Step: 140 | Mode: explore | Action: 1
BLIP2ITMClient.cosine: (480, 640, 3), Seems like there is a bed ahead.
Sticking to last point.
Best value: 11.45%
Step: 141 | Mode: explore | Action: 2
BLIP2ITMClient.cosine: (480, 640, 3), Seems like there is a bed ahead.
Sticking to last point.
Best value: 11.45%
Step: 142 | Mode: explore | Action: 1
BLIP2ITMClient.cosine: (480, 640, 3), Seems like there is a bed ahead.
Sticking to last point.
Best value: 11.45%
Step: 143 | Mode: explore | Action: 2
BLIP2ITMClient.cosine: (480, 640, 3), Seems like there is a bed ahead.
Sticking to last point.
Best value: 11.45%
Step: 144 | Mode: explore | Action: 1
BLIP2ITMClient.cosine: (480, 640, 3), Seems like there is a bed ahead.
Sticking to last point.
Best value: 11.45%
Step: 145 | Mode: explore | Action: 3
BLIP2ITMClient.cosine: (480, 640, 3), Seems like there is a bed ahead.
Sticking to last point.
Best value: 11.45%
Step: 146 | Mode: explore | Action: 3
BLIP2ITMClient.cosine: (480, 640, 3), Seems like there is a bed ahead.
Sticking to last point.
Best value: 11.45%
Step: 147 | Mode: explore | Action: 3
BLIP2ITMClient.cosine: (480, 640, 3), Seems like there is a bed ahead.
Sticking to last point.
Best value: 11.45%
Step: 148 | Mode: explore | Action: 1
BLIP2ITMClient.cosine: (480, 640, 3), Seems like there is a bed ahead.
Sticking to last point.
Best value: 11.56%
Step: 149 | Mode: explore | Action: 3
BLIP2ITMClient.cosine: (480, 640, 3), Seems like there is a bed ahead.
Sticking to last point.
Best value: 10.94%
Step: 150 | Mode: explore | Action: 1
BLIP2ITMClient.cosine: (480, 640, 3), Seems like there is a bed ahead.
Sticking to last point.
Best value: 10.62%
Step: 151 | Mode: explore | Action: 3
BLIP2ITMClient.cosine: (480, 640, 3), Seems like there is a bed ahead.
Sticking to last point.
Best value: 10.85%
Step: 152 | Mode: explore | Action: 1
BLIP2ITMClient.cosine: (480, 640, 3), Seems like there is a bed ahead.
Sticking to last point.
Best value: 11.00%
Step: 153 | Mode: explore | Action: 3
BLIP2ITMClient.cosine: (480, 640, 3), Seems like there is a bed ahead.
Sticking to last point.
Best value: 11.00%
Step: 154 | Mode: explore | Action: 1
BLIP2ITMClient.cosine: (480, 640, 3), Seems like there is a bed ahead.
Sticking to last point.
Best value: 11.00%
Step: 155 | Mode: explore | Action: 3
BLIP2ITMClient.cosine: (480, 640, 3), Seems like there is a bed ahead.
Sticking to last point.
Best value: 11.00%
Step: 156 | Mode: explore | Action: 1
BLIP2ITMClient.cosine: (480, 640, 3), Seems like there is a bed ahead.
Sticking to last point.
Best value: 11.00%
Step: 157 | Mode: explore | Action: 2
BLIP2ITMClient.cosine: (480, 640, 3), Seems like there is a bed ahead.
Sticking to last point.
Best value: 11.00%
Step: 158 | Mode: explore | Action: 2
BLIP2ITMClient.cosine: (480, 640, 3), Seems like there is a bed ahead.
Sticking to last point.
Best value: 11.26%
Step: 159 | Mode: explore | Action: 1
BLIP2ITMClient.cosine: (480, 640, 3), Seems like there is a bed ahead.
Sticking to last point.
Best value: 11.18%
Step: 160 | Mode: explore | Action: 2
BLIP2ITMClient.cosine: (480, 640, 3), Seems like there is a bed ahead.
Sticking to last point.
Best value: 11.37%
Step: 161 | Mode: explore | Action: 1
BLIP2ITMClient.cosine: (480, 640, 3), Seems like there is a bed ahead.
Sticking to last point.
Best value: 11.42%
Step: 162 | Mode: explore | Action: 2
BLIP2ITMClient.cosine: (480, 640, 3), Seems like there is a bed ahead.
Sticking to last point.
Best value: 11.42%
Step: 163 | Mode: explore | Action: 1
BLIP2ITMClient.cosine: (480, 640, 3), Seems like there is a bed ahead.
Sticking to last point.
Best value: 11.41%
Step: 164 | Mode: explore | Action: 2
BLIP2ITMClient.cosine: (480, 640, 3), Seems like there is a bed ahead.
Sticking to last point.
Best value: 11.41%
Step: 165 | Mode: explore | Action: 1
BLIP2ITMClient.cosine: (480, 640, 3), Seems like there is a bed ahead.
Sticking to last point.
Best value: 11.41%
Step: 166 | Mode: explore | Action: 2
BLIP2ITMClient.cosine: (480, 640, 3), Seems like there is a bed ahead.
Sticking to last point.
Best value: 11.41%
Step: 167 | Mode: explore | Action: 1
BLIP2ITMClient.cosine: (480, 640, 3), Seems like there is a bed ahead.
Sticking to last point.
Best value: 11.41%
Step: 168 | Mode: explore | Action: 2
BLIP2ITMClient.cosine: (480, 640, 3), Seems like there is a bed ahead.
Sticking to last point.
Best value: 11.41%
Step: 169 | Mode: explore | Action: 1
BLIP2ITMClient.cosine: (480, 640, 3), Seems like there is a bed ahead.
Sticking to last point.
Best value: 11.41%
Step: 170 | Mode: explore | Action: 3
BLIP2ITMClient.cosine: (480, 640, 3), Seems like there is a bed ahead.
Sticking to last point.
Best value: 11.41%
Step: 171 | Mode: explore | Action: 3
BLIP2ITMClient.cosine: (480, 640, 3), Seems like there is a bed ahead.
Sticking to last point.
Best value: 11.41%
Step: 172 | Mode: explore | Action: 3
BLIP2ITMClient.cosine: (480, 640, 3), Seems like there is a bed ahead.
Sticking to last point.
Best value: 11.41%
Step: 173 | Mode: explore | Action: 1
BLIP2ITMClient.cosine: (480, 640, 3), Seems like there is a bed ahead.
Sticking to last point.
Best value: 11.42%
Step: 174 | Mode: explore | Action: 3
BLIP2ITMClient.cosine: (480, 640, 3), Seems like there is a bed ahead.
Sticking to last point.
Best value: 11.14%
Step: 175 | Mode: explore | Action: 1
BLIP2ITMClient.cosine: (480, 640, 3), Seems like there is a bed ahead.
Sticking to last point.
Best value: 11.03%
Step: 176 | Mode: explore | Action: 3
BLIP2ITMClient.cosine: (480, 640, 3), Seems like there is a bed ahead.
Sticking to last point.
Best value: 11.04%
Step: 177 | Mode: explore | Action: 1
BLIP2ITMClient.cosine: (480, 640, 3), Seems like there is a bed ahead.
Sticking to last point.
Best value: 11.07%
Step: 178 | Mode: explore | Action: 3
BLIP2ITMClient.cosine: (480, 640, 3), Seems like there is a bed ahead.
Sticking to last point.
Best value: 11.07%
Step: 179 | Mode: explore | Action: 1
BLIP2ITMClient.cosine: (480, 640, 3), Seems like there is a bed ahead.
Sticking to last point.
Best value: 11.07%
Step: 180 | Mode: explore | Action: 3
BLIP2ITMClient.cosine: (480, 640, 3), Seems like there is a bed ahead.
Sticking to last point.
Best value: 11.07%
Step: 181 | Mode: explore | Action: 1
BLIP2ITMClient.cosine: (480, 640, 3), Seems like there is a bed ahead.
Sticking to last point.
Best value: 11.07%
Step: 182 | Mode: explore | Action: 2
BLIP2ITMClient.cosine: (480, 640, 3), Seems like there is a bed ahead.
Sticking to last point.
Best value: 11.07%
Step: 183 | Mode: explore | Action: 2
BLIP2ITMClient.cosine: (480, 640, 3), Seems like there is a bed ahead.
Sticking to last point.
Best value: 11.48%
Step: 184 | Mode: explore | Action: 1
BLIP2ITMClient.cosine: (480, 640, 3), Seems like there is a bed ahead.
Sticking to last point.
Best value: 11.91%
Step: 185 | Mode: explore | Action: 2
BLIP2ITMClient.cosine: (480, 640, 3), Seems like there is a bed ahead.
Sticking to last point.
Best value: 11.76%
Step: 186 | Mode: explore | Action: 1
BLIP2ITMClient.cosine: (480, 640, 3), Seems like there is a bed ahead.
Sticking to last point.
Best value: 11.72%
Step: 187 | Mode: explore | Action: 2
BLIP2ITMClient.cosine: (480, 640, 3), Seems like there is a bed ahead.
Sticking to last point.
Best value: 11.76%
Step: 188 | Mode: explore | Action: 1
BLIP2ITMClient.cosine: (480, 640, 3), Seems like there is a bed ahead.
Sticking to last point.
Best value: 11.81%
Step: 189 | Mode: explore | Action: 2
BLIP2ITMClient.cosine: (480, 640, 3), Seems like there is a bed ahead.
Sticking to last point.
Best value: 11.81%
Step: 190 | Mode: explore | Action: 1
BLIP2ITMClient.cosine: (480, 640, 3), Seems like there is a bed ahead.
Sticking to last point.
Best value: 11.81%
Step: 191 | Mode: explore | Action: 2
BLIP2ITMClient.cosine: (480, 640, 3), Seems like there is a bed ahead.
Sticking to last point.
Best value: 11.81%
Step: 192 | Mode: explore | Action: 1
BLIP2ITMClient.cosine: (480, 640, 3), Seems like there is a bed ahead.
Sticking to last point.
Best value: 11.81%
Step: 193 | Mode: explore | Action: 2
BLIP2ITMClient.cosine: (480, 640, 3), Seems like there is a bed ahead.
Sticking to last point.
Best value: 11.81%
Step: 194 | Mode: explore | Action: 1
BLIP2ITMClient.cosine: (480, 640, 3), Seems like there is a bed ahead.
Sticking to last point.
Best value: 11.81%
Step: 195 | Mode: explore | Action: 3
BLIP2ITMClient.cosine: (480, 640, 3), Seems like there is a bed ahead.
Sticking to last point.
Best value: 11.81%
Step: 196 | Mode: explore | Action: 3
BLIP2ITMClient.cosine: (480, 640, 3), Seems like there is a bed ahead.
Sticking to last point.
Best value: 11.81%
Step: 197 | Mode: explore | Action: 3
BLIP2ITMClient.cosine: (480, 640, 3), Seems like there is a bed ahead.
Sticking to last point.
Best value: 11.81%
Step: 198 | Mode: explore | Action: 1
BLIP2ITMClient.cosine: (480, 640, 3), Seems like there is a bed ahead.
Sticking to last point.
Best value: 11.75%
Step: 199 | Mode: explore | Action: 3
BLIP2ITMClient.cosine: (480, 640, 3), Seems like there is a bed ahead.
Sticking to last point.
Best value: 11.25%
Step: 200 | Mode: explore | Action: 1
BLIP2ITMClient.cosine: (480, 640, 3), Seems like there is a bed ahead.
Sticking to last point.
Best value: 10.91%
Step: 201 | Mode: explore | Action: 3
BLIP2ITMClient.cosine: (480, 640, 3), Seems like there is a bed ahead.
Sticking to last point.
Best value: 11.24%
Step: 202 | Mode: explore | Action: 1
BLIP2ITMClient.cosine: (480, 640, 3), Seems like there is a bed ahead.
Sticking to last point.
Best value: 11.46%
Step: 203 | Mode: explore | Action: 3
BLIP2ITMClient.cosine: (480, 640, 3), Seems like there is a bed ahead.
Sticking to last point.
Best value: 11.46%
Step: 204 | Mode: explore | Action: 1
BLIP2ITMClient.cosine: (480, 640, 3), Seems like there is a bed ahead.
Sticking to last point.
Best value: 11.46%
Step: 205 | Mode: explore | Action: 3
BLIP2ITMClient.cosine: (480, 640, 3), Seems like there is a bed ahead.
Sticking to last point.
Best value: 11.46%
Step: 206 | Mode: explore | Action: 1
BLIP2ITMClient.cosine: (480, 640, 3), Seems like there is a bed ahead.
Sticking to last point.
Best value: 11.46%
Step: 207 | Mode: explore | Action: 2
BLIP2ITMClient.cosine: (480, 640, 3), Seems like there is a bed ahead.
Sticking to last point.
Best value: 11.46%
Step: 208 | Mode: explore | Action: 2
BLIP2ITMClient.cosine: (480, 640, 3), Seems like there is a bed ahead.
Sticking to last point.
Best value: 11.68%
Step: 209 | Mode: explore | Action: 1
BLIP2ITMClient.cosine: (480, 640, 3), Seems like there is a bed ahead.
Sticking to last point.
Best value: 11.58%
Step: 210 | Mode: explore | Action: 2
BLIP2ITMClient.cosine: (480, 640, 3), Seems like there is a bed ahead.
Sticking to last point.
Best value: 11.52%
Step: 211 | Mode: explore | Action: 1
BLIP2ITMClient.cosine: (480, 640, 3), Seems like there is a bed ahead.
Sticking to last point.
Best value: 11.50%
Step: 212 | Mode: explore | Action: 2
BLIP2ITMClient.cosine: (480, 640, 3), Seems like there is a bed ahead.
Sticking to last point.
Best value: 11.50%
Step: 213 | Mode: explore | Action: 1
BLIP2ITMClient.cosine: (480, 640, 3), Seems like there is a bed ahead.
Sticking to last point.
Best value: 11.52%
Step: 214 | Mode: explore | Action: 2
BLIP2ITMClient.cosine: (480, 640, 3), Seems like there is a bed ahead.
Sticking to last point.
Best value: 11.52%
Step: 215 | Mode: explore | Action: 1
BLIP2ITMClient.cosine: (480, 640, 3), Seems like there is a bed ahead.
Sticking to last point.
Best value: 11.52%
Step: 216 | Mode: explore | Action: 2
BLIP2ITMClient.cosine: (480, 640, 3), Seems like there is a bed ahead.
Sticking to last point.
Best value: 11.52%
Step: 217 | Mode: explore | Action: 1
BLIP2ITMClient.cosine: (480, 640, 3), Seems like there is a bed ahead.
Sticking to last point.
Best value: 11.52%
Step: 218 | Mode: explore | Action: 3
BLIP2ITMClient.cosine: (480, 640, 3), Seems like there is a bed ahead.
Sticking to last point.
Best value: 11.52%
Step: 219 | Mode: explore | Action: 3
BLIP2ITMClient.cosine: (480, 640, 3), Seems like there is a bed ahead.
Sticking to last point.
Best value: 11.52%
Step: 220 | Mode: explore | Action: 3
BLIP2ITMClient.cosine: (480, 640, 3), Seems like there is a bed ahead.
Sticking to last point.
Best value: 11.47%
Step: 221 | Mode: explore | Action: 1
BLIP2ITMClient.cosine: (480, 640, 3), Seems like there is a bed ahead.
Sticking to last point.
Best value: 11.45%
Step: 222 | Mode: explore | Action: 3
BLIP2ITMClient.cosine: (480, 640, 3), Seems like there is a bed ahead.
Sticking to last point.
Best value: 11.46%
Step: 223 | Mode: explore | Action: 1
BLIP2ITMClient.cosine: (480, 640, 3), Seems like there is a bed ahead.
Sticking to last point.
Best value: 11.47%
Step: 224 | Mode: explore | Action: 3
BLIP2ITMClient.cosine: (480, 640, 3), Seems like there is a bed ahead.
Sticking to last point.
Best value: 11.47%
Step: 225 | Mode: explore | Action: 1
BLIP2ITMClient.cosine: (480, 640, 3), Seems like there is a bed ahead.
Sticking to last point.
Best value: 11.47%
Step: 226 | Mode: explore | Action: 3
BLIP2ITMClient.cosine: (480, 640, 3), Seems like there is a bed ahead.
Sticking to last point.
Best value: 11.47%
Step: 227 | Mode: explore | Action: 1
BLIP2ITMClient.cosine: (480, 640, 3), Seems like there is a bed ahead.
Sticking to last point.
Best value: 11.47%
Step: 228 | Mode: explore | Action: 1
BLIP2ITMClient.cosine: (480, 640, 3), Seems like there is a bed ahead.
Sticking to last point.
Best value: 11.47%
Step: 229 | Mode: explore | Action: 2
BLIP2ITMClient.cosine: (480, 640, 3), Seems like there is a bed ahead.
Sticking to last point.
Best value: 11.47%
Step: 230 | Mode: explore | Action: 2
BLIP2ITMClient.cosine: (480, 640, 3), Seems like there is a bed ahead.
Sticking to last point.
Best value: 11.56%
Step: 231 | Mode: explore | Action: 1
BLIP2ITMClient.cosine: (480, 640, 3), Seems like there is a bed ahead.
Sticking to last point.
Best value: 11.62%
Step: 232 | Mode: explore | Action: 2
BLIP2ITMClient.cosine: (480, 640, 3), Seems like there is a bed ahead.
Sticking to last point.
Best value: 11.32%
Step: 233 | Mode: explore | Action: 1
BLIP2ITMClient.cosine: (480, 640, 3), Seems like there is a bed ahead.
Sticking to last point.
Best value: 11.62%
Step: 234 | Mode: explore | Action: 2
BLIP2ITMClient.cosine: (480, 640, 3), Seems like there is a bed ahead.
Sticking to last point.
Best value: 11.63%
Step: 235 | Mode: explore | Action: 1
BLIP2ITMClient.cosine: (480, 640, 3), Seems like there is a bed ahead.
Sticking to last point.
Best value: 11.65%
Step: 236 | Mode: explore | Action: 2
BLIP2ITMClient.cosine: (480, 640, 3), Seems like there is a bed ahead.
Sticking to last point.
Best value: 11.65%
Step: 237 | Mode: explore | Action: 1
BLIP2ITMClient.cosine: (480, 640, 3), Seems like there is a bed ahead.
Sticking to last point.
Best value: 11.65%
Step: 238 | Mode: explore | Action: 2
BLIP2ITMClient.cosine: (480, 640, 3), Seems like there is a bed ahead.
Sticking to last point.
Best value: 11.65%
Step: 239 | Mode: explore | Action: 1
BLIP2ITMClient.cosine: (480, 640, 3), Seems like there is a bed ahead.
Sticking to last point.
Best value: 11.65%
Step: 240 | Mode: explore | Action: 2
BLIP2ITMClient.cosine: (480, 640, 3), Seems like there is a bed ahead.
Sticking to last point.
Best value: 11.65%
Step: 241 | Mode: explore | Action: 1
BLIP2ITMClient.cosine: (480, 640, 3), Seems like there is a bed ahead.
Sticking to last point.
Best value: 11.65%
Step: 242 | Mode: explore | Action: 3
BLIP2ITMClient.cosine: (480, 640, 3), Seems like there is a bed ahead.
Sticking to last point.
Best value: 11.65%
Step: 243 | Mode: explore | Action: 3
BLIP2ITMClient.cosine: (480, 640, 3), Seems like there is a bed ahead.
Sticking to last point.
Best value: 11.65%
Step: 244 | Mode: explore | Action: 3
BLIP2ITMClient.cosine: (480, 640, 3), Seems like there is a bed ahead.
Sticking to last point.
Best value: 11.65%
Step: 245 | Mode: explore | Action: 1
BLIP2ITMClient.cosine: (480, 640, 3), Seems like there is a bed ahead.
Sticking to last point.
Best value: 11.65%
Step: 246 | Mode: explore | Action: 3
BLIP2ITMClient.cosine: (480, 640, 3), Seems like there is a bed ahead.
Sticking to last point.
Best value: 11.02%
Step: 247 | Mode: explore | Action: 1
BLIP2ITMClient.cosine: (480, 640, 3), Seems like there is a bed ahead.
Sticking to last point.
Best value: 10.73%
Step: 248 | Mode: explore | Action: 2
BLIP2ITMClient.cosine: (480, 640, 3), Seems like there is a bed ahead.
Sticking to last point.
Best value: 11.01%
Step: 249 | Mode: explore | Action: 1
BLIP2ITMClient.cosine: (480, 640, 3), Seems like there is a bed ahead.
Sticking to last point.
Best value: 11.16%
Step: 250 | Mode: explore | Action: 2
BLIP2ITMClient.cosine: (480, 640, 3), Seems like there is a bed ahead.
Sticking to last point.
Best value: 11.16%
Step: 251 | Mode: explore | Action: 1
BLIP2ITMClient.cosine: (480, 640, 3), Seems like there is a bed ahead.
Sticking to last point.
Best value: 11.16%
Step: 252 | Mode: explore | Action: 2
BLIP2ITMClient.cosine: (480, 640, 3), Seems like there is a bed ahead.
Sticking to last point.
Best value: 11.16%
Step: 253 | Mode: explore | Action: 1
BLIP2ITMClient.cosine: (480, 640, 3), Seems like there is a bed ahead.
Sticking to last point.
Best value: 11.16%
Step: 254 | Mode: explore | Action: 3
BLIP2ITMClient.cosine: (480, 640, 3), Seems like there is a bed ahead.
Sticking to last point.
Best value: 11.16%
Step: 255 | Mode: explore | Action: 3
BLIP2ITMClient.cosine: (480, 640, 3), Seems like there is a bed ahead.
Sticking to last point.
Best value: 11.19%
Step: 256 | Mode: explore | Action: 1
BLIP2ITMClient.cosine: (480, 640, 3), Seems like there is a bed ahead.
Sticking to last point.
Best value: 11.19%
Step: 257 | Mode: explore | Action: 3
BLIP2ITMClient.cosine: (480, 640, 3), Seems like there is a bed ahead.
Sticking to last point.
Best value: 10.77%
Step: 258 | Mode: explore | Action: 1
BLIP2ITMClient.cosine: (480, 640, 3), Seems like there is a bed ahead.
Sticking to last point.
Best value: 10.57%
Step: 259 | Mode: explore | Action: 3
BLIP2ITMClient.cosine: (480, 640, 3), Seems like there is a bed ahead.
Sticking to last point.
Best value: 10.95%
Step: 260 | Mode: explore | Action: 1
BLIP2ITMClient.cosine: (480, 640, 3), Seems like there is a bed ahead.
Sticking to last point.
Best value: 11.31%
Step: 261 | Mode: explore | Action: 3
BLIP2ITMClient.cosine: (480, 640, 3), Seems like there is a bed ahead.
Sticking to last point.
Best value: 11.31%
Step: 262 | Mode: explore | Action: 1
BLIP2ITMClient.cosine: (480, 640, 3), Seems like there is a bed ahead.
Sticking to last point.
Best value: 11.31%
Step: 263 | Mode: explore | Action: 3
BLIP2ITMClient.cosine: (480, 640, 3), Seems like there is a bed ahead.
Sticking to last point.
Best value: 11.31%
Step: 264 | Mode: explore | Action: 1
BLIP2ITMClient.cosine: (480, 640, 3), Seems like there is a bed ahead.
Sticking to last point.
Best value: 11.31%
Step: 265 | Mode: explore | Action: 1
BLIP2ITMClient.cosine: (480, 640, 3), Seems like there is a bed ahead.
Sticking to last point.
Best value: 11.31%
Step: 266 | Mode: explore | Action: 2
BLIP2ITMClient.cosine: (480, 640, 3), Seems like there is a bed ahead.
Sticking to last point.
Best value: 11.31%
Step: 267 | Mode: explore | Action: 2
BLIP2ITMClient.cosine: (480, 640, 3), Seems like there is a bed ahead.
Sticking to last point.
Best value: 11.28%
Step: 268 | Mode: explore | Action: 1
BLIP2ITMClient.cosine: (480, 640, 3), Seems like there is a bed ahead.
Sticking to last point.
Best value: 11.26%
Step: 269 | Mode: explore | Action: 2
BLIP2ITMClient.cosine: (480, 640, 3), Seems like there is a bed ahead.
Sticking to last point.
Best value: 11.53%
Step: 270 | Mode: explore | Action: 1
BLIP2ITMClient.cosine: (480, 640, 3), Seems like there is a bed ahead.
Sticking to last point.
Best value: 11.66%
Step: 271 | Mode: explore | Action: 2
BLIP2ITMClient.cosine: (480, 640, 3), Seems like there is a bed ahead.
Sticking to last point.
Best value: 11.62%
Step: 272 | Mode: explore | Action: 1
BLIP2ITMClient.cosine: (480, 640, 3), Seems like there is a bed ahead.
Sticking to last point.
Best value: 11.62%
Step: 273 | Mode: explore | Action: 2
BLIP2ITMClient.cosine: (480, 640, 3), Seems like there is a bed ahead.
Sticking to last point.
Best value: 11.62%
Step: 274 | Mode: explore | Action: 1
BLIP2ITMClient.cosine: (480, 640, 3), Seems like there is a bed ahead.
Sticking to last point.
Best value: 11.62%
Step: 275 | Mode: explore | Action: 2
BLIP2ITMClient.cosine: (480, 640, 3), Seems like there is a bed ahead.
Sticking to last point.
Best value: 11.62%
Step: 276 | Mode: explore | Action: 1
BLIP2ITMClient.cosine: (480, 640, 3), Seems like there is a bed ahead.
Sticking to last point.
Best value: 11.62%
Step: 277 | Mode: explore | Action: 2
BLIP2ITMClient.cosine: (480, 640, 3), Seems like there is a bed ahead.
Sticking to last point.
Best value: 11.62%
Step: 278 | Mode: explore | Action: 1
BLIP2ITMClient.cosine: (480, 640, 3), Seems like there is a bed ahead.
Sticking to last point.
Best value: 11.62%
Step: 279 | Mode: explore | Action: 3
BLIP2ITMClient.cosine: (480, 640, 3), Seems like there is a bed ahead.
Sticking to last point.
Best value: 11.62%
Step: 280 | Mode: explore | Action: 3
BLIP2ITMClient.cosine: (480, 640, 3), Seems like there is a bed ahead.
Sticking to last point.
Best value: 11.62%
Step: 281 | Mode: explore | Action: 3
BLIP2ITMClient.cosine: (480, 640, 3), Seems like there is a bed ahead.
Sticking to last point.
Best value: 11.62%
Step: 282 | Mode: explore | Action: 1
BLIP2ITMClient.cosine: (480, 640, 3), Seems like there is a bed ahead.
Sticking to last point.
Best value: 11.64%
Step: 283 | Mode: explore | Action: 3
BLIP2ITMClient.cosine: (480, 640, 3), Seems like there is a bed ahead.
Sticking to last point.
Best value: 11.11%
Step: 284 | Mode: explore | Action: 1
BLIP2ITMClient.cosine: (480, 640, 3), Seems like there is a bed ahead.
Sticking to last point.
Best value: 10.85%
Step: 285 | Mode: explore | Action: 2
BLIP2ITMClient.cosine: (480, 640, 3), Seems like there is a bed ahead.
Sticking to last point.
Best value: 11.11%
Step: 286 | Mode: explore | Action: 1
BLIP2ITMClient.cosine: (480, 640, 3), Seems like there is a bed ahead.
Sticking to last point.
Best value: 11.22%
Step: 287 | Mode: explore | Action: 2
BLIP2ITMClient.cosine: (480, 640, 3), Seems like there is a bed ahead.
Sticking to last point.
Best value: 11.22%
Step: 288 | Mode: explore | Action: 1
BLIP2ITMClient.cosine: (480, 640, 3), Seems like there is a bed ahead.
Sticking to last point.
Best value: 11.22%
Step: 289 | Mode: explore | Action: 2
BLIP2ITMClient.cosine: (480, 640, 3), Seems like there is a bed ahead.
Sticking to last point.
Best value: 11.22%
Step: 290 | Mode: explore | Action: 1
BLIP2ITMClient.cosine: (480, 640, 3), Seems like there is a bed ahead.
Sticking to last point.
Best value: 11.22%
Step: 291 | Mode: explore | Action: 3
BLIP2ITMClient.cosine: (480, 640, 3), Seems like there is a bed ahead.
Sticking to last point.
Best value: 11.22%
Step: 292 | Mode: explore | Action: 3
BLIP2ITMClient.cosine: (480, 640, 3), Seems like there is a bed ahead.
Sticking to last point.
Best value: 11.22%
Step: 293 | Mode: explore | Action: 1
BLIP2ITMClient.cosine: (480, 640, 3), Seems like there is a bed ahead.
Sticking to last point.
Best value: 11.22%
Step: 294 | Mode: explore | Action: 3
BLIP2ITMClient.cosine: (480, 640, 3), Seems like there is a bed ahead.
Sticking to last point.
Best value: 10.92%
Step: 295 | Mode: explore | Action: 1
BLIP2ITMClient.cosine: (480, 640, 3), Seems like there is a bed ahead.
Sticking to last point.
Best value: 10.73%
Step: 296 | Mode: explore | Action: 3
BLIP2ITMClient.cosine: (480, 640, 3), Seems like there is a bed ahead.
Sticking to last point.
Best value: 11.20%
Step: 297 | Mode: explore | Action: 1
BLIP2ITMClient.cosine: (480, 640, 3), Seems like there is a bed ahead.
Sticking to last point.
Best value: 11.58%
Step: 298 | Mode: explore | Action: 3
BLIP2ITMClient.cosine: (480, 640, 3), Seems like there is a bed ahead.
Sticking to last point.
Best value: 11.58%
Step: 299 | Mode: explore | Action: 1
BLIP2ITMClient.cosine: (480, 640, 3), Seems like there is a bed ahead.
Sticking to last point.
Best value: 11.58%
Step: 300 | Mode: explore | Action: 3
BLIP2ITMClient.cosine: (480, 640, 3), Seems like there is a bed ahead.
Sticking to last point.
Best value: 11.58%
Step: 301 | Mode: explore | Action: 1
BLIP2ITMClient.cosine: (480, 640, 3), Seems like there is a bed ahead.
Sticking to last point.
Best value: 11.58%
Step: 302 | Mode: explore | Action: 1
BLIP2ITMClient.cosine: (480, 640, 3), Seems like there is a bed ahead.
Sticking to last point.
Best value: 11.58%
Step: 303 | Mode: explore | Action: 2
BLIP2ITMClient.cosine: (480, 640, 3), Seems like there is a bed ahead.
Sticking to last point.
Best value: 11.58%
Step: 304 | Mode: explore | Action: 2
BLIP2ITMClient.cosine: (480, 640, 3), Seems like there is a bed ahead.
Sticking to last point.
Best value: 11.53%
Step: 305 | Mode: explore | Action: 1
BLIP2ITMClient.cosine: (480, 640, 3), Seems like there is a bed ahead.
Sticking to last point.
Best value: 11.48%
Step: 306 | Mode: explore | Action: 2
BLIP2ITMClient.cosine: (480, 640, 3), Seems like there is a bed ahead.
Sticking to last point.
Best value: 11.45%
Step: 307 | Mode: explore | Action: 1
BLIP2ITMClient.cosine: (480, 640, 3), Seems like there is a bed ahead.
Sticking to last point.
Best value: 11.62%
Step: 308 | Mode: explore | Action: 2
BLIP2ITMClient.cosine: (480, 640, 3), Seems like there is a bed ahead.
Sticking to last point.
Best value: 11.62%
Step: 309 | Mode: explore | Action: 1
BLIP2ITMClient.cosine: (480, 640, 3), Seems like there is a bed ahead.
Sticking to last point.
Best value: 11.62%
Step: 310 | Mode: explore | Action: 2
BLIP2ITMClient.cosine: (480, 640, 3), Seems like there is a bed ahead.
Sticking to last point.
Best value: 11.62%
Step: 311 | Mode: explore | Action: 1
BLIP2ITMClient.cosine: (480, 640, 3), Seems like there is a bed ahead.
Sticking to last point.
Best value: 11.62%
Step: 312 | Mode: explore | Action: 2
BLIP2ITMClient.cosine: (480, 640, 3), Seems like there is a bed ahead.
Sticking to last point.
Best value: 11.62%
Step: 313 | Mode: explore | Action: 1
BLIP2ITMClient.cosine: (480, 640, 3), Seems like there is a bed ahead.
Sticking to last point.
Best value: 11.62%
Step: 314 | Mode: explore | Action: 2
BLIP2ITMClient.cosine: (480, 640, 3), Seems like there is a bed ahead.
Sticking to last point.
Best value: 11.62%
Step: 315 | Mode: explore | Action: 1
BLIP2ITMClient.cosine: (480, 640, 3), Seems like there is a bed ahead.
Sticking to last point.
Best value: 11.62%
Step: 316 | Mode: explore | Action: 3
BLIP2ITMClient.cosine: (480, 640, 3), Seems like there is a bed ahead.
Sticking to last point.
Best value: 11.62%
Step: 317 | Mode: explore | Action: 3
BLIP2ITMClient.cosine: (480, 640, 3), Seems like there is a bed ahead.
Sticking to last point.
Best value: 11.62%
Step: 318 | Mode: explore | Action: 3
BLIP2ITMClient.cosine: (480, 640, 3), Seems like there is a bed ahead.
Sticking to last point.
Best value: 11.62%
Step: 319 | Mode: explore | Action: 1
BLIP2ITMClient.cosine: (480, 640, 3), Seems like there is a bed ahead.
Sticking to last point.
Best value: 11.62%
Step: 320 | Mode: explore | Action: 3
BLIP2ITMClient.cosine: (480, 640, 3), Seems like there is a bed ahead.
Sticking to last point.
Best value: 11.23%
Step: 321 | Mode: explore | Action: 1
BLIP2ITMClient.cosine: (480, 640, 3), Seems like there is a bed ahead.
Sticking to last point.
Best value: 11.04%
Step: 322 | Mode: explore | Action: 2
BLIP2ITMClient.cosine: (480, 640, 3), Seems like there is a bed ahead.
Sticking to last point.
Best value: 11.28%
Step: 323 | Mode: explore | Action: 1
BLIP2ITMClient.cosine: (480, 640, 3), Seems like there is a bed ahead.
Sticking to last point.
Best value: 11.31%
Step: 324 | Mode: explore | Action: 2
BLIP2ITMClient.cosine: (480, 640, 3), Seems like there is a bed ahead.
Sticking to last point.
Best value: 11.31%
Step: 325 | Mode: explore | Action: 1
BLIP2ITMClient.cosine: (480, 640, 3), Seems like there is a bed ahead.
Sticking to last point.
Best value: 11.31%
Step: 326 | Mode: explore | Action: 2
BLIP2ITMClient.cosine: (480, 640, 3), Seems like there is a bed ahead.
Sticking to last point.
Best value: 11.31%
Step: 327 | Mode: explore | Action: 1
BLIP2ITMClient.cosine: (480, 640, 3), Seems like there is a bed ahead.
Sticking to last point.
Best value: 11.31%
Step: 328 | Mode: explore | Action: 3
BLIP2ITMClient.cosine: (480, 640, 3), Seems like there is a bed ahead.
Sticking to last point.
Best value: 11.31%
Step: 329 | Mode: explore | Action: 3
BLIP2ITMClient.cosine: (480, 640, 3), Seems like there is a bed ahead.
Sticking to last point.
Best value: 11.31%
Step: 330 | Mode: explore | Action: 1
BLIP2ITMClient.cosine: (480, 640, 3), Seems like there is a bed ahead.
Sticking to last point.
Best value: 11.31%
Step: 331 | Mode: explore | Action: 3
BLIP2ITMClient.cosine: (480, 640, 3), Seems like there is a bed ahead.
Sticking to last point.
Best value: 11.15%
Step: 332 | Mode: explore | Action: 1
BLIP2ITMClient.cosine: (480, 640, 3), Seems like there is a bed ahead.
Sticking to last point.
Best value: 11.01%
Step: 333 | Mode: explore | Action: 3
BLIP2ITMClient.cosine: (480, 640, 3), Seems like there is a bed ahead.
Sticking to last point.
Best value: 11.38%
Step: 334 | Mode: explore | Action: 1
BLIP2ITMClient.cosine: (480, 640, 3), Seems like there is a bed ahead.
Sticking to last point.
Best value: 11.63%
Step: 335 | Mode: explore | Action: 3
BLIP2ITMClient.cosine: (480, 640, 3), Seems like there is a bed ahead.
Sticking to last point.
Best value: 11.63%
Step: 336 | Mode: explore | Action: 1
BLIP2ITMClient.cosine: (480, 640, 3), Seems like there is a bed ahead.
Sticking to last point.
Best value: 11.63%
Step: 337 | Mode: explore | Action: 3
BLIP2ITMClient.cosine: (480, 640, 3), Seems like there is a bed ahead.
Sticking to last point.
Best value: 11.63%
Step: 338 | Mode: explore | Action: 1
BLIP2ITMClient.cosine: (480, 640, 3), Seems like there is a bed ahead.
Sticking to last point.
Best value: 11.63%
Step: 339 | Mode: explore | Action: 1
BLIP2ITMClient.cosine: (480, 640, 3), Seems like there is a bed ahead.
Sticking to last point.
Best value: 11.63%
Step: 340 | Mode: explore | Action: 2
BLIP2ITMClient.cosine: (480, 640, 3), Seems like there is a bed ahead.
Sticking to last point.
Best value: 11.63%
Step: 341 | Mode: explore | Action: 2
BLIP2ITMClient.cosine: (480, 640, 3), Seems like there is a bed ahead.
Sticking to last point.
Best value: 11.57%
Step: 342 | Mode: explore | Action: 1
BLIP2ITMClient.cosine: (480, 640, 3), Seems like there is a bed ahead.
Sticking to last point.
Best value: 11.53%
Step: 343 | Mode: explore | Action: 2
BLIP2ITMClient.cosine: (480, 640, 3), Seems like there is a bed ahead.
Sticking to last point.
Best value: 11.47%
Step: 344 | Mode: explore | Action: 1
BLIP2ITMClient.cosine: (480, 640, 3), Seems like there is a bed ahead.
Sticking to last point.
Best value: 11.62%
Step: 345 | Mode: explore | Action: 2
BLIP2ITMClient.cosine: (480, 640, 3), Seems like there is a bed ahead.
Sticking to last point.
Best value: 11.61%
Step: 346 | Mode: explore | Action: 1
BLIP2ITMClient.cosine: (480, 640, 3), Seems like there is a bed ahead.
Sticking to last point.
Best value: 11.60%
Step: 347 | Mode: explore | Action: 2
BLIP2ITMClient.cosine: (480, 640, 3), Seems like there is a bed ahead.
Sticking to last point.
Best value: 11.60%
Step: 348 | Mode: explore | Action: 1
BLIP2ITMClient.cosine: (480, 640, 3), Seems like there is a bed ahead.
Sticking to last point.
Best value: 11.60%
Step: 349 | Mode: explore | Action: 2
BLIP2ITMClient.cosine: (480, 640, 3), Seems like there is a bed ahead.
Sticking to last point.
Best value: 11.60%
Step: 350 | Mode: explore | Action: 1
BLIP2ITMClient.cosine: (480, 640, 3), Seems like there is a bed ahead.
Sticking to last point.
Best value: 11.60%
Step: 351 | Mode: explore | Action: 2
BLIP2ITMClient.cosine: (480, 640, 3), Seems like there is a bed ahead.
Sticking to last point.
Best value: 11.60%
Step: 352 | Mode: explore | Action: 1
BLIP2ITMClient.cosine: (480, 640, 3), Seems like there is a bed ahead.
Sticking to last point.
Best value: 11.60%
Step: 353 | Mode: explore | Action: 3
BLIP2ITMClient.cosine: (480, 640, 3), Seems like there is a bed ahead.
Sticking to last point.
Best value: 11.60%
Step: 354 | Mode: explore | Action: 3
BLIP2ITMClient.cosine: (480, 640, 3), Seems like there is a bed ahead.
Sticking to last point.
Best value: 11.60%
Step: 355 | Mode: explore | Action: 3
BLIP2ITMClient.cosine: (480, 640, 3), Seems like there is a bed ahead.
Sticking to last point.
Best value: 11.61%
Step: 356 | Mode: explore | Action: 1
BLIP2ITMClient.cosine: (480, 640, 3), Seems like there is a bed ahead.
Sticking to last point.
Best value: 11.61%
Step: 357 | Mode: explore | Action: 3
BLIP2ITMClient.cosine: (480, 640, 3), Seems like there is a bed ahead.
Sticking to last point.
Best value: 11.23%
Step: 358 | Mode: explore | Action: 1
BLIP2ITMClient.cosine: (480, 640, 3), Seems like there is a bed ahead.
Sticking to last point.
Best value: 11.04%
Step: 359 | Mode: explore | Action: 2
BLIP2ITMClient.cosine: (480, 640, 3), Seems like there is a bed ahead.
Sticking to last point.
Best value: 11.29%
Step: 360 | Mode: explore | Action: 1
BLIP2ITMClient.cosine: (480, 640, 3), Seems like there is a bed ahead.
Sticking to last point.
Best value: 11.31%
Step: 361 | Mode: explore | Action: 2
BLIP2ITMClient.cosine: (480, 640, 3), Seems like there is a bed ahead.
Sticking to last point.
Best value: 11.31%
Step: 362 | Mode: explore | Action: 1
BLIP2ITMClient.cosine: (480, 640, 3), Seems like there is a bed ahead.
Sticking to last point.
Best value: 11.31%
Step: 363 | Mode: explore | Action: 2
BLIP2ITMClient.cosine: (480, 640, 3), Seems like there is a bed ahead.
Sticking to last point.
Best value: 11.31%
Step: 364 | Mode: explore | Action: 1
BLIP2ITMClient.cosine: (480, 640, 3), Seems like there is a bed ahead.
Sticking to last point.
Best value: 11.31%
Step: 365 | Mode: explore | Action: 3
BLIP2ITMClient.cosine: (480, 640, 3), Seems like there is a bed ahead.
Sticking to last point.
Best value: 11.31%
Step: 366 | Mode: explore | Action: 3
BLIP2ITMClient.cosine: (480, 640, 3), Seems like there is a bed ahead.
Sticking to last point.
Best value: 11.31%
Step: 367 | Mode: explore | Action: 1
BLIP2ITMClient.cosine: (480, 640, 3), Seems like there is a bed ahead.
Sticking to last point.
Best value: 11.31%
Step: 368 | Mode: explore | Action: 3
BLIP2ITMClient.cosine: (480, 640, 3), Seems like there is a bed ahead.
Sticking to last point.
Best value: 11.15%
Step: 369 | Mode: explore | Action: 1
BLIP2ITMClient.cosine: (480, 640, 3), Seems like there is a bed ahead.
Sticking to last point.
Best value: 11.01%
Step: 370 | Mode: explore | Action: 3
BLIP2ITMClient.cosine: (480, 640, 3), Seems like there is a bed ahead.
Sticking to last point.
Best value: 11.38%
Step: 371 | Mode: explore | Action: 1
BLIP2ITMClient.cosine: (480, 640, 3), Seems like there is a bed ahead.
Sticking to last point.
Best value: 11.63%
Step: 372 | Mode: explore | Action: 3
BLIP2ITMClient.cosine: (480, 640, 3), Seems like there is a bed ahead.
Sticking to last point.
Best value: 11.63%
Step: 373 | Mode: explore | Action: 1
BLIP2ITMClient.cosine: (480, 640, 3), Seems like there is a bed ahead.
Sticking to last point.
Best value: 11.63%
Step: 374 | Mode: explore | Action: 3
BLIP2ITMClient.cosine: (480, 640, 3), Seems like there is a bed ahead.
Sticking to last point.
Best value: 11.63%
Step: 375 | Mode: explore | Action: 1
BLIP2ITMClient.cosine: (480, 640, 3), Seems like there is a bed ahead.
Sticking to last point.
Best value: 11.63%
Step: 376 | Mode: explore | Action: 1
BLIP2ITMClient.cosine: (480, 640, 3), Seems like there is a bed ahead.
Sticking to last point.
Best value: 11.63%
Step: 377 | Mode: explore | Action: 2
BLIP2ITMClient.cosine: (480, 640, 3), Seems like there is a bed ahead.
Sticking to last point.
Best value: 11.63%
Step: 378 | Mode: explore | Action: 2
BLIP2ITMClient.cosine: (480, 640, 3), Seems like there is a bed ahead.
Sticking to last point.
Best value: 11.57%
Step: 379 | Mode: explore | Action: 1
BLIP2ITMClient.cosine: (480, 640, 3), Seems like there is a bed ahead.
Sticking to last point.
Best value: 11.52%
Step: 380 | Mode: explore | Action: 2
BLIP2ITMClient.cosine: (480, 640, 3), Seems like there is a bed ahead.
Sticking to last point.
Best value: 11.47%
Step: 381 | Mode: explore | Action: 1
BLIP2ITMClient.cosine: (480, 640, 3), Seems like there is a bed ahead.
Sticking to last point.
Best value: 11.62%
Step: 382 | Mode: explore | Action: 2
BLIP2ITMClient.cosine: (480, 640, 3), Seems like there is a bed ahead.
Sticking to last point.
Best value: 11.61%
Step: 383 | Mode: explore | Action: 1
BLIP2ITMClient.cosine: (480, 640, 3), Seems like there is a bed ahead.
Sticking to last point.
Best value: 11.60%
Step: 384 | Mode: explore | Action: 2
BLIP2ITMClient.cosine: (480, 640, 3), Seems like there is a bed ahead.
Sticking to last point.
Best value: 11.60%
Step: 385 | Mode: explore | Action: 1
BLIP2ITMClient.cosine: (480, 640, 3), Seems like there is a bed ahead.
Sticking to last point.
Best value: 11.60%
Step: 386 | Mode: explore | Action: 2
BLIP2ITMClient.cosine: (480, 640, 3), Seems like there is a bed ahead.
Sticking to last point.
Best value: 11.60%
Step: 387 | Mode: explore | Action: 1
BLIP2ITMClient.cosine: (480, 640, 3), Seems like there is a bed ahead.
Sticking to last point.
Best value: 11.60%
Step: 388 | Mode: explore | Action: 2
BLIP2ITMClient.cosine: (480, 640, 3), Seems like there is a bed ahead.
Sticking to last point.
Best value: 11.60%
Step: 389 | Mode: explore | Action: 1
BLIP2ITMClient.cosine: (480, 640, 3), Seems like there is a bed ahead.
Sticking to last point.
Best value: 11.60%
Step: 390 | Mode: explore | Action: 3
BLIP2ITMClient.cosine: (480, 640, 3), Seems like there is a bed ahead.
Sticking to last point.
Best value: 11.60%
Step: 391 | Mode: explore | Action: 3
BLIP2ITMClient.cosine: (480, 640, 3), Seems like there is a bed ahead.
Sticking to last point.
Best value: 11.60%
Step: 392 | Mode: explore | Action: 3
BLIP2ITMClient.cosine: (480, 640, 3), Seems like there is a bed ahead.
Sticking to last point.
Best value: 11.61%
Step: 393 | Mode: explore | Action: 1
BLIP2ITMClient.cosine: (480, 640, 3), Seems like there is a bed ahead.
Sticking to last point.
Best value: 11.61%
Step: 394 | Mode: explore | Action: 3
BLIP2ITMClient.cosine: (480, 640, 3), Seems like there is a bed ahead.
Sticking to last point.
Best value: 11.23%
Step: 395 | Mode: explore | Action: 1
BLIP2ITMClient.cosine: (480, 640, 3), Seems like there is a bed ahead.
Sticking to last point.
Best value: 11.04%
Step: 396 | Mode: explore | Action: 2
BLIP2ITMClient.cosine: (480, 640, 3), Seems like there is a bed ahead.
Sticking to last point.
Best value: 11.29%
Step: 397 | Mode: explore | Action: 1
BLIP2ITMClient.cosine: (480, 640, 3), Seems like there is a bed ahead.
Sticking to last point.
Best value: 11.31%
Step: 398 | Mode: explore | Action: 2
BLIP2ITMClient.cosine: (480, 640, 3), Seems like there is a bed ahead.
Sticking to last point.
Best value: 11.31%
Step: 399 | Mode: explore | Action: 1
BLIP2ITMClient.cosine: (480, 640, 3), Seems like there is a bed ahead.
Sticking to last point.
Best value: 11.31%
Step: 400 | Mode: explore | Action: 2
BLIP2ITMClient.cosine: (480, 640, 3), Seems like there is a bed ahead.
Sticking to last point.
Best value: 11.31%
Step: 401 | Mode: explore | Action: 1
BLIP2ITMClient.cosine: (480, 640, 3), Seems like there is a bed ahead.
Sticking to last point.
Best value: 11.31%
Step: 402 | Mode: explore | Action: 3
BLIP2ITMClient.cosine: (480, 640, 3), Seems like there is a bed ahead.
Sticking to last point.
Best value: 11.31%
Step: 403 | Mode: explore | Action: 3
BLIP2ITMClient.cosine: (480, 640, 3), Seems like there is a bed ahead.
Sticking to last point.
Best value: 11.31%
Step: 404 | Mode: explore | Action: 1
BLIP2ITMClient.cosine: (480, 640, 3), Seems like there is a bed ahead.
Sticking to last point.
Best value: 11.31%
Step: 405 | Mode: explore | Action: 3
BLIP2ITMClient.cosine: (480, 640, 3), Seems like there is a bed ahead.
Sticking to last point.
Best value: 11.15%
Step: 406 | Mode: explore | Action: 1
BLIP2ITMClient.cosine: (480, 640, 3), Seems like there is a bed ahead.
Sticking to last point.
Best value: 11.01%
Step: 407 | Mode: explore | Action: 3
BLIP2ITMClient.cosine: (480, 640, 3), Seems like there is a bed ahead.
Sticking to last point.
Best value: 11.38%
Step: 408 | Mode: explore | Action: 1
BLIP2ITMClient.cosine: (480, 640, 3), Seems like there is a bed ahead.
Sticking to last point.
Best value: 11.63%
Step: 409 | Mode: explore | Action: 3
BLIP2ITMClient.cosine: (480, 640, 3), Seems like there is a bed ahead.
Sticking to last point.
Best value: 11.63%
Step: 410 | Mode: explore | Action: 1
BLIP2ITMClient.cosine: (480, 640, 3), Seems like there is a bed ahead.
Sticking to last point.
Best value: 11.63%
Step: 411 | Mode: explore | Action: 3
BLIP2ITMClient.cosine: (480, 640, 3), Seems like there is a bed ahead.
Sticking to last point.
Best value: 11.63%
Step: 412 | Mode: explore | Action: 1
BLIP2ITMClient.cosine: (480, 640, 3), Seems like there is a bed ahead.
Sticking to last point.
Best value: 11.63%
Step: 413 | Mode: explore | Action: 1
BLIP2ITMClient.cosine: (480, 640, 3), Seems like there is a bed ahead.
Sticking to last point.
Best value: 11.63%
Step: 414 | Mode: explore | Action: 2
BLIP2ITMClient.cosine: (480, 640, 3), Seems like there is a bed ahead.
Sticking to last point.
Best value: 11.63%
Step: 415 | Mode: explore | Action: 2
BLIP2ITMClient.cosine: (480, 640, 3), Seems like there is a bed ahead.
Sticking to last point.
Best value: 11.57%
Step: 416 | Mode: explore | Action: 1
BLIP2ITMClient.cosine: (480, 640, 3), Seems like there is a bed ahead.
Sticking to last point.
Best value: 11.51%
Step: 417 | Mode: explore | Action: 2
BLIP2ITMClient.cosine: (480, 640, 3), Seems like there is a bed ahead.
Sticking to last point.
Best value: 11.47%
Step: 418 | Mode: explore | Action: 1
BLIP2ITMClient.cosine: (480, 640, 3), Seems like there is a bed ahead.
Sticking to last point.
Best value: 11.62%
Step: 419 | Mode: explore | Action: 2
BLIP2ITMClient.cosine: (480, 640, 3), Seems like there is a bed ahead.
Sticking to last point.
Best value: 11.61%
Step: 420 | Mode: explore | Action: 1
BLIP2ITMClient.cosine: (480, 640, 3), Seems like there is a bed ahead.
Sticking to last point.
Best value: 11.60%
Step: 421 | Mode: explore | Action: 2
BLIP2ITMClient.cosine: (480, 640, 3), Seems like there is a bed ahead.
Sticking to last point.
Best value: 11.60%
Step: 422 | Mode: explore | Action: 1
BLIP2ITMClient.cosine: (480, 640, 3), Seems like there is a bed ahead.
Sticking to last point.
Best value: 11.60%
Step: 423 | Mode: explore | Action: 2
BLIP2ITMClient.cosine: (480, 640, 3), Seems like there is a bed ahead.
Sticking to last point.
Best value: 11.60%
Step: 424 | Mode: explore | Action: 1
BLIP2ITMClient.cosine: (480, 640, 3), Seems like there is a bed ahead.
Sticking to last point.
Best value: 11.60%
Step: 425 | Mode: explore | Action: 2
BLIP2ITMClient.cosine: (480, 640, 3), Seems like there is a bed ahead.
Sticking to last point.
Best value: 11.60%
Step: 426 | Mode: explore | Action: 1
BLIP2ITMClient.cosine: (480, 640, 3), Seems like there is a bed ahead.
Sticking to last point.
Best value: 11.60%
Step: 427 | Mode: explore | Action: 3
BLIP2ITMClient.cosine: (480, 640, 3), Seems like there is a bed ahead.
Sticking to last point.
Best value: 11.60%
Step: 428 | Mode: explore | Action: 3
BLIP2ITMClient.cosine: (480, 640, 3), Seems like there is a bed ahead.
Sticking to last point.
Best value: 11.60%
Step: 429 | Mode: explore | Action: 3
BLIP2ITMClient.cosine: (480, 640, 3), Seems like there is a bed ahead.
Sticking to last point.
Best value: 11.61%
Step: 430 | Mode: explore | Action: 1
BLIP2ITMClient.cosine: (480, 640, 3), Seems like there is a bed ahead.
Sticking to last point.
Best value: 11.61%
Step: 431 | Mode: explore | Action: 3
BLIP2ITMClient.cosine: (480, 640, 3), Seems like there is a bed ahead.
Sticking to last point.
Best value: 11.23%
Step: 432 | Mode: explore | Action: 1
BLIP2ITMClient.cosine: (480, 640, 3), Seems like there is a bed ahead.
Sticking to last point.
Best value: 11.04%
Step: 433 | Mode: explore | Action: 2
BLIP2ITMClient.cosine: (480, 640, 3), Seems like there is a bed ahead.
Sticking to last point.
Best value: 11.29%
Step: 434 | Mode: explore | Action: 1
BLIP2ITMClient.cosine: (480, 640, 3), Seems like there is a bed ahead.
Sticking to last point.
Best value: 11.31%
Step: 435 | Mode: explore | Action: 2
BLIP2ITMClient.cosine: (480, 640, 3), Seems like there is a bed ahead.
Sticking to last point.
Best value: 11.31%
Step: 436 | Mode: explore | Action: 1
BLIP2ITMClient.cosine: (480, 640, 3), Seems like there is a bed ahead.
Sticking to last point.
Best value: 11.31%
Step: 437 | Mode: explore | Action: 2
BLIP2ITMClient.cosine: (480, 640, 3), Seems like there is a bed ahead.
Sticking to last point.
Best value: 11.31%
Step: 438 | Mode: explore | Action: 1
BLIP2ITMClient.cosine: (480, 640, 3), Seems like there is a bed ahead.
Sticking to last point.
Best value: 11.31%
Step: 439 | Mode: explore | Action: 3
BLIP2ITMClient.cosine: (480, 640, 3), Seems like there is a bed ahead.
Sticking to last point.
Best value: 11.31%
Step: 440 | Mode: explore | Action: 3
BLIP2ITMClient.cosine: (480, 640, 3), Seems like there is a bed ahead.
Sticking to last point.
Best value: 11.31%
Step: 441 | Mode: explore | Action: 1
BLIP2ITMClient.cosine: (480, 640, 3), Seems like there is a bed ahead.
Sticking to last point.
Best value: 11.31%
Step: 442 | Mode: explore | Action: 3
BLIP2ITMClient.cosine: (480, 640, 3), Seems like there is a bed ahead.
Sticking to last point.
Best value: 11.15%
Step: 443 | Mode: explore | Action: 1
BLIP2ITMClient.cosine: (480, 640, 3), Seems like there is a bed ahead.
Sticking to last point.
Best value: 11.01%
Step: 444 | Mode: explore | Action: 3
BLIP2ITMClient.cosine: (480, 640, 3), Seems like there is a bed ahead.
Sticking to last point.
Best value: 11.38%
Step: 445 | Mode: explore | Action: 1
BLIP2ITMClient.cosine: (480, 640, 3), Seems like there is a bed ahead.
Sticking to last point.
Best value: 11.63%
Step: 446 | Mode: explore | Action: 3
BLIP2ITMClient.cosine: (480, 640, 3), Seems like there is a bed ahead.
Sticking to last point.
Best value: 11.63%
Step: 447 | Mode: explore | Action: 1
 97%|█████████▋| 29/30 [22:07<01:06, 66.54s/it]BLIP2ITMClient.cosine: (480, 640, 3), Seems like there is a bed ahead.
Sticking to last point.
Best value: 11.63%
Step: 448 | Mode: explore | Action: 3
BLIP2ITMClient.cosine: (480, 640, 3), Seems like there is a bed ahead.
Sticking to last point.
Best value: 11.63%
Step: 449 | Mode: explore | Action: 1
BLIP2ITMClient.cosine: (480, 640, 3), Seems like there is a bed ahead.
Sticking to last point.
Best value: 11.63%
Step: 450 | Mode: explore | Action: 1
BLIP2ITMClient.cosine: (480, 640, 3), Seems like there is a bed ahead.
Sticking to last point.
Best value: 11.63%
Step: 451 | Mode: explore | Action: 2
BLIP2ITMClient.cosine: (480, 640, 3), Seems like there is a bed ahead.
Sticking to last point.
Best value: 11.63%
Step: 452 | Mode: explore | Action: 2
BLIP2ITMClient.cosine: (480, 640, 3), Seems like there is a bed ahead.
Sticking to last point.
Best value: 11.57%
Step: 453 | Mode: explore | Action: 1
BLIP2ITMClient.cosine: (480, 640, 3), Seems like there is a bed ahead.
Sticking to last point.
Best value: 11.51%
Step: 454 | Mode: explore | Action: 2
BLIP2ITMClient.cosine: (480, 640, 3), Seems like there is a bed ahead.
Sticking to last point.
Best value: 11.47%
Step: 455 | Mode: explore | Action: 1
BLIP2ITMClient.cosine: (480, 640, 3), Seems like there is a bed ahead.
Sticking to last point.
Best value: 11.62%
Step: 456 | Mode: explore | Action: 2
BLIP2ITMClient.cosine: (480, 640, 3), Seems like there is a bed ahead.
Sticking to last point.
Best value: 11.61%
Step: 457 | Mode: explore | Action: 1
BLIP2ITMClient.cosine: (480, 640, 3), Seems like there is a bed ahead.
Sticking to last point.
Best value: 11.60%
Step: 458 | Mode: explore | Action: 2
BLIP2ITMClient.cosine: (480, 640, 3), Seems like there is a bed ahead.
Sticking to last point.
Best value: 11.60%
Step: 459 | Mode: explore | Action: 1
BLIP2ITMClient.cosine: (480, 640, 3), Seems like there is a bed ahead.
Sticking to last point.
Best value: 11.60%
Step: 460 | Mode: explore | Action: 2
BLIP2ITMClient.cosine: (480, 640, 3), Seems like there is a bed ahead.
Sticking to last point.
Best value: 11.60%
Step: 461 | Mode: explore | Action: 1
BLIP2ITMClient.cosine: (480, 640, 3), Seems like there is a bed ahead.
Sticking to last point.
Best value: 11.60%
Step: 462 | Mode: explore | Action: 2
BLIP2ITMClient.cosine: (480, 640, 3), Seems like there is a bed ahead.
Sticking to last point.
Best value: 11.60%
Step: 463 | Mode: explore | Action: 1
BLIP2ITMClient.cosine: (480, 640, 3), Seems like there is a bed ahead.
Sticking to last point.
Best value: 11.60%
Step: 464 | Mode: explore | Action: 3
BLIP2ITMClient.cosine: (480, 640, 3), Seems like there is a bed ahead.
Sticking to last point.
Best value: 11.60%
Step: 465 | Mode: explore | Action: 3
BLIP2ITMClient.cosine: (480, 640, 3), Seems like there is a bed ahead.
Sticking to last point.
Best value: 11.60%
Step: 466 | Mode: explore | Action: 3
BLIP2ITMClient.cosine: (480, 640, 3), Seems like there is a bed ahead.
Sticking to last point.
Best value: 11.61%
Step: 467 | Mode: explore | Action: 1
BLIP2ITMClient.cosine: (480, 640, 3), Seems like there is a bed ahead.
Sticking to last point.
Best value: 11.61%
Step: 468 | Mode: explore | Action: 3
BLIP2ITMClient.cosine: (480, 640, 3), Seems like there is a bed ahead.
Sticking to last point.
Best value: 11.23%
Step: 469 | Mode: explore | Action: 1
BLIP2ITMClient.cosine: (480, 640, 3), Seems like there is a bed ahead.
Sticking to last point.
Best value: 11.04%
Step: 470 | Mode: explore | Action: 2
BLIP2ITMClient.cosine: (480, 640, 3), Seems like there is a bed ahead.
Sticking to last point.
Best value: 11.29%
Step: 471 | Mode: explore | Action: 1
BLIP2ITMClient.cosine: (480, 640, 3), Seems like there is a bed ahead.
Sticking to last point.
Best value: 11.31%
Step: 472 | Mode: explore | Action: 2
BLIP2ITMClient.cosine: (480, 640, 3), Seems like there is a bed ahead.
Sticking to last point.
Best value: 11.31%
Step: 473 | Mode: explore | Action: 1
BLIP2ITMClient.cosine: (480, 640, 3), Seems like there is a bed ahead.
Sticking to last point.
Best value: 11.31%
Step: 474 | Mode: explore | Action: 2
BLIP2ITMClient.cosine: (480, 640, 3), Seems like there is a bed ahead.
Sticking to last point.
Best value: 11.31%
Step: 475 | Mode: explore | Action: 1
BLIP2ITMClient.cosine: (480, 640, 3), Seems like there is a bed ahead.
Sticking to last point.
Best value: 11.31%
Step: 476 | Mode: explore | Action: 3
BLIP2ITMClient.cosine: (480, 640, 3), Seems like there is a bed ahead.
Sticking to last point.
Best value: 11.31%
Step: 477 | Mode: explore | Action: 3
BLIP2ITMClient.cosine: (480, 640, 3), Seems like there is a bed ahead.
Sticking to last point.
Best value: 11.31%
Step: 478 | Mode: explore | Action: 1
BLIP2ITMClient.cosine: (480, 640, 3), Seems like there is a bed ahead.
Sticking to last point.
Best value: 11.31%
Step: 479 | Mode: explore | Action: 3
BLIP2ITMClient.cosine: (480, 640, 3), Seems like there is a bed ahead.
Sticking to last point.
Best value: 11.15%
Step: 480 | Mode: explore | Action: 1
BLIP2ITMClient.cosine: (480, 640, 3), Seems like there is a bed ahead.
Sticking to last point.
Best value: 11.01%
Step: 481 | Mode: explore | Action: 3
BLIP2ITMClient.cosine: (480, 640, 3), Seems like there is a bed ahead.
Sticking to last point.
Best value: 11.38%
Step: 482 | Mode: explore | Action: 1
BLIP2ITMClient.cosine: (480, 640, 3), Seems like there is a bed ahead.
Sticking to last point.
Best value: 11.63%
Step: 483 | Mode: explore | Action: 3
BLIP2ITMClient.cosine: (480, 640, 3), Seems like there is a bed ahead.
Sticking to last point.
Best value: 11.63%
Step: 484 | Mode: explore | Action: 1
BLIP2ITMClient.cosine: (480, 640, 3), Seems like there is a bed ahead.
Sticking to last point.
Best value: 11.63%
Step: 485 | Mode: explore | Action: 3
BLIP2ITMClient.cosine: (480, 640, 3), Seems like there is a bed ahead.
Sticking to last point.
Best value: 11.63%
Step: 486 | Mode: explore | Action: 1
BLIP2ITMClient.cosine: (480, 640, 3), Seems like there is a bed ahead.
Sticking to last point.
Best value: 11.63%
Step: 487 | Mode: explore | Action: 1
BLIP2ITMClient.cosine: (480, 640, 3), Seems like there is a bed ahead.
Sticking to last point.
Best value: 11.63%
Step: 488 | Mode: explore | Action: 2
BLIP2ITMClient.cosine: (480, 640, 3), Seems like there is a bed ahead.
Sticking to last point.
Best value: 11.63%
Step: 489 | Mode: explore | Action: 2
BLIP2ITMClient.cosine: (480, 640, 3), Seems like there is a bed ahead.
Sticking to last point.
Best value: 11.57%
Step: 490 | Mode: explore | Action: 1
BLIP2ITMClient.cosine: (480, 640, 3), Seems like there is a bed ahead.
Sticking to last point.
Best value: 11.51%
Step: 491 | Mode: explore | Action: 2
BLIP2ITMClient.cosine: (480, 640, 3), Seems like there is a bed ahead.
Sticking to last point.
Best value: 11.47%
Step: 492 | Mode: explore | Action: 1
BLIP2ITMClient.cosine: (480, 640, 3), Seems like there is a bed ahead.
Sticking to last point.
Best value: 11.62%
Step: 493 | Mode: explore | Action: 2
BLIP2ITMClient.cosine: (480, 640, 3), Seems like there is a bed ahead.
Sticking to last point.
Best value: 11.61%
Step: 494 | Mode: explore | Action: 1
BLIP2ITMClient.cosine: (480, 640, 3), Seems like there is a bed ahead.
Sticking to last point.
Best value: 11.60%
Step: 495 | Mode: explore | Action: 2
BLIP2ITMClient.cosine: (480, 640, 3), Seems like there is a bed ahead.
Sticking to last point.
Best value: 11.60%
Step: 496 | Mode: explore | Action: 1
BLIP2ITMClient.cosine: (480, 640, 3), Seems like there is a bed ahead.
Sticking to last point.
Best value: 11.60%
Step: 497 | Mode: explore | Action: 2
BLIP2ITMClient.cosine: (480, 640, 3), Seems like there is a bed ahead.
Sticking to last point.
Best value: 11.60%
Step: 498 | Mode: explore | Action: 1
BLIP2ITMClient.cosine: (480, 640, 3), Seems like there is a bed ahead.
Sticking to last point.
Best value: 11.60%
Step: 499 | Mode: explore | Action: 2
Success rate: 51.72% (15 out of 29)
Episode 14 in scene wcojb4TFT35 failed due to 'never_saw_target_did_not_travel_stairs_likely_infeasible'.
Logging episode 0014 to results/pilot/vlfm_original_jsons/14_wcojb4TFT35.json
100%|██████████| 30/30 [22:22<00:00, 51.07s/it]100%|██████████| 30/30 [22:22<00:00, 44.75s/it]
2026-04-13 11:59:46,360 Average episode reward: 3.3114
2026-04-13 11:59:46,360 Average episode distance_to_goal: 6.7293
2026-04-13 11:59:46,360 Average episode success: 0.5333
2026-04-13 11:59:46,360 Average episode spl: 0.3212
2026-04-13 11:59:46,360 Average episode soft_spl: 0.3382
2026-04-13 11:59:46,360 Average episode distance_to_goal_reward: 0.0081
2026-04-13 11:59:46,360 Average episode traveled_stairs: 0.0333
2026-04-13 11:59:46,360 Average episode yaw: -1.0000
2026-04-13 11:59:46,360 Average episode target_detected: 0.8667
2026-04-13 11:59:46,360 Average episode stop_called: 0.8667
[11:59:46:361054]:[Physics] PhysicsManager.cpp(54)::~PhysicsManager : Deconstructing PhysicsManager
[11:59:46:361103]:[Scene] SceneManager.h(21)::~SceneManager : Deconstructing SceneManager
[11:59:46:361107]:[Scene] SceneGraph.h(25)::~SceneGraph : Deconstructing SceneGraph
[11:59:46:361352]:[Sensor] Sensor.cpp(69)::~Sensor : Deconstructing Sensor
[11:59:46:361510]:[Sensor] Sensor.cpp(69)::~Sensor : Deconstructing Sensor
[11:59:46:361519]:[Scene] SceneGraph.h(25)::~SceneGraph : Deconstructing SceneGraph
[11:59:46:361610]:[Scene] SemanticScene.h(48)::~SemanticScene : Deconstructing SemanticScene
[11:59:46:364546]:[Gfx] Renderer.cpp(71)::~Impl : Deconstructing Renderer
[11:59:46:364570]:[Gfx] WindowlessContext.h(17)::~WindowlessContext : Deconstructing WindowlessContext
BLIP2ITMClient.cosine: (480, 640, 3), Seems like there is a bed ahead.
Step: 0 | Mode: initialize | Action: 2
BLIP2ITMClient.cosine: (480, 640, 3), Seems like there is a bed ahead.
Step: 1 | Mode: initialize | Action: 2
BLIP2ITMClient.cosine: (480, 640, 3), Seems like there is a bed ahead.
Step: 2 | Mode: initialize | Action: 2
BLIP2ITMClient.cosine: (480, 640, 3), Seems like there is a bed ahead.
Step: 3 | Mode: initialize | Action: 2
BLIP2ITMClient.cosine: (480, 640, 3), Seems like there is a bed ahead.
Step: 4 | Mode: initialize | Action: 2
BLIP2ITMClient.cosine: (480, 640, 3), Seems like there is a bed ahead.
Step: 5 | Mode: initialize | Action: 2
BLIP2ITMClient.cosine: (480, 640, 3), Seems like there is a bed ahead.
Step: 6 | Mode: initialize | Action: 2
BLIP2ITMClient.cosine: (480, 640, 3), Seems like there is a bed ahead.
Step: 7 | Mode: initialize | Action: 2
BLIP2ITMClient.cosine: (480, 640, 3), Seems like there is a bed ahead.
Step: 8 | Mode: initialize | Action: 2
BLIP2ITMClient.cosine: (480, 640, 3), Seems like there is a bed ahead.
Step: 9 | Mode: initialize | Action: 2
BLIP2ITMClient.cosine: (480, 640, 3), Seems like there is a bed ahead.
Step: 10 | Mode: initialize | Action: 2
BLIP2ITMClient.cosine: (480, 640, 3), Seems like there is a bed ahead.
Step: 11 | Mode: initialize | Action: 2
BLIP2ITMClient.cosine: (480, 640, 3), Seems like there is a bed ahead.
Best value: 15.15%
Step: 12 | Mode: explore | Action: 2
BLIP2ITMClient.cosine: (480, 640, 3), Seems like there is a bed ahead.
Sticking to last point.
Best value: 14.54%
Step: 13 | Mode: explore | Action: 2
BLIP2ITMClient.cosine: (480, 640, 3), Seems like there is a bed ahead.
Sticking to last point.
Best value: 15.35%
Step: 14 | Mode: explore | Action: 2
BLIP2ITMClient.cosine: (480, 640, 3), Seems like there is a bed ahead.
Sticking to last point.
Best value: 15.36%
Step: 15 | Mode: explore | Action: 1
BLIP2ITMClient.cosine: (480, 640, 3), Seems like there is a bed ahead.
Sticking to last point.
Best value: 15.36%
Step: 16 | Mode: explore | Action: 3
BLIP2ITMClient.cosine: (480, 640, 3), Seems like there is a bed ahead.
Sticking to last point.
Best value: 15.56%
Step: 17 | Mode: explore | Action: 1
BLIP2ITMClient.cosine: (480, 640, 3), Seems like there is a bed ahead.
Sticking to last point.
Best value: 15.49%
Step: 18 | Mode: explore | Action: 3
BLIP2ITMClient.cosine: (480, 640, 3), Seems like there is a bed ahead.
Sticking to last point.
Best value: 14.50%
Step: 19 | Mode: explore | Action: 1
BLIP2ITMClient.cosine: (480, 640, 3), Seems like there is a bed ahead.
Sticking to last point.
Best value: 14.42%
Step: 20 | Mode: explore | Action: 1
BLIP2ITMClient.cosine: (480, 640, 3), Seems like there is a bed ahead.
Sticking to last point.
Best value: 13.99%
Step: 21 | Mode: explore | Action: 3
BLIP2ITMClient.cosine: (480, 640, 3), Seems like there is a bed ahead.
Sticking to last point.
Best value: 14.20%
Step: 22 | Mode: explore | Action: 1
BLIP2ITMClient.cosine: (480, 640, 3), Seems like there is a bed ahead.
Sticking to last point.
Best value: 14.23%
Step: 23 | Mode: explore | Action: 3
BLIP2ITMClient.cosine: (480, 640, 3), Seems like there is a bed ahead.
Best value: 15.76%
Step: 24 | Mode: explore | Action: 2
BLIP2ITMClient.cosine: (480, 640, 3), Seems like there is a bed ahead.
Sticking to last point.
Best value: 15.17%
Step: 25 | Mode: explore | Action: 1
BLIP2ITMClient.cosine: (480, 640, 3), Seems like there is a bed ahead.
Sticking to last point.
Best value: 16.44%
Step: 26 | Mode: explore | Action: 1
BLIP2ITMClient.cosine: (480, 640, 3), Seems like there is a bed ahead.
Best value: 16.48%
Step: 27 | Mode: explore | Action: 1
BLIP2ITMClient.cosine: (480, 640, 3), Seems like there is a bed ahead.
Sticking to last point.
Best value: 17.93%
Step: 28 | Mode: explore | Action: 1
BLIP2ITMClient.cosine: (480, 640, 3), Seems like there is a bed ahead.
Sticking to last point.
Best value: 17.93%
Step: 29 | Mode: explore | Action: 1
BLIP2ITMClient.cosine: (480, 640, 3), Seems like there is a bed ahead.
Sticking to last point.
Best value: 17.93%
Step: 30 | Mode: explore | Action: 3
BLIP2ITMClient.cosine: (480, 640, 3), Seems like there is a bed ahead.
Step: 31 | Mode: navigate | Action: 1
BLIP2ITMClient.cosine: (480, 640, 3), Seems like there is a bed ahead.
Step: 32 | Mode: navigate | Action: 1
BLIP2ITMClient.cosine: (480, 640, 3), Seems like there is a bed ahead.
Step: 33 | Mode: navigate | Action: 1
BLIP2ITMClient.cosine: (480, 640, 3), Seems like there is a bed ahead.
Best value: 18.00%
Step: 34 | Mode: explore | Action: 1
BLIP2ITMClient.cosine: (480, 640, 3), Seems like there is a bed ahead.
Sticking to last point.
Best value: 18.21%
Step: 35 | Mode: explore | Action: 1
BLIP2ITMClient.cosine: (480, 640, 3), Seems like there is a bed ahead.
Sticking to last point.
Best value: 18.83%
Step: 36 | Mode: explore | Action: 1
BLIP2ITMClient.cosine: (480, 640, 3), Seems like there is a bed ahead.
Sticking to last point.
Best value: 18.83%
Step: 37 | Mode: explore | Action: 1
BLIP2ITMClient.cosine: (480, 640, 3), Seems like there is a bed ahead.
Sticking to last point.
Best value: 18.22%
Step: 38 | Mode: explore | Action: 3
BLIP2ITMClient.cosine: (480, 640, 3), Seems like there is a bed ahead.
Step: 39 | Mode: navigate | Action: 1
BLIP2ITMClient.cosine: (480, 640, 3), Seems like there is a bed ahead.
Step: 40 | Mode: navigate | Action: 1
BLIP2ITMClient.cosine: (480, 640, 3), Seems like there is a bed ahead.
Step: 41 | Mode: navigate | Action: 1
BLIP2ITMClient.cosine: (480, 640, 3), Seems like there is a bed ahead.
Step: 42 | Mode: navigate | Action: 1
BLIP2ITMClient.cosine: (480, 640, 3), Seems like there is a bed ahead.
Step: 43 | Mode: navigate | Action: 0
Success rate: 53.33% (16 out of 30)
Logging episode 0004 to results/pilot/vlfm_original_jsons/4_wcojb4TFT35.json
wall_time_seconds=1354.40
